Disaster_ID,Country_Code,Country,Year,Month,Day,Latitude,Longitude,Location,Disaster_Type,River_Basin,Deaths,Affected,Damage_USD,Population,Annual_Precipitation_mm,Precipitation_Wettest_Month_mm,Avg_River_Discharge_m3s,Season,Is_Monsoon,Severe
1910-0019-JPN,JPN,Japan,1910,8,6,22.172,95.434,Unknown,Flood (General),Unknown,1379,0,0,96337125,511.5,70.06666667,108.9076711,summer,monsoon,1
1911-0002-CHN,CHN,China,1911,7,15,22.172,95.434,Unknown,Riverine flood,Unknown,100000,0,0,96337125,511.5,70.06666667,2227.122359,summer,monsoon,1
1915-0011-CHN,CHN,China,1915,7,15,22.172,95.434,Guangzhou,Riverine flood,Unknown,0,3000000,0,96337125,511.5,70.06666667,2227.122359,summer,monsoon,1
1917-0013-CHN,CHN,China,1917,7,15,22.172,95.434,Tianjin,Riverine flood,Unknown,0,635000,0,96337125,511.5,70.06666667,2227.122359,summer,monsoon,1
1926-0008-IND,IND,India,1926,7,19,22.172,95.434,Bengal,Riverine flood,Unknown,0,0,0,96337125,429.8333333,48.33333333,1254.5155,summer,monsoon,0
1928-0018-IND,IND,India,1928,10,19,22.172,95.434,"Godavari, Vizagapatnam",Flood (General),Unknown,36,0,0,96337125,429.8333333,48.33333333,1254.5155,autumn,NoMonsoon,0
1931-0007-CHN,CHN,China,1931,7,15,22.172,95.434,Unknown,Riverine flood,Unknown,3700000,0,1400000,96337125,511.5,70.06666667,2227.122359,summer,monsoon,1
1933-0013-CHN,CHN,China,1933,7,15,22.172,95.434,"Henan, Hebei, Shandong, Jiangsy",Riverine flood,Unknown,18000,0,0,96337125,511.5,70.06666667,2227.122359,summer,monsoon,1
1935-0019-CHN,CHN,China,1935,7,15,22.172,95.434,"Hubei, Hunan, Jiangxi, Anhui, Jiangsu and Zhejiang",Flood (General),Changiyang river,142000,10030000,33000,96337125,511.5,70.06666667,2227.122359,summer,monsoon,1
1938-0017-JPN,JPN,Japan,1938,6,15,22.172,95.434,Mount Rokkō area (Hyōgo Prefecture),Flood (General),Unknown,933,0,0,96337125,511.5,70.06666667,108.9076711,summer,monsoon,1
1939-0006-CHN,CHN,China,1939,7,15,22.172,95.434,Honan province,Riverine flood,Unknown,500000,0,0,96337125,511.5,70.06666667,2227.122359,summer,monsoon,1
1943-0028-JPN,JPN,Japan,1943,9,20,22.172,95.434,Unknown,Flood (General),Unknown,990,0,0,96337125,511.5,70.06666667,108.9076711,autumn,monsoon,1
1947-0002-JPN,JPN,Japan,1947,7,15,22.172,95.434,Honshu Island,Flood (General),Unknown,2000,0,0,96337125,511.5,70.06666667,108.9076711,summer,monsoon,1
1948-0017-TUR,TUR,Türkiye,1948,2,15,22.172,95.434,Unknown,Flood (General),Unknown,200,0,0,96337125,713.75,103.25,118.8255714,winter,NoMonsoon,0
1948-0020-CHN,CHN,China,1948,5,15,22.172,95.434,Unknown,Flood (General),Unknown,330,0,0,96337125,511.5,70.06666667,2227.122359,spring,NoMonsoon,0
1948-0021-TUR,TUR,Türkiye,1948,6,15,22.172,95.434,Unknown,Flood (General),Unknown,132,0,0,96337125,713.75,103.25,118.8255714,summer,monsoon,0
1949-0025-CHN,CHN,China,1949,7,15,22.172,95.434,Unknown,Flood (General),Unknown,57000,0,0,96337125,511.5,70.06666667,2227.122359,summer,monsoon,1
1950-0001-PAK,PAK,Pakistan,1950,7,15,22.172,95.434,Unknown,Riverine flood,Unknown,2900,0,0,96337125,511.5,75.33333333,351.4056296,summer,monsoon,1
1950-0006-IND,IND,India,1950,7,11,22.172,95.434,Saurashtra,Riverine flood,Unknown,45,25000,0,96337125,429.8333333,48.33333333,1254.5155,summer,monsoon,0
1950-0007-CHN,CHN,China,1950,8,14,22.172,95.434,Anhwei province,Flood (General),Unknown,500,10000000,0,96337125,511.5,70.06666667,2227.122359,summer,monsoon,1
1950-0024-IRN,IRN,Iran (Islamic Republic of),1950,6,15,22.172,95.434,Unknown,Flood (General),Unknown,52,0,0,96337125,650.625,84.25,61.52216667,summer,monsoon,0
1950-0025-JPN,JPN,Japan,1950,6,15,22.172,95.434,Unknown,Flood (General),Unknown,50,0,0,96337125,511.5,70.06666667,108.9076711,summer,monsoon,0
1950-0026-IND,IND,India,1950,6,15,22.172,95.434,Unknown,Flood (General),Unknown,100,0,0,96337125,429.8333333,48.33333333,1254.5155,summer,monsoon,0
1950-0030-JPN,JPN,Japan,1950,8,15,22.172,95.434,Unknown,Flood (General),Unknown,77,0,0,96337125,511.5,70.06666667,108.9076711,summer,monsoon,0
1951-0013-JPN,JPN,Japan,1951,7,15,22.172,95.434,Western Japan,Flood (General),Unknown,306,318534,0,96337125,511.5,70.06666667,108.9076711,summer,monsoon,1
1951-0018-CHN,CHN,China,1951,8,28,22.172,95.434,Manchuria,Flood (General),Unknown,4800,0,0,96337125,511.5,70.06666667,2227.122359,summer,monsoon,1
1951-0040-IRN,IRN,Iran (Islamic Republic of),1951,11,15,22.172,95.434,Unknown,Flood (General),Unknown,225,0,0,96337125,650.625,84.25,61.52216667,autumn,NoMonsoon,0
1953-0013-JPN,JPN,Japan,1953,6,23,22.172,95.434,Most of the nation,Flood (General),Unknown,2566,1886760,0,96337125,511.5,70.06666667,108.9076711,summer,monsoon,1
1953-0038-IDN,IDN,Indonesia,1953,2,15,22.172,95.434,Unknown,Flood (General),Unknown,114,0,0,96337125,511.5,70.06666667,48.10376923,winter,NoMonsoon,0
1953-0045-IND,IND,India,1953,6,15,22.172,95.434,Unknown,Flood (General),Unknown,80,0,0,96337125,429.8333333,48.33333333,1254.5155,summer,monsoon,0
1953-0048-JPN,JPN,Japan,1953,7,18,22.172,95.434,Kii Peninsula (Wakayama Prefecture),Flood (General),Unknown,1124,0,0,96337125,511.5,70.06666667,108.9076711,summer,monsoon,1
1953-0049-IRN,IRN,Iran (Islamic Republic of),1953,8,15,22.172,95.434,Unknown,Flood (General),Unknown,467,0,0,96337125,650.625,84.25,61.52216667,summer,monsoon,0
1953-0050-IRN,IRN,Iran (Islamic Republic of),1953,8,15,22.172,95.434,Unknown,Flood (General),Unknown,265,0,0,96337125,650.625,84.25,61.52216667,summer,monsoon,0
1953-0051-JPN,JPN,Japan,1953,8,15,22.172,95.434,Unknown,Flood (General),Unknown,377,0,0,96337125,511.5,70.06666667,108.9076711,summer,monsoon,0
1954-0007-IRQ,IRQ,Iraq,1954,3,15,22.172,95.434,Tigris,Flood (General),Unknown,0,0,50000,96337125,393,42,947.8885,spring,NoMonsoon,0
1954-0010-CHN,CHN,China,1954,7,15,22.172,95.434,Tibet,Flood (General),Unknown,2000,0,0,96337125,511.5,70.06666667,2227.122359,summer,monsoon,1
1954-0013-IRN,IRN,Iran (Islamic Republic of),1954,8,17,22.172,95.434,Kazvin district (Teheran),Flash flood,Unknown,2000,0,1000,96337125,650.625,84.25,61.52216667,summer,monsoon,1
1954-0014-CHN,CHN,China,1954,6,15,22.172,95.434,"Hubei, Jingzhou, Hubei, Wuhan provinces",Flood (General),Yangtze River,30000,0,0,96337125,511.5,70.06666667,2227.122359,summer,monsoon,1
1954-0050-NPL,NPL,Nepal,1954,8,15,22.172,95.434,Unknown,Flood (General),Unknown,60,0,0,96337125,511.5,70.06666667,328.7334667,summer,monsoon,0
1954-0052-PAK,PAK,Pakistan,1954,8,15,22.172,95.434,Unknown,Flood (General),Unknown,300,0,0,96337125,511.5,75.33333333,351.4056296,summer,monsoon,0
1954-0056-PAK,PAK,Pakistan,1954,9,15,22.172,95.434,Unknown,Flood (General),Unknown,46,0,0,96337125,511.5,75.33333333,351.4056296,autumn,monsoon,0
1955-0050-LBN,LBN,Lebanon,1955,12,15,22.172,95.434,Unknown,Flood (General),Unknown,440,0,0,96337125,511.5,70.06666667,328.7334667,winter,NoMonsoon,0
1956-0001-CHN,CHN,China,1956,7,15,22.172,95.434,Unknown,Flood (General),Unknown,2000,0,0,96337125,511.5,70.06666667,2227.122359,summer,monsoon,1
1956-0010-IRN,IRN,Iran (Islamic Republic of),1956,7,15,22.172,95.434,Kashan province,Flood (General),Unknown,1000,0,0,96337125,650.625,84.25,61.52216667,summer,monsoon,1
1956-0012-IND,IND,India,1956,8,1,22.172,95.434,"Gujarat, Saurashtra, Kutch",Flood (General),Unknown,0,0,0,96337125,429.8333333,48.33333333,1254.5155,summer,monsoon,0
1956-0016-IND,IND,India,1956,9,9,22.172,95.434,"Bihar, Uttar Pradesh",Flood (General),Unknown,100,0,0,96337125,429.8333333,48.33333333,1254.5155,autumn,monsoon,0
1956-0039-AFG,AFG,Afghanistan,1956,7,15,22.172,95.434,Unknown,Flood (General),Unknown,51,0,0,96337125,526,70.06666667,68.6501,summer,monsoon,0
1956-0041-PAK,PAK,Pakistan,1956,8,15,22.172,95.434,Unknown,Flood (General),Unknown,270,0,0,96337125,511.5,75.33333333,351.4056296,summer,monsoon,0
1956-0042-TUR,TUR,Türkiye,1956,8,15,22.172,95.434,Unknown,Flood (General),Unknown,138,0,0,96337125,713.75,103.25,118.8255714,summer,monsoon,0
1956-0046-IND,IND,India,1956,10,15,22.172,95.434,Unknown,Flood (General),Unknown,50,0,0,96337125,429.8333333,48.33333333,1254.5155,autumn,NoMonsoon,0
1957-0007-JPN,JPN,Japan,1957,7,15,22.172,95.434,Kyushu Isl.,Flood (General),Unknown,992,258240,0,96337125,511.5,70.06666667,108.9076711,summer,monsoon,1
1957-0010-IND,IND,India,1957,9,9,22.172,95.434,"Madya Pradesh, Uttar Pradesh",Flood (General),Unknown,42,10000,0,96337125,429.8333333,48.33333333,1254.5155,autumn,monsoon,0
1957-0033-CHN,CHN,China,1957,7,15,22.172,95.434,Unknown,Flood (General),Unknown,560,0,0,96337125,511.5,70.06666667,2227.122359,summer,monsoon,1
1957-0034-KOR,KOR,Republic of Korea,1957,8,15,22.172,95.434,Unknown,Flood (General),Unknown,247,0,0,96337125,511.5,70.06666667,213.3785,summer,monsoon,0
1957-0035-PAK,PAK,Pakistan,1957,8,15,22.172,95.434,Unknown,Flood (General),Unknown,75,0,0,96337125,511.5,75.33333333,351.4056296,summer,monsoon,0
1957-0036-TUR,TUR,Türkiye,1957,9,15,22.172,95.434,Unknown,Flood (General),Unknown,99,0,0,96337125,713.75,103.25,118.8255714,autumn,monsoon,0
1957-0037-IRN,IRN,Iran (Islamic Republic of),1957,9,15,22.172,95.434,Unknown,Flood (General),Unknown,122,0,0,96337125,650.625,84.25,61.52216667,autumn,monsoon,0
1957-0038-IND,IND,India,1957,9,15,22.172,95.434,Unknown,Flood (General),Unknown,92,0,0,96337125,429.8333333,48.33333333,1254.5155,autumn,monsoon,0
1957-0041-IND,IND,India,1957,11,15,22.172,95.434,Unknown,Flood (General),Unknown,53,0,0,96337125,429.8333333,48.33333333,1254.5155,autumn,NoMonsoon,0
1958-0015-IND,IND,India,1958,11,15,22.172,95.434,Madras city,Flood (General),Unknown,5,5000,0,96337125,429.8333333,48.33333333,1254.5155,autumn,NoMonsoon,0
1959-0006-CHN,CHN,China,1959,7,15,22.172,95.434,North,Flood (General),Unknown,2000000,0,0,96337125,511.5,70.06666667,2227.122359,summer,monsoon,1
1959-0007-IND,IND,India,1959,7,4,22.172,95.434,Kutch,Flood (General),Unknown,17,13000,0,96337125,429.8333333,48.33333333,1254.5155,summer,monsoon,0
1959-0034-CHN,CHN,China,1959,6,15,22.172,95.434,Unknown,Flood (General),Unknown,187,0,0,96337125,511.5,70.06666667,2227.122359,summer,monsoon,0
1959-0036-PAK,PAK,Pakistan,1959,7,15,22.172,95.434,Unknown,Flood (General),Unknown,100,0,0,96337125,511.5,75.33333333,351.4056296,summer,monsoon,0
1959-0037-JPN,JPN,Japan,1959,7,15,22.172,95.434,Unknown,Flood (General),Unknown,41,0,0,96337125,511.5,70.06666667,108.9076711,summer,monsoon,0
1959-0038-IND,IND,India,1959,7,15,22.172,95.434,Unknown,Flood (General),Unknown,104,0,0,96337125,429.8333333,48.33333333,1254.5155,summer,monsoon,0
1959-0039-KOR,KOR,Republic of Korea,1959,7,15,22.172,95.434,Unknown,Flood (General),Unknown,62,0,0,96337125,511.5,70.06666667,213.3785,summer,monsoon,0
1959-0046-IND,IND,India,1959,9,15,22.172,95.434,Unknown,Flood (General),Unknown,500,0,0,96337125,429.8333333,48.33333333,1254.5155,autumn,monsoon,0
1960-0001-BGD,BGD,Bangladesh,1960,7,15,22.172,95.434,Unknown,Flood (General),Unknown,10000,0,0,51828660,511.5,70.06666667,11968.294,summer,monsoon,1
1960-0032-IND,IND,India,1960,11,10,22.172,95.434,"Maduri, Madras City",Flood (General),Unknown,5,160000,0,435990338,429.8333333,48.33333333,1254.5155,autumn,NoMonsoon,1
1960-0040-HKG,HKG,"China, Hong Kong Special Administrative Region",1960,5,6,22.172,95.434,"Yuen Long, Sheung Shui (New Territories)",Flood (General),Unknown,15,7000,0,3094840,511.5,70.06666667,0.1455,spring,NoMonsoon,0
1960-0051-IND,IND,India,1960,7,15,22.172,95.434,Unknown,Flood (General),Unknown,30,0,0,435990338,429.8333333,48.33333333,1254.5155,summer,monsoon,0
1960-0054-IND,IND,India,1960,8,15,22.172,95.434,Unknown,Flood (General),Unknown,47,0,0,435990338,429.8333333,48.33333333,1254.5155,summer,monsoon,0
1960-0056-IND,IND,India,1960,9,15,22.172,95.434,Unknown,Flood (General),Unknown,155,0,0,435990338,429.8333333,48.33333333,1254.5155,autumn,monsoon,0
1961-0006-JPN,JPN,Japan,1961,6,15,22.172,95.434,Entire Nation except Hokkaido,Flood (General),Unknown,357,1302249,0,94055000,511.5,70.06666667,108.9076711,summer,monsoon,1
1961-0007-IND,IND,India,1961,7,15,22.172,95.434,North,Flood (General),Unknown,2000,0,0,446564729,429.8333333,48.33333333,1254.5155,summer,monsoon,1
1961-0009-IND,IND,India,1961,9,6,22.172,95.434,"Central, West India",Flood (General),Unknown,0,0,0,446564729,429.8333333,48.33333333,1254.5155,autumn,monsoon,0
1961-0012-IND,IND,India,1961,10,9,22.172,95.434,Uttar Pradesh,Flood (General),Unknown,57,0,0,446564729,429.8333333,48.33333333,1254.5155,autumn,NoMonsoon,0
1961-0030-HKG,HKG,"China, Hong Kong Special Administrative Region",1961,4,24,22.172,95.434,Tsuen Wan area (New Territories),Flood (General),Unknown,0,135,0,3168100,511.5,70.06666667,0.1455,spring,NoMonsoon,0
1961-0048-KOR,KOR,Republic of Korea,1961,7,15,22.172,95.434,Unknown,Flood (General),Unknown,249,0,0,25765673,511.5,70.06666667,213.3785,summer,monsoon,0
1961-0050-IND,IND,India,1961,10,15,22.172,95.434,Unknown,Flood (General),Unknown,1000,0,0,446564729,429.8333333,48.33333333,1254.5155,autumn,NoMonsoon,1
1962-0028-JPN,JPN,Japan,1962,7,15,22.172,95.434,Unknown,Flood (General),Unknown,71,0,0,94933000,511.5,70.06666667,108.9076711,summer,monsoon,0
1962-0034-IND,IND,India,1962,8,15,22.172,95.434,Unknown,Flood (General),Unknown,100,0,0,457283090,429.8333333,48.33333333,1254.5155,summer,monsoon,0
1962-0035-KOR,KOR,Republic of Korea,1962,8,15,22.172,95.434,Unknown,Flood (General),Unknown,290,0,0,26513030,511.5,70.06666667,213.3785,summer,monsoon,0
1962-0036-IND,IND,India,1962,9,15,22.172,95.434,Unknown,Flood (General),Unknown,73,0,0,457283090,429.8333333,48.33333333,1254.5155,autumn,monsoon,0
1963-0063-JOR,JOR,Jordan,1963,4,15,22.172,95.434,Unknown,Flood (General),Unknown,25,0,0,984714,511.5,70.06666667,4.15425,spring,NoMonsoon,0
1963-0065-AFG,AFG,Afghanistan,1963,4,15,22.172,95.434,Unknown,Flood (General),Unknown,107,0,0,9604487,526,70.06666667,68.6501,spring,NoMonsoon,0
1963-0069-BGD,BGD,Bangladesh,1963,7,15,22.172,95.434,Unknown,Flood (General),Unknown,30,0,0,56504402,511.5,70.06666667,11968.294,summer,monsoon,0
1963-0070-IND,IND,India,1963,7,15,22.172,95.434,Unknown,Flood (General),Unknown,200,0,0,468138575,429.8333333,48.33333333,1254.5155,summer,monsoon,0
1964-0018-TUR,TUR,Türkiye,1964,3,10,22.172,95.434,Western-Eskisehir,Flood (General),Unknown,0,3000,0,31543072,713.75,103.25,118.8255714,spring,NoMonsoon,0
1964-0023-SAU,SAU,Saudi Arabia,1964,4,4,22.172,95.434,Nedjaran,Flash flood,Unknown,20,1000,0,2821968,647.125,84.375,328.7334667,spring,NoMonsoon,0
1964-0038-IND,IND,India,1964,7,15,22.172,95.434,"Assam, Bihar, Punjab",Flood (General),Unknown,145,752210,0,479229598,429.8333333,48.33333333,1254.5155,summer,monsoon,1
1964-0039-BGD,BGD,Bangladesh,1964,7,15,22.172,95.434,"Rangpur, Comilla",Flood (General),Unknown,0,1000000,5000,58178374,511.5,70.06666667,11968.294,summer,monsoon,1
1964-0055-IND,IND,India,1964,10,15,22.172,95.434,Andhra Pradesh,Flood (General),Unknown,0,18400,500,479229598,429.8333333,48.33333333,1254.5155,autumn,NoMonsoon,0
1964-0056-PAK,PAK,Pakistan,1964,10,15,22.172,95.434,Lahore district,Flood (General),Unknown,0,74427,500,50799999,511.5,75.33333333,351.4056296,autumn,NoMonsoon,0
1964-0093-JPN,JPN,Japan,1964,7,15,22.172,95.434,Unknown,Flood (General),Unknown,136,0,0,96903000,511.5,70.06666667,108.9076711,summer,monsoon,0
1964-0097-IND,IND,India,1964,9,15,22.172,95.434,Unknown,Flood (General),Unknown,51,0,0,479229598,429.8333333,48.33333333,1254.5155,autumn,monsoon,0
1964-0101-IND,IND,India,1964,9,15,22.172,95.434,Unknown,Flood (General),Unknown,36,0,0,479229598,429.8333333,48.33333333,1254.5155,autumn,monsoon,0
1964-0102-VNM,VNM,Viet Nam,1964,12,15,22.172,95.434,Unknown,Flood (General),Unknown,400,0,0,36201563,511.5,70.06666667,1358.849333,winter,NoMonsoon,0
1965-0007-JOR,JOR,Jordan,1965,1,13,22.172,95.434,Amman to Ma-An,Flood (General),Unknown,8,500,1000,1099440,511.5,70.06666667,4.15425,winter,NoMonsoon,0
1965-0043-KOR,KOR,Republic of Korea,1965,7,15,22.172,95.434,Nationwide,Flood (General),Unknown,323,321000,36500,28704674,511.5,70.06666667,213.3785,summer,monsoon,1
1965-0044-JPN,JPN,Japan,1965,7,20,22.172,95.434,West,Flood (General),Unknown,28,0,0,97952000,511.5,70.06666667,108.9076711,summer,monsoon,0
1965-0056-JPN,JPN,Japan,1965,9,18,22.172,95.434,South,Flood (General),Unknown,114,3000000,90000,97952000,511.5,70.06666667,108.9076711,autumn,monsoon,1
1965-0063-MMR,MMR,Myanmar,1965,11,10,22.172,95.434,Yamenthin district,Flood (General),Unknown,34,0,0,24279431,511.5,70.06666667,4552.1444,autumn,NoMonsoon,0
1965-0066-MYS,MYS,Malaysia,1965,12,3,22.172,95.434,Peninsular East coast,Flood (General),Unknown,6,300000,1000,9056408,511.5,70.06666667,206.0363415,winter,NoMonsoon,1
1966-0035-JOR,JOR,Jordan,1966,3,11,22.172,95.434,Maian,Flash flood,Unknown,259,3200,1400,1178360,511.5,70.06666667,4.15425,spring,NoMonsoon,0
1966-0036-IDN,IDN,Indonesia,1966,3,14,22.172,95.434,"Central, East Java",Riverine flood,Unknown,176,524000,33000,103792754,511.5,70.06666667,48.10376923,spring,NoMonsoon,1
1966-0046-IND,IND,India,1966,6,15,22.172,95.434,"Manipur, Assam",Flood (General),Unknown,47,900000,1400,500740247,429.8333333,48.33333333,1254.5155,summer,monsoon,1
1966-0047-BGD,BGD,Bangladesh,1966,6,15,22.172,95.434,Sylhet,Flood (General),Unknown,39,500000,1000,61669806,511.5,70.06666667,11968.294,summer,monsoon,1
1966-0050-HKG,HKG,"China, Hong Kong Special Administrative Region",1966,6,11,22.172,95.434,Unknown,Flood (General),Unknown,65,8561,8000,3629900,511.5,70.06666667,0.1455,summer,monsoon,0
1966-0057-MNG,MNG,Mongolia,1966,7,11,22.172,95.434,Ulan Bator,Flood (General),Unknown,57,250000,25000,1163754,511.5,70.06666667,27.68008333,summer,monsoon,1
1966-0059-KOR,KOR,Republic of Korea,1966,7,24,22.172,95.434,"Seoul, Kyonggi",Flood (General),Unknown,95,131904,1900,29435571,511.5,70.06666667,213.3785,summer,monsoon,1
1966-0064-LAO,LAO,Lao People's Democratic Republic,1966,8,25,22.172,95.434,Unknown,Riverine flood,Unknown,300,70000,15300,2431084,511.5,70.06666667,1192.554816,summer,monsoon,0
1966-0066-LKA,LKA,Sri Lanka,1966,9,15,22.172,95.434,Southwest,Flood (General),Unknown,23,252347,5000,11183928,511.5,70.06666667,119.3917143,autumn,monsoon,1
1966-0067-THA,THA,Thailand,1966,9,15,22.172,95.434,Chiengrai to Ubon,Riverine flood,Unknown,6,200000,1000,32086071,511.5,70.06666667,454.353,autumn,monsoon,1
1966-0069-IRN,IRN,Iran (Islamic Republic of),1966,9,13,22.172,95.434,Northwest,Flood (General),Unknown,42,0,0,25829270,650.625,84.25,61.52216667,autumn,monsoon,0
1966-0070-VNM,VNM,Viet Nam,1966,9,20,22.172,95.434,Near Cambodia border,Riverine flood,Unknown,31,125541,10000,38024836,511.5,70.06666667,1358.849333,autumn,monsoon,1
1967-0002-MYS,MYS,Malaysia,1967,1,15,22.172,95.434,"Kelantan, Trengganu",Flood (General),Unknown,50,125000,25600,9507099,511.5,70.06666667,206.0363415,winter,NoMonsoon,1
1967-0007-IDN,IDN,Indonesia,1967,1,15,22.172,95.434,East Java,Flood (General),Unknown,0,55000,0,106526393,511.5,70.06666667,48.10376923,winter,NoMonsoon,0
1967-0013-IDN,IDN,Indonesia,1967,1,9,22.172,95.434,Jakarta,Flood (General),Unknown,0,102000,0,106526393,511.5,70.06666667,48.10376923,winter,NoMonsoon,1
1967-0031-SYR,SYR,Syrian Arab Republic,1967,4,23,22.172,95.434,"Aleppo, Raqqa, Dayr",Flood (General),Unknown,0,40000,5000,5790198,696,122,254.61875,spring,NoMonsoon,0
1967-0035-IRQ,IRQ,Iraq,1967,5,11,22.172,95.434,Euphrates River Valley,Flood (General),Unknown,0,200000,5000,8778869,393,42,947.8885,spring,NoMonsoon,1
1967-0038-IDN,IDN,Indonesia,1967,6,15,22.172,95.434,Ambon,Flood (General),Unknown,0,7000,0,106526393,511.5,70.06666667,48.10376923,summer,monsoon,0
1967-0043-JPN,JPN,Japan,1967,7,7,22.172,95.434,Central,Flood (General),Unknown,347,0,20000,99879000,511.5,70.06666667,108.9076711,summer,monsoon,0
1967-0049-PAK,PAK,Pakistan,1967,7,24,22.172,95.434,Karachi area,Flood (General),Unknown,32,150000,2800,55214768,511.5,75.33333333,351.4056296,summer,monsoon,1
1967-0054-JPN,JPN,Japan,1967,8,26,22.172,95.434,"Niigata, Yamagata",Flood (General),Unknown,142,117,0,99879000,511.5,70.06666667,108.9076711,summer,monsoon,0
1967-0055-IND,IND,India,1967,9,5,22.172,95.434,"North, Central",Flood (General),Unknown,300,1000000,0,511606372,429.8333333,48.33333333,1254.5155,autumn,monsoon,1
1967-0067-LKA,LKA,Sri Lanka,1967,10,18,22.172,95.434,"(1) Colombo area, (2) North, North Central, East provinces",Flood (General),Unknown,24,47000,3000,11457328,511.5,70.06666667,119.3917143,autumn,NoMonsoon,0
1967-0076-IDN,IDN,Indonesia,1967,11,30,22.172,95.434,Central Java,Flood (General),Unknown,160,0,0,106526393,511.5,70.06666667,48.10376923,autumn,NoMonsoon,0
1968-0024-PHL,PHL,Philippines,1968,1,16,22.172,95.434,Mindanao,Flood (General),Unknown,29,0,0,35638342,511.5,70.06666667,41.69744444,winter,NoMonsoon,0
1968-0038-IDN,IDN,Indonesia,1968,4,15,22.172,95.434,East Java,Flood (General),Unknown,12,150000,7831,109450006,511.5,70.06666667,48.10376923,spring,NoMonsoon,1
1968-0046-IRQ,IRQ,Iraq,1968,5,15,22.172,95.434,Euphrates River Basin,Flood (General),Unknown,0,150000,3000,9085016,393,42,947.8885,spring,NoMonsoon,1
1968-0051-IND,IND,India,1968,6,12,22.172,95.434,Assam,Flood (General),Unknown,0,1000000,0,522716889,429.8333333,48.33333333,1254.5155,summer,monsoon,1
1968-0054-BGD,BGD,Bangladesh,1968,7,15,22.172,95.434,"Nationwide, 5 Northern districts",Flood (General),Unknown,221,14910892,199400,65408276,511.5,70.06666667,11968.294,summer,monsoon,1
1968-0055-IND,IND,India,1968,7,15,22.172,95.434,"(1) Rajasthan, Gujarat - (2) North-East, West Bengal, Assam",Flash flood,Unknown,4892,7500000,94200,522716889,429.8333333,48.33333333,1254.5155,summer,monsoon,1
1968-0072-LAO,LAO,Lao People's Democratic Republic,1968,9,5,22.172,95.434,"South, along Mekong river",Flood (General),Unknown,2,9000,1280,2546377,511.5,70.06666667,1192.554816,autumn,monsoon,0
1968-0075-NPL,NPL,Nepal,1968,10,4,22.172,95.434,East,Riverine flood,Unknown,276,1000,300,11906266,511.5,70.06666667,328.7334667,autumn,NoMonsoon,0
1968-0079-IRN,IRN,Iran (Islamic Republic of),1968,10,28,22.172,95.434,Caspian Coast,Flood (General),Unknown,30,0,0,27437391,650.625,84.25,61.52216667,autumn,NoMonsoon,0
1968-0124-IND,IND,India,1968,8,15,22.172,95.434,Unknown,Flood (General),Unknown,1000,0,0,522716889,429.8333333,48.33333333,1254.5155,summer,monsoon,1
1968-0127-IND,IND,India,1968,10,15,22.172,95.434,Unknown,Flood (General),Unknown,560,0,0,522716889,429.8333333,48.33333333,1254.5155,autumn,NoMonsoon,1
1968-0134-TUR,TUR,Türkiye,1968,12,28,22.172,95.434,Igel,Flood (General),Unknown,147,0,0,34921684,713.75,103.25,118.8255714,winter,NoMonsoon,0
1969-0064-IRN,IRN,Iran (Islamic Republic of),1969,4,4,22.172,95.434,Azerbaijan,Flood (General),Unknown,20,0,0,28273482,650.625,84.25,61.52216667,spring,NoMonsoon,0
1969-0066-CHN,CHN,China,1969,4,23,22.172,95.434,Shantung province,Flood (General),Unknown,0,0,0,796025000,511.5,70.06666667,2227.122359,spring,NoMonsoon,0
1969-0086-LAO,LAO,Lao People's Democratic Republic,1969,8,15,22.172,95.434,Vientiane plains,Flood (General),Unknown,0,0,0,2606959,511.5,70.06666667,1192.554816,summer,monsoon,0
1969-0093-KOR,KOR,Republic of Korea,1969,9,14,22.172,95.434,"East, South coastal provinces",Flood (General),Unknown,408,227264,22400,31544266,511.5,70.06666667,213.3785,autumn,monsoon,1
1969-0113-LKA,LKA,Sri Lanka,1969,12,25,22.172,95.434,"East, North, Central & South provinces",Flood (General),Unknown,62,1000000,8500,12013858,511.5,70.06666667,119.3917143,winter,NoMonsoon,1
1969-0133-HKG,HKG,"China, Hong Kong Special Administrative Region",1969,8,11,22.172,95.434,Unknown,Flood (General),Unknown,0,2000,0,3863900,511.5,70.06666667,0.1455,summer,monsoon,0
1970-0034-IND,IND,India,1970,7,15,22.172,95.434,"North-East, Western, North",Flood (General),Unknown,627,10000000,101200,545864268,429.8333333,48.33333333,1254.5155,summer,monsoon,1
1970-0035-BGD,BGD,Bangladesh,1970,7,15,22.172,95.434,Unknown,Flood (General),Unknown,0,10000000,25000,69058894,511.5,70.06666667,11968.294,summer,monsoon,1
1970-0040-NPL,NPL,Nepal,1970,8,15,22.172,95.434,South,Flood (General),Unknown,350,20000,0,12436190,511.5,70.06666667,328.7334667,summer,monsoon,0
1970-0046-MMR,MMR,Myanmar,1970,9,8,22.172,95.434,Pyinmana,Flash flood,Unknown,90,0,0,27193016,511.5,70.06666667,4552.1444,autumn,monsoon,0
1970-0048-KOR,KOR,Republic of Korea,1970,9,15,22.172,95.434,Unknown,Flood (General),Unknown,28,7000,0,32240827,511.5,70.06666667,213.3785,autumn,monsoon,0
1970-0059-VNM,VNM,Viet Nam,1970,10,26,22.172,95.434,North,Flood (General),Unknown,237,204000,0,41475230,511.5,70.06666667,1358.849333,autumn,NoMonsoon,1
1970-0070-MYS,MYS,Malaysia,1970,12,26,22.172,95.434,"West Malaysia, Capital",Flood (General),Unknown,61,243000,37000,10178802,511.5,70.06666667,206.0363415,winter,NoMonsoon,1
1970-0097-HKG,HKG,"China, Hong Kong Special Administrative Region",1970,5,13,22.172,95.434,Sha Tin area,Flood (General),Unknown,0,529,0,3959000,511.5,70.06666667,0.1455,spring,NoMonsoon,0
1970-0099-HKG,HKG,"China, Hong Kong Special Administrative Region",1970,9,16,22.172,95.434,Taipo area,Flash flood,Unknown,0,541,0,3959000,511.5,70.06666667,0.1455,autumn,monsoon,0
1970-0105-IND,IND,India,1970,9,2,22.172,95.434,"Gujarat, Orissa states",Flood (General),Unknown,400,0,0,545864268,429.8333333,48.33333333,1254.5155,autumn,monsoon,0
1970-0129-IDN,IDN,Indonesia,1970,12,15,22.172,95.434,Unknown,Flood (General),Unknown,82,0,0,115657495,511.5,70.06666667,48.10376923,winter,NoMonsoon,0
1971-0037-IND,IND,India,1971,6,15,22.172,95.434,North,Flood (General),Unknown,1023,0,530000,558096387,429.8333333,48.33333333,1254.5155,summer,monsoon,1
1971-0048-LAO,LAO,Lao People's Democratic Republic,1971,8,17,22.172,95.434,Vientiane,Flood (General),Unknown,14,100000,200,2734628,511.5,70.06666667,1192.554816,summer,monsoon,0
1971-0052-IND,IND,India,1971,9,9,22.172,95.434,Uttar Pradesh,Flood (General),Unknown,300,35000,0,558096387,429.8333333,48.33333333,1254.5155,autumn,monsoon,0
1971-0116-IND,IND,India,1971,6,15,22.172,95.434,"Brahmaputra, Dhemaji, North Lakhimpur, Jorhat, Tezpur sub-divisions",Flood (General),Unknown,0,130000,0,558096387,429.8333333,48.33333333,1254.5155,summer,monsoon,1
1972-0002-AFG,AFG,Afghanistan,1972,1,15,22.172,95.434,West,Flood (General),Unknown,150,250000,0,11853696,526,70.06666667,68.6501,winter,NoMonsoon,1
1972-0041-BGD,BGD,Bangladesh,1972,6,25,22.172,95.434,Sylhet,Flood (General),Unknown,50,0,0,71641519,511.5,70.06666667,11968.294,summer,monsoon,0
1972-0042-PHL,PHL,Philippines,1972,7,15,22.172,95.434,"Central, NorthLuzon",Flood (General),Unknown,653,2400000,220000,39408560,511.5,70.06666667,41.69744444,summer,monsoon,1
1972-0049-KOR,KOR,Republic of Korea,1972,8,19,22.172,95.434,"North, Central",Riverine flood,Unknown,672,800000,72800,33505406,511.5,70.06666667,213.3785,summer,monsoon,1
1972-0052-KOR,KOR,Republic of Korea,1972,9,13,22.172,95.434,Unknown,Flood (General),Unknown,75,1500,634,33505406,511.5,70.06666667,213.3785,autumn,monsoon,0
1972-0100-HKG,HKG,"China, Hong Kong Special Administrative Region",1972,5,7,22.172,95.434,Unknown,Flood (General),Unknown,0,1510,0,4123600,511.5,70.06666667,0.1455,spring,NoMonsoon,0
1972-0101-HKG,HKG,"China, Hong Kong Special Administrative Region",1972,6,16,22.172,95.434,Unknown,Flood (General),Unknown,138,6751,0,4123600,511.5,70.06666667,0.1455,summer,monsoon,0
1972-0126-YMD,YMD,People's Democratic Republic of Yemen,1972,12,15,22.172,95.434,Unknown,Flood (General),Unknown,0,0,0,96337125,511.5,70.06666667,328.7334667,winter,NoMonsoon,0
1972-0147-JPN,JPN,Japan,1972,7,3,22.172,95.434,Unknown,Flood (General),Unknown,458,0,0,107188000,511.5,70.06666667,108.9076711,summer,monsoon,0
1973-0033-PAK,PAK,Pakistan,1973,8,15,22.172,95.434,"Punjab, Sind",Flood (General),Unknown,474,4800000,661500,65461912,511.5,75.33333333,351.4056296,summer,monsoon,1
1973-0083-PHL,PHL,Philippines,1973,9,7,22.172,95.434,Cotabato,Flood (General),Unknown,3,5000,493,40294130,511.5,70.06666667,41.69744444,autumn,monsoon,0
1973-0116-YMN,YMN,Yemen Arab Republic,1973,8,4,22.172,95.434,Hugaryah Area (Taiz province),Flood (General),Unknown,60,0,0,96337125,511.5,70.06666667,328.7334667,summer,monsoon,0
1973-0123-BGD,BGD,Bangladesh,1973,3,15,22.172,95.434,Unknown,Flood (General),Unknown,427,0,0,73722294,511.5,70.06666667,11968.294,spring,NoMonsoon,0
1973-0130-BGD,BGD,Bangladesh,1973,8,15,22.172,95.434,Unknown,Flood (General),Unknown,0,0,0,73722294,511.5,70.06666667,11968.294,summer,monsoon,0
1974-0014-SYR,SYR,Syrian Arab Republic,1974,3,15,22.172,95.434,"North, Euphrates, Khabour",Flood (General),Unknown,0,130000,39000,7302160,696,122,254.61875,spring,NoMonsoon,1
1974-0034-BGD,BGD,Bangladesh,1974,7,15,22.172,95.434,Unknown,Flood (General),Unknown,28700,36000000,579200,75839348,511.5,70.06666667,11968.294,summer,monsoon,1
1974-0039-PHL,PHL,Philippines,1974,8,15,22.172,95.434,Central Luzon,Flood (General),Unknown,94,1200000,17800,41174341,511.5,70.06666667,41.69744444,summer,monsoon,1
1974-0040-MMR,MMR,Myanmar,1974,7,15,22.172,95.434,"Myitkyina, Mandalay, Sagaing, Nyaungu, Minbu, Prome, Henzada (Central Burma)",Riverine flood,Unknown,0,1400000,0,29598167,511.5,70.06666667,4552.1444,summer,monsoon,1
1974-0057-TUR,TUR,Türkiye,1974,11,19,22.172,95.434,Silopi,Flood (General),Unknown,33,0,0,40210234,713.75,103.25,118.8255714,autumn,NoMonsoon,0
1974-0079-PHL,PHL,Philippines,1974,2,11,22.172,95.434,Agusan Del Norte,Flood (General),Unknown,0,1823,0,41174341,511.5,70.06666667,41.69744444,winter,NoMonsoon,0
1974-0129-IND,IND,India,1974,7,2,22.172,95.434,"Tinsukia, Dhemaji, Nowgong, Majuli, Jorhat, Dhubri",Flood (General),Unknown,260,0,0,597041391,429.8333333,48.33333333,1254.5155,summer,monsoon,0
1975-0012-THA,THA,Thailand,1975,1,3,22.172,95.434,South,Flood (General),Unknown,239,3000000,45000,40940005,511.5,70.06666667,454.353,winter,NoMonsoon,1
1975-0037-IND,IND,India,1975,7,15,22.172,95.434,"Northwest, Bihar",Flood (General),Unknown,350,27000000,714259,611309535,429.8333333,48.33333333,1254.5155,summer,monsoon,1
1975-0050-YMN,YMN,Yemen Arab Republic,1975,8,24,22.172,95.434,Sanaa region,Flood (General),Unknown,52,50000,12700,96337125,511.5,70.06666667,328.7334667,summer,monsoon,0
1975-0080-PHL,PHL,Philippines,1975,3,3,22.172,95.434,Davao Del Norte,Flood (General),Unknown,0,99,0,42120826,511.5,70.06666667,41.69744444,spring,NoMonsoon,0
1975-0107-HKG,HKG,"China, Hong Kong Special Administrative Region",1975,5,15,22.172,95.434,Unknown,Flood (General),Unknown,0,1912,0,4461600,511.5,70.06666667,0.1455,spring,NoMonsoon,0
1975-0110-HKG,HKG,"China, Hong Kong Special Administrative Region",1975,4,30,22.172,95.434,"Saikung, Kowloon, Chai Wa",Flood (General),Unknown,3,1194,0,4461600,511.5,70.06666667,0.1455,spring,NoMonsoon,0
1975-0112-HKG,HKG,"China, Hong Kong Special Administrative Region",1975,5,20,22.172,95.434,Unknown,Flood (General),Unknown,0,0,0,4461600,511.5,70.06666667,0.1455,spring,NoMonsoon,0
1975-0154-CHN,CHN,China,1975,4,15,22.172,95.434,Henan province,Flood (General),Unknown,20000,11000000,0,916395000,511.5,70.06666667,2227.122359,spring,NoMonsoon,1
1976-0031-AFG,AFG,Afghanistan,1976,4,15,22.172,95.434,"Herat, Farah, Kandahar",Flood (General),Unknown,51,80000,0,13059851,526,70.06666667,68.6501,spring,NoMonsoon,0
1976-0041-BGD,BGD,Bangladesh,1976,6,15,22.172,95.434,Easr,Flood (General),Unknown,168,4000000,0,79855318,511.5,70.06666667,11968.294,summer,monsoon,1
1976-0045-JPN,JPN,Japan,1976,7,15,22.172,95.434,North,Flood (General),Unknown,0,0,40000,112775000,511.5,70.06666667,108.9076711,summer,monsoon,0
1976-0052-PAK,PAK,Pakistan,1976,8,2,22.172,95.434,"Punjab, Sind, North West Frontier",Flood (General),Unknown,338,5566000,505000,71620254,511.5,75.33333333,351.4056296,summer,monsoon,1
1976-0073-IDN,IDN,Indonesia,1976,11,13,22.172,95.434,"East Java, Lumajang",Flash flood,Unknown,163,20000,0,135173655,511.5,70.06666667,48.10376923,autumn,NoMonsoon,0
1976-0091-PHL,PHL,Philippines,1976,1,25,22.172,95.434,Misamis Oriental,Flash flood,Unknown,8,1565,0,43201488,511.5,70.06666667,41.69744444,winter,NoMonsoon,0
1976-0095-PHL,PHL,Philippines,1976,11,30,22.172,95.434,"Capz, Aklan",Flash flood,Unknown,10,14313,1553,43201488,511.5,70.06666667,41.69744444,autumn,NoMonsoon,0
1976-0137-HKG,HKG,"China, Hong Kong Special Administrative Region",1976,6,15,22.172,95.434,"Sam Shing Hui, Tuen Mun (Southwest)",Flood (General),Unknown,0,200,0,4518000,511.5,70.06666667,0.1455,summer,monsoon,0
1976-0156-MMR,MMR,Myanmar,1976,6,15,22.172,95.434,"Arakan, Magwe divisions",Flood (General),Unknown,0,0,0,30758811,511.5,70.06666667,4552.1444,summer,monsoon,0
1977-0014-IDN,IDN,Indonesia,1977,1,15,22.172,95.434,"Jakarta, East Java",Flood (General),Unknown,10,260000,0,138533541,511.5,70.06666667,48.10376923,winter,NoMonsoon,1
1977-0043-IDN,IDN,Indonesia,1977,2,15,22.172,95.434,Central Java,Flood (General),Unknown,0,25000,0,138533541,511.5,70.06666667,48.10376923,winter,NoMonsoon,0
1977-0046-IDN,IDN,Indonesia,1977,3,15,22.172,95.434,"Bandung district, Java",Flood (General),Unknown,12,5000,0,138533541,511.5,70.06666667,48.10376923,spring,NoMonsoon,0
1977-0072-PAK,PAK,Pakistan,1977,6,15,22.172,95.434,Karachi,Flood (General),Unknown,848,777000,0,73901827,511.5,75.33333333,351.4056296,summer,monsoon,1
1977-0076-TWN,TWN,Taiwan (Province of China),1977,6,10,22.172,95.434,Unknown,Flood (General),Unknown,18,20000,1000,96337125,511.5,70.06666667,328.7334667,summer,monsoon,0
1977-0079-KOR,KOR,Republic of Korea,1977,7,8,22.172,95.434,Seoul area,Flood (General),Unknown,297,73000,20000,36411795,511.5,70.06666667,213.3785,summer,monsoon,0
1977-0094-IND,IND,India,1977,8,15,22.172,95.434,Ganges region,Riverine flood,Unknown,500,1000000,0,640801103,429.8333333,48.33333333,1254.5155,summer,monsoon,1
1977-0096-PHL,PHL,Philippines,1977,8,15,22.172,95.434,Manila,Flood (General),Unknown,10,4300,0,44367962,511.5,70.06666667,41.69744444,summer,monsoon,0
1977-0097-PHL,PHL,Philippines,1977,8,15,22.172,95.434,Mindanao,Flood (General),Unknown,0,1500,0,44367962,511.5,70.06666667,41.69744444,summer,monsoon,0
1977-0102-JPN,JPN,Japan,1977,8,6,22.172,95.434,"Central, Eastern",Flood (General),Unknown,5,0,12000,113872000,511.5,70.06666667,108.9076711,summer,monsoon,0
1977-0104-KOR,KOR,Republic of Korea,1977,8,7,22.172,95.434,Unknown,Flood (General),Unknown,18,2000,13000,36411795,511.5,70.06666667,213.3785,summer,monsoon,0
1977-0110-BGD,BGD,Bangladesh,1977,9,15,22.172,95.434,Brahmaputra Valley,Flood (General),Unknown,5,200000,0,81867264,511.5,70.06666667,11968.294,autumn,monsoon,1
1977-0111-MMR,MMR,Myanmar,1977,9,15,22.172,95.434,Central,Flood (General),Unknown,3,3000,0,31355966,511.5,70.06666667,4552.1444,autumn,monsoon,0
1977-0112-TWN,TWN,Taiwan (Province of China),1977,9,15,22.172,95.434,Tapei,Flood (General),Unknown,27,0,0,96337125,511.5,70.06666667,328.7334667,autumn,monsoon,0
1977-0121-IND,IND,India,1977,10,15,22.172,95.434,Tamil Nadu,Flood (General),Unknown,60,45000,0,640801103,429.8333333,48.33333333,1254.5155,autumn,NoMonsoon,0
1977-0125-BGD,BGD,Bangladesh,1977,10,13,22.172,95.434,Unknown,Flood (General),Unknown,8,13650,0,81867264,511.5,70.06666667,11968.294,autumn,NoMonsoon,0
1977-0161-PHL,PHL,Philippines,1977,2,22,22.172,95.434,Mindanao,Flood (General),Unknown,14,1499,1913,44367962,511.5,70.06666667,41.69744444,winter,NoMonsoon,0
1977-0196-HKG,HKG,"China, Hong Kong Special Administrative Region",1977,6,23,22.172,95.434,"Lam Tin, Lei U Mun, Sau Mau Ping",Flood (General),Unknown,0,37,0,4583700,511.5,70.06666667,0.1455,summer,monsoon,0
1978-0014-IDN,IDN,Indonesia,1978,1,15,22.172,95.434,East Java,Flood (General),Unknown,41,7000,0,141953163,511.5,70.06666667,48.10376923,winter,NoMonsoon,0
1978-0064-IDN,IDN,Indonesia,1978,5,15,22.172,95.434,"West Achem, North Sumatra",Flood (General),Unknown,21,8000,0,141953163,511.5,70.06666667,48.10376923,spring,NoMonsoon,0
1978-0067-LKA,LKA,Sri Lanka,1978,5,15,22.172,95.434,Unknown,Flood (General),Unknown,10,1000,0,14310128,511.5,70.06666667,119.3917143,spring,NoMonsoon,0
1978-0075-JPN,JPN,Japan,1978,6,15,22.172,95.434,Niigata,Flood (General),Unknown,8,15000,0,114913000,511.5,70.06666667,108.9076711,summer,monsoon,0
1978-0076-KOR,KOR,Republic of Korea,1978,6,15,22.172,95.434,Unknown,Flood (General),Unknown,27,2000,400,36969185,511.5,70.06666667,213.3785,summer,monsoon,0
1978-0083-AFG,AFG,Afghanistan,1978,7,15,22.172,95.434,"Central and Eastern regions, Pakistan border",Flood (General),Unknown,120,264044,52000,13611441,526,70.06666667,68.6501,summer,monsoon,1
1978-0085-NPL,NPL,Nepal,1978,7,15,22.172,95.434,Terai area,Flood (General),Unknown,130,27000,513,14839695,511.5,70.06666667,328.7334667,summer,monsoon,0
1978-0086-PAK,PAK,Pakistan,1978,7,15,22.172,95.434,Unknown,Flood (General),Unknown,393,2236000,0,76307379,511.5,75.33333333,351.4056296,summer,monsoon,1
1978-0087-IND,IND,India,1978,7,15,22.172,95.434,"North, Northeast",Flood (General),Unknown,3800,32000000,165000,655728229,429.8333333,48.33333333,1254.5155,summer,monsoon,1
1978-0097-BGD,BGD,Bangladesh,1978,8,15,22.172,95.434,Western,Riverine flood,Unknown,17,400000,0,83889655,511.5,70.06666667,11968.294,summer,monsoon,1
1978-0102-PHL,PHL,Philippines,1978,8,15,22.172,95.434,Northern,Flood (General),Unknown,53,1000,0,45575281,511.5,70.06666667,41.69744444,summer,monsoon,0
1978-0105-VNM,VNM,Viet Nam,1978,8,15,22.172,95.434,Mekong Delta,Riverine flood,Unknown,74,4000000,0,50249552,511.5,70.06666667,1358.849333,summer,monsoon,1
1978-0106-THA,THA,Thailand,1978,8,15,22.172,95.434,"North, Central, North East provinces",Flood (General),Unknown,96,1628000,400000,43788976,511.5,70.06666667,454.353,summer,monsoon,1
1978-0107-LAO,LAO,Lao People's Democratic Republic,1978,8,15,22.172,95.434,"Southern, Central",Flood (General),Unknown,31,459000,0,3171740,511.5,70.06666667,1192.554816,summer,monsoon,1
1978-0111-IND,IND,India,1978,9,15,22.172,95.434,West Bengal,Flood (General),Unknown,810,0,1000,655728229,429.8333333,48.33333333,1254.5155,autumn,monsoon,1
1978-0129-LKA,LKA,Sri Lanka,1978,11,15,22.172,95.434,Jaffna Peninsula,Flood (General),Unknown,0,1000,0,14310128,511.5,70.06666667,119.3917143,autumn,NoMonsoon,0
1978-0138-IDN,IDN,Indonesia,1978,12,15,22.172,95.434,Sumatra,Flood (General),Unknown,0,200000,0,141953163,511.5,70.06666667,48.10376923,winter,NoMonsoon,1
1978-0139-MYS,MYS,Malaysia,1978,12,15,22.172,95.434,Johore Bahru,Flood (General),Unknown,0,3000,0,12328157,511.5,70.06666667,206.0363415,winter,NoMonsoon,0
1978-0142-IDN,IDN,Indonesia,1978,12,17,22.172,95.434,Aceh,Flood (General),Unknown,8,51600,0,141953163,511.5,70.06666667,48.10376923,winter,NoMonsoon,0
1978-0168-PHL,PHL,Philippines,1978,2,2,22.172,95.434,Jipapad (Eastern Samar),Flood (General),Unknown,0,1500,0,45575281,511.5,70.06666667,41.69744444,winter,NoMonsoon,0
1978-0187-THA,THA,Thailand,1978,8,15,22.172,95.434,"North, NorthEast",Flood (General),Unknown,0,400000,0,43788976,511.5,70.06666667,454.353,summer,monsoon,1
1978-0213-HKG,HKG,"China, Hong Kong Special Administrative Region",1978,6,2,22.172,95.434,"Shatin,Chaiwan, Taipot",Flood (General),Unknown,0,300,0,4667500,511.5,70.06666667,0.1455,summer,monsoon,0
1979-0028-IDN,IDN,Indonesia,1979,2,27,22.172,95.434,Flores Island,Flood (General),Unknown,128,20000,3200,145434834,511.5,70.06666667,48.10376923,winter,NoMonsoon,0
1979-0046-IDN,IDN,Indonesia,1979,5,15,22.172,95.434,West Java,Flood (General),Unknown,23,4500,0,145434834,511.5,70.06666667,48.10376923,spring,NoMonsoon,0
1979-0057-IDN,IDN,Indonesia,1979,6,15,22.172,95.434,Borneo,Flood (General),Unknown,13,6000,0,145434834,511.5,70.06666667,48.10376923,summer,monsoon,0
1979-0058-JPN,JPN,Japan,1979,6,15,22.172,95.434,Southwestern,Flood (General),Unknown,23,28000,0,115890000,511.5,70.06666667,108.9076711,summer,monsoon,0
1979-0060-IND,IND,India,1979,7,15,22.172,95.434,"North West, North, North East",Flood (General),Unknown,100,1000000,100000,671155747,429.8333333,48.33333333,1254.5155,summer,monsoon,1
1979-0092-MMR,MMR,Myanmar,1979,10,15,22.172,95.434,Kachin state,Flood (General),Unknown,0,10000,0,32596550,511.5,70.06666667,4552.1444,autumn,NoMonsoon,0
1979-0093-IND,IND,India,1979,10,15,22.172,95.434,Assam,Flood (General),Unknown,13,1000000,0,671155747,429.8333333,48.33333333,1254.5155,autumn,NoMonsoon,1
1979-0100-IND,IND,India,1979,11,15,22.172,95.434,Tamil Nadu,Flood (General),Unknown,140,0,0,671155747,429.8333333,48.33333333,1254.5155,autumn,NoMonsoon,0
1979-0138-PHL,PHL,Philippines,1979,7,16,22.172,95.434,Cotabato,Flash flood,Unknown,0,16000,6983,46807103,511.5,70.06666667,41.69744444,summer,monsoon,0
1979-0225-IND,IND,India,1979,8,25,22.172,95.434,"Uttar Pradesh, Bihar, West Bengal",Flood (General),Unknown,0,26000000,0,671155747,429.8333333,48.33333333,1254.5155,summer,monsoon,1
1979-0290-PAK,PAK,Pakistan,1979,7,15,22.172,95.434,Unknown,Flood (General),Unknown,13,3200,0,78997039,511.5,75.33333333,351.4056296,summer,monsoon,0
1980-0010-PHL,PHL,Philippines,1980,1,15,22.172,95.434,Mindanao,Flash flood,Unknown,2,25980,0,48043740,511.5,70.06666667,41.69744444,winter,NoMonsoon,0
1980-0032-IRN,IRN,Iran (Islamic Republic of),1980,2,15,22.172,95.434,Khuzestan,Flood (General),Unknown,6,100,0,39842324,650.625,84.25,61.52216667,winter,NoMonsoon,0
1980-0033-AFG,AFG,Afghanistan,1980,3,15,22.172,95.434,Southern provinces,Flood (General),Unknown,0,30000,0,13169311,526,70.06666667,68.6501,spring,NoMonsoon,0
1980-0034-TUR,TUR,Türkiye,1980,3,15,22.172,95.434,Anatolia,Flood (General),Unknown,75,60000,15000,45408815,713.75,103.25,118.8255714,spring,NoMonsoon,0
1980-0050-CHN,CHN,China,1980,6,15,22.172,95.434,Anhui province,Flood (General),Unknown,65,0,0,981235000,511.5,70.06666667,2227.122359,summer,monsoon,0
1980-0056-CHN,CHN,China,1980,7,15,22.172,95.434,Sichuan province,Flood (General),Unknown,38,40000,0,981235000,511.5,70.06666667,2227.122359,summer,monsoon,0
1980-0057-IND,IND,India,1980,7,15,22.172,95.434,Assam,Flood (General),Unknown,0,50000,0,687354025,429.8333333,48.33333333,1254.5155,summer,monsoon,0
1980-0058-IRN,IRN,Iran (Islamic Republic of),1980,7,15,22.172,95.434,Khuzestan,Flood (General),Unknown,250,800000,0,39842324,650.625,84.25,61.52216667,summer,monsoon,1
1980-0062-IND,IND,India,1980,7,15,22.172,95.434,Gujarat,Flood (General),Unknown,11,1000,0,687354025,429.8333333,48.33333333,1254.5155,summer,monsoon,0
1980-0073-BGD,BGD,Bangladesh,1980,8,15,22.172,95.434,North Western,Flood (General),Unknown,655,10000000,150000,88016432,511.5,70.06666667,11968.294,summer,monsoon,1
1980-0074-IND,IND,India,1980,8,15,22.172,95.434,"Uttar Pradesh, Bihar, Gujarat, Kerala, Haryana",Flood (General),Unknown,1600,30000000,320000,687354025,429.8333333,48.33333333,1254.5155,summer,monsoon,1
1980-0085-IND,IND,India,1980,9,15,22.172,95.434,Orissa,Flood (General),Unknown,200,2000000,0,687354025,429.8333333,48.33333333,1254.5155,autumn,monsoon,1
1980-0106-VNM,VNM,Viet Nam,1980,11,15,22.172,95.434,"Quang Nam Da Nang, Nghia Binh, Binh Tri Thien, Phu Khanh provinces",Flood (General),Unknown,94,628000,0,52490101,511.5,70.06666667,1358.849333,autumn,NoMonsoon,1
1980-0110-IDN,IDN,Indonesia,1980,12,26,22.172,95.434,Central Java,Flood (General),Unknown,153,2946,3400,148950540,511.5,70.06666667,48.10376923,winter,NoMonsoon,0
1980-0247-CHN,CHN,China,1980,9,2,22.172,95.434,"Hubei province, West Shangai",Riverine flood,Unknown,0,0,0,981235000,511.5,70.06666667,2227.122359,autumn,monsoon,0
1980-0280-THA,THA,Thailand,1980,10,3,22.172,95.434,"Central, North East",Flood (General),Unknown,57,630000,59700,45650022,511.5,70.06666667,454.353,autumn,NoMonsoon,1
1980-0296-JPN,JPN,Japan,1980,8,30,22.172,95.434,South West,Flood (General),Unknown,20,0,0,116807000,511.5,70.06666667,108.9076711,summer,monsoon,0
1980-0324-IND,IND,India,1980,7,15,22.172,95.434,Unknown,Flood (General),Unknown,600,0,0,687354025,429.8333333,48.33333333,1254.5155,summer,monsoon,1
1980-0331-CHN,CHN,China,1980,6,15,22.172,95.434,"Sichuan, Anhui, Hubei",Flood (General),Unknown,6200,40000,160000,981235000,511.5,70.06666667,2227.122359,summer,monsoon,1
1980-0354-PAK,PAK,Pakistan,1980,7,15,22.172,95.434,Unknown,Flood (General),Unknown,75,86200,0,82291010,511.5,75.33333333,351.4056296,summer,monsoon,0
1981-0007-PHL,PHL,Philippines,1981,1,15,22.172,95.434,Unknown,Flood (General),Unknown,228,300000,27000,49311727,511.5,70.06666667,41.69744444,winter,NoMonsoon,1
1981-0011-LAO,LAO,Lao People's Democratic Republic,1981,7,15,22.172,95.434,Unknown,Flood (General),Unknown,0,0,0,3366631,511.5,70.06666667,1192.554816,summer,monsoon,0
1981-0035-YMD,YMD,People's Democratic Republic of Yemen,1981,3,15,22.172,95.434,Unknown,Flood (General),Unknown,0,12000,16200,96337125,511.5,70.06666667,328.7334667,spring,NoMonsoon,0
1981-0048-IRN,IRN,Iran (Islamic Republic of),1981,5,3,22.172,95.434,Korassan,Flood (General),Unknown,58,100,0,41989312,650.625,84.25,61.52216667,spring,NoMonsoon,0
1981-0051-IDN,IDN,Indonesia,1981,5,14,22.172,95.434,Mont Semeru,Flood (General),Unknown,500,0,2200,152485035,511.5,70.06666667,48.10376923,spring,NoMonsoon,0
1981-0063-IND,IND,India,1981,7,4,22.172,95.434,Unknown,Flood (General),Unknown,553,16000000,250000,703696250,429.8333333,48.33333333,1254.5155,summer,monsoon,1
1981-0065-NPL,NPL,Nepal,1981,7,13,22.172,95.434,North,Flash flood,Unknown,100,0,0,15922423,511.5,70.06666667,328.7334667,summer,monsoon,0
1981-0066-CHN,CHN,China,1981,7,14,22.172,95.434,"Sichuan, Central and South China",Flood (General),Unknown,1311,1500000,1100000,993885000,511.5,70.06666667,2227.122359,summer,monsoon,1
1981-0071-CHN,CHN,China,1981,8,15,22.172,95.434,Shaanxi province,Flood (General),Unknown,764,1200000,1200000,993885000,511.5,70.06666667,2227.122359,summer,monsoon,1
1981-0079-YMD,YMD,People's Democratic Republic of Yemen,1981,9,15,22.172,95.434,Abyan,Flash flood,Unknown,0,3000,16000,96337125,511.5,70.06666667,328.7334667,autumn,monsoon,0
1981-0080-CHN,CHN,China,1981,9,12,22.172,95.434,Quinghai province,Riverine flood,Unknown,0,4000,0,993885000,511.5,70.06666667,2227.122359,autumn,monsoon,0
1981-0085-NPL,NPL,Nepal,1981,9,29,22.172,95.434,Unknown,Flash flood,Unknown,650,10000,0,15922423,511.5,70.06666667,328.7334667,autumn,monsoon,1
1981-0088-CHN,CHN,China,1981,10,15,22.172,95.434,Guangdong province,Flood (General),Unknown,0,150000,0,993885000,511.5,70.06666667,2227.122359,autumn,NoMonsoon,1
1981-0089-CHN,CHN,China,1981,10,4,22.172,95.434,Sichuan province,Flood (General),Unknown,240,100000,0,993885000,511.5,70.06666667,2227.122359,autumn,NoMonsoon,0
1981-0097-PHL,PHL,Philippines,1981,11,7,22.172,95.434,Lucena,Flood (General),Unknown,0,7500,0,49311727,511.5,70.06666667,41.69744444,autumn,NoMonsoon,0
1981-0106-LKA,LKA,Sri Lanka,1981,12,7,22.172,95.434,North,Flood (General),Unknown,7,20000,0,15099414,511.5,70.06666667,119.3917143,winter,NoMonsoon,0
1981-0113-IDN,IDN,Indonesia,1981,12,25,22.172,95.434,Jarkarta,Flash flood,Unknown,9,206000,0,152485035,511.5,70.06666667,48.10376923,winter,NoMonsoon,1
1981-0150-PHL,PHL,Philippines,1981,10,9,22.172,95.434,"Maco, Davao del Norte",Flash flood,Unknown,94,2100,0,49311727,511.5,70.06666667,41.69744444,autumn,NoMonsoon,0
1981-0235-IDN,IDN,Indonesia,1981,1,22,22.172,95.434,Central Java,Flood (General),Unknown,0,140000,0,152485035,511.5,70.06666667,48.10376923,winter,NoMonsoon,1
1981-0245-PAK,PAK,Pakistan,1981,7,24,22.172,95.434,North regions,Flash flood,Unknown,82,0,0,85802049,511.5,75.33333333,351.4056296,summer,monsoon,0
1981-0270-TUR,TUR,Türkiye,1981,12,17,22.172,95.434,Western,Flood (General),Unknown,10,0,0,46321190,713.75,103.25,118.8255714,winter,NoMonsoon,0
1982-0029-PHL,PHL,Philippines,1982,2,15,22.172,95.434,South,Flood (General),Unknown,13,200000,0,50695707,511.5,70.06666667,41.69744444,winter,NoMonsoon,1
1982-0033-IDN,IDN,Indonesia,1982,3,15,22.172,95.434,South Borneo,Flood (General),Unknown,0,25000,0,156052152,511.5,70.06666667,48.10376923,spring,NoMonsoon,0
1982-0042-YMD,YMD,People's Democratic Republic of Yemen,1982,3,29,22.172,95.434,Nationwide,Flash flood,Unknown,482,300000,975000,96337125,511.5,70.06666667,328.7334667,spring,NoMonsoon,1
1982-0056-LKA,LKA,Sri Lanka,1982,5,15,22.172,95.434,South,Flood (General),Unknown,20,100000,1000,15286567,511.5,70.06666667,119.3917143,spring,NoMonsoon,0
1982-0058-CHN,CHN,China,1982,5,12,22.172,95.434,Guangdong province,Flash flood,Unknown,447,594500,0,1008630000,511.5,70.06666667,2227.122359,spring,NoMonsoon,1
1982-0062-IDN,IDN,Indonesia,1982,5,28,22.172,95.434,Irian Jaya,Flood (General),Unknown,0,12500,0,156052152,511.5,70.06666667,48.10376923,spring,NoMonsoon,0
1982-0086-JPN,JPN,Japan,1982,7,23,22.172,95.434,Nagasaki,Flood (General),Unknown,345,27000,32000,118480000,511.5,70.06666667,108.9076711,summer,monsoon,0
1982-0087-IND,IND,India,1982,8,15,22.172,95.434,Northeast,Flood (General),Unknown,932,33500000,700000,720313473,429.8333333,48.33333333,1254.5155,summer,monsoon,1
1982-0088-CHN,CHN,China,1982,8,15,22.172,95.434,"Shandong, Henan provinces",Flood (General),Unknown,0,7000,0,1008630000,511.5,70.06666667,2227.122359,summer,monsoon,0
1982-0089-PAK,PAK,Pakistan,1982,8,15,22.172,95.434,Unknown,Flood (General),Unknown,68,10000,0,89089246,511.5,75.33333333,351.4056296,summer,monsoon,0
1982-0100-BGD,BGD,Bangladesh,1982,9,7,22.172,95.434,"Rajshahi, Kushtia",Flood (General),Unknown,0,283000,0,92814507,511.5,70.06666667,11968.294,autumn,monsoon,1
1982-0130-LKA,LKA,Sri Lanka,1982,12,12,22.172,95.434,Matale (Central regions),Flood (General),Unknown,34,30000,0,15286567,511.5,70.06666667,119.3917143,winter,NoMonsoon,0
1982-0134-IDN,IDN,Indonesia,1982,12,26,22.172,95.434,Central Sumatra,Flood (General),Unknown,3,1500,0,156052152,511.5,70.06666667,48.10376923,winter,NoMonsoon,0
1982-0180-PHL,PHL,Philippines,1982,1,22,22.172,95.434,Region X,Flash flood,Unknown,18,35,0,50695707,511.5,70.06666667,41.69744444,winter,NoMonsoon,0
1982-0193-PHL,PHL,Philippines,1982,6,15,22.172,95.434,"Maguindanao, Sultan Kudarat",Flood (General),Unknown,2,95915,0,50695707,511.5,70.06666667,41.69744444,summer,monsoon,0
1982-0195-PHL,PHL,Philippines,1982,6,23,22.172,95.434,"Davao Del Norte, Sur & Oriental",Coastal flood,Unknown,0,818,60,50695707,511.5,70.06666667,41.69744444,summer,monsoon,0
1982-0277-HKG,HKG,"China, Hong Kong Special Administrative Region",1982,8,15,22.172,95.434,"Tsuen Wan, Lantau Isl.",Flood (General),Unknown,1,184,0,5264500,511.5,70.06666667,0.1455,summer,monsoon,0
1982-0308-CHN,CHN,China,1982,7,15,22.172,95.434,Hubei province,Flood (General),Unknown,0,0,0,1008630000,511.5,70.06666667,2227.122359,summer,monsoon,0
1982-0310-CHN,CHN,China,1982,4,15,22.172,95.434,Hebei province,Flood (General),Unknown,0,0,0,1008630000,511.5,70.06666667,2227.122359,spring,NoMonsoon,0
1982-0314-IND,IND,India,1982,6,15,22.172,95.434,North-East region,Flood (General),Unknown,0,0,0,720313473,429.8333333,48.33333333,1254.5155,summer,monsoon,0
1982-0354-NPL,NPL,Nepal,1982,7,3,22.172,95.434,Unknown,Flood (General),Unknown,92,0,0,16297987,511.5,70.06666667,328.7334667,summer,monsoon,0
1982-0403-MNG,MNG,Mongolia,1982,7,15,22.172,95.434,North,Flood (General),Unknown,0,0,0,1785364,511.5,70.06666667,27.68008333,summer,monsoon,0
1983-0062-BGD,BGD,Bangladesh,1983,4,15,22.172,95.434,"Central, Eastern",Flood (General),Unknown,78,60000,0,95335155,511.5,70.06666667,11968.294,spring,NoMonsoon,0
1983-0083-CHN,CHN,China,1983,6,15,22.172,95.434,Unknown,Riverine flood,Unknown,100,0,0,1023310000,511.5,70.06666667,2227.122359,summer,monsoon,0
1983-0089-IND,IND,India,1983,7,15,22.172,95.434,"Upper Assama, Central Sikkim",Flood (General),Unknown,197,250000,0,737372681,429.8333333,48.33333333,1254.5155,summer,monsoon,1
1983-0090-IDN,IDN,Indonesia,1983,7,15,22.172,95.434,Banggai,Flood (General),Unknown,11,2000,0,159651381,511.5,70.06666667,48.10376923,summer,monsoon,0
1983-0091-BGD,BGD,Bangladesh,1983,7,15,22.172,95.434,Unknown,Flood (General),Unknown,12,4000000,0,95335155,511.5,70.06666667,11968.294,summer,monsoon,1
1983-0102-IND,IND,India,1983,8,15,22.172,95.434,Central - Western,Flood (General),Unknown,130,0,0,737372681,429.8333333,48.33333333,1254.5155,summer,monsoon,0
1983-0105-THA,THA,Thailand,1983,8,15,22.172,95.434,Bangkok,Flood (General),Unknown,50,1000000,0,48423309,511.5,70.06666667,454.353,summer,monsoon,1
1983-0114-NPL,NPL,Nepal,1983,9,15,22.172,95.434,"Bardia, Kailali, Kanchampur, Dandeldhura, Doti, Accham, Bajura, Bajhang, Darchula districts",Flood (General),Unknown,186,200000,10000,16689119,511.5,70.06666667,328.7334667,autumn,monsoon,1
1983-0115-BGD,BGD,Bangladesh,1983,9,15,22.172,95.434,Unknown,Flood (General),Unknown,114,3000000,0,95335155,511.5,70.06666667,11968.294,autumn,monsoon,1
1983-0126-IDN,IDN,Indonesia,1983,10,15,22.172,95.434,"Aceh, Sumatra",Flood (General),Unknown,2,5000,0,159651381,511.5,70.06666667,48.10376923,autumn,NoMonsoon,0
1983-0151-LKA,LKA,Sri Lanka,1983,12,15,22.172,95.434,"North, North Central, Eastern provinces",Flood (General),Unknown,3,1000000,0,15388794,511.5,70.06666667,119.3917143,winter,NoMonsoon,1
1983-0152-MYS,MYS,Malaysia,1983,12,15,22.172,95.434,East coast,Flood (General),Unknown,10,15000,0,14285907,511.5,70.06666667,206.0363415,winter,NoMonsoon,0
1983-0153-IND,IND,India,1983,12,15,22.172,95.434,Tamil Nadu,Flood (General),Unknown,58,0,0,737372681,429.8333333,48.33333333,1254.5155,winter,NoMonsoon,0
1983-0154-IDN,IDN,Indonesia,1983,12,15,22.172,95.434,"Java, Yogyakarta",Flood (General),Unknown,7,410480,7007,159651381,511.5,70.06666667,48.10376923,winter,NoMonsoon,1
1983-0255-PHL,PHL,Philippines,1983,9,23,22.172,95.434,Lanao del Sur,Flood (General),Unknown,11,1835,3,52194620,511.5,70.06666667,41.69744444,autumn,monsoon,0
1983-0307-HKG,HKG,"China, Hong Kong Special Administrative Region",1983,6,17,22.172,95.434,Unknown,Flood (General),Unknown,1,0,0,5345100,511.5,70.06666667,0.1455,summer,monsoon,0
1983-0440-PAK,PAK,Pakistan,1983,8,6,22.172,95.434,Punjab province,Flood (General),Unknown,39,64300,0,92227711,511.5,75.33333333,351.4056296,summer,monsoon,0
1983-0505-BGD,BGD,Bangladesh,1983,8,15,22.172,95.434,Unknown,Flood (General),Unknown,41,0,0,95335155,511.5,70.06666667,11968.294,summer,monsoon,0
1983-0507-IND,IND,India,1983,9,15,22.172,95.434,Unknown,Flood (General),Unknown,400,0,0,737372681,429.8333333,48.33333333,1254.5155,autumn,monsoon,0
1984-0037-IDN,IDN,Indonesia,1984,4,27,22.172,95.434,West Java,Flood (General),Unknown,0,2700,1500,163251124,511.5,70.06666667,48.10376923,spring,NoMonsoon,0
1984-0040-IND,IND,India,1984,5,15,22.172,95.434,North-East states,Flood (General),Unknown,245,16000000,90000,754875449,429.8333333,48.33333333,1254.5155,spring,NoMonsoon,1
1984-0041-BGD,BGD,Bangladesh,1984,5,15,22.172,95.434,Eastern,Flood (General),Unknown,1200,30000000,0,97814966,511.5,70.06666667,11968.294,spring,NoMonsoon,1
1984-0043-LKA,LKA,Sri Lanka,1984,5,24,22.172,95.434,Kalutara district + Southwestern districts,Flood (General),Unknown,45,85000,0,15441860,511.5,70.06666667,119.3917143,spring,NoMonsoon,0
1984-0051-TWN,TWN,Taiwan (Province of China),1984,6,15,22.172,95.434,North,Flood (General),Unknown,31,0,0,96337125,511.5,70.06666667,328.7334667,summer,monsoon,0
1984-0067-PAK,PAK,Pakistan,1984,8,15,22.172,95.434,Karachi,Flood (General),Unknown,39,0,0,95164936,511.5,75.33333333,351.4056296,summer,monsoon,0
1984-0074-KOR,KOR,Republic of Korea,1984,8,31,22.172,95.434,"Kyunggido, Kangwondo, Chungchongdo, Kyongsangdo, Chollado",Flood (General),Unknown,166,350984,165000,40405956,511.5,70.06666667,213.3785,summer,monsoon,1
1984-0075-NPL,NPL,Nepal,1984,9,15,22.172,95.434,South,Flood (General),Unknown,200,0,0,17085242,511.5,70.06666667,328.7334667,autumn,monsoon,0
1984-0076-CHN,CHN,China,1984,9,5,22.172,95.434,Tongjiang county,Flood (General),Unknown,0,28000,0,1036825000,511.5,70.06666667,2227.122359,autumn,monsoon,0
1984-0077-LAO,LAO,Lao People's Democratic Republic,1984,9,15,22.172,95.434,Unknown,Flood (General),Unknown,14,2000,0,3637843,511.5,70.06666667,1192.554816,autumn,monsoon,0
1984-0090-VNM,VNM,Viet Nam,1984,10,15,22.172,95.434,Central,Flood (General),Unknown,33,38000,0,57706067,511.5,70.06666667,1358.849333,autumn,NoMonsoon,0
1984-0101-LKA,LKA,Sri Lanka,1984,11,15,22.172,95.434,Unknown,Flood (General),Unknown,0,0,2000,15441860,511.5,70.06666667,119.3917143,autumn,NoMonsoon,0
1984-0116-THA,THA,Thailand,1984,12,15,22.172,95.434,"Southern, Eastearn",Flood (General),Unknown,17,34540,3000,49351708,511.5,70.06666667,454.353,winter,NoMonsoon,0
1984-0121-IDN,IDN,Indonesia,1984,12,3,22.172,95.434,Bandung Region (West Java),Flood (General),Unknown,0,37500,0,163251124,511.5,70.06666667,48.10376923,winter,NoMonsoon,0
1984-0284-TUR,TUR,Türkiye,1984,5,15,22.172,95.434,SouthEast,Flash flood,Unknown,0,200,0,49574069,713.75,103.25,118.8255714,spring,NoMonsoon,0
1984-0318-IND,IND,India,1984,6,25,22.172,95.434,"West Bengal, Uttar Pradesh, Assam, Bihar",Flood (General),Unknown,200,3000000,0,754875449,429.8333333,48.33333333,1254.5155,summer,monsoon,1
1984-0322-IND,IND,India,1984,8,16,22.172,95.434,Ladakh area,Flash flood,Unknown,14,0,0,754875449,429.8333333,48.33333333,1254.5155,summer,monsoon,0
1984-0323-IND,IND,India,1984,8,15,22.172,95.434,"W Bengal, Uttar Pradesh & Orissa",Flood (General),Unknown,245,0,0,754875449,429.8333333,48.33333333,1254.5155,summer,monsoon,0
1984-0325-IND,IND,India,1984,9,15,22.172,95.434,North-East region,Flood (General),Unknown,36,0,0,754875449,429.8333333,48.33333333,1254.5155,autumn,monsoon,0
1984-0327-IDN,IDN,Indonesia,1984,2,3,22.172,95.434,"Central, East, West Java, Jogyakarta, North Sumatar",Flood (General),Unknown,26,300000,0,163251124,511.5,70.06666667,48.10376923,winter,NoMonsoon,1
1984-0350-LKA,LKA,Sri Lanka,1984,1,7,22.172,95.434,North and Eastern regions,Riverine flood,Unknown,3,100000,0,15441860,511.5,70.06666667,119.3917143,winter,NoMonsoon,0
1984-0353-THA,THA,Thailand,1984,1,19,22.172,95.434,Bangkok area,Flood (General),Unknown,0,751600,400000,49351708,511.5,70.06666667,454.353,winter,NoMonsoon,1
1984-0376-CHN,CHN,China,1984,6,15,22.172,95.434,North,Flood (General),Unknown,31,0,0,1036825000,511.5,70.06666667,2227.122359,summer,monsoon,0
1984-0418-LKA,LKA,Sri Lanka,1984,7,15,22.172,95.434,"Ratnapura, Kegalce, Gampaka, Colombo",Flood (General),Unknown,3,0,0,15441860,511.5,70.06666667,119.3917143,summer,monsoon,0
1985-0009-IDN,IDN,Indonesia,1985,2,4,22.172,95.434,Northern Sulawesi,Flash flood,Unknown,21,300,0,166776185,511.5,70.06666667,48.10376923,winter,NoMonsoon,0
1985-0012-BGD,BGD,Bangladesh,1985,6,15,22.172,95.434,"Maulvibazar, Sylhet district",Riverine flood,Unknown,7,100000,0,100253825,511.5,70.06666667,11968.294,summer,monsoon,0
1985-0016-THA,THA,Thailand,1985,10,12,22.172,95.434,"Suan Phung, Damnoen Saduak districts (Ratchaburi province)",Flood (General),Unknown,18,7640,3600,50270753,511.5,70.06666667,454.353,autumn,NoMonsoon,0
1985-0058-CHN,CHN,China,1985,5,15,22.172,95.434,Yunnan province,Flood (General),Unknown,283,14000,1400,1051040000,511.5,70.06666667,2227.122359,spring,NoMonsoon,0
1985-0062-IDN,IDN,Indonesia,1985,2,19,22.172,95.434,"Central and East Java, Eastern Isl.",Riverine flood,Unknown,10,2000,0,166776185,511.5,70.06666667,48.10376923,winter,NoMonsoon,0
1985-0065-CHN,CHN,China,1985,6,15,22.172,95.434,"Guangxi, Hunan provinces",Riverine flood,Unknown,64,2000,0,1051040000,511.5,70.06666667,2227.122359,summer,monsoon,0
1985-0067-IND,IND,India,1985,6,15,22.172,95.434,Punjab (Western),Flood (General),Unknown,133,0,0,772647793,429.8333333,48.33333333,1254.5155,summer,monsoon,0
1985-0068-IND,IND,India,1985,6,15,22.172,95.434,"Uttar Pradesh, West Bengal, Punjab (North, North-West, East India)",Flood (General),Unknown,741,10200000,500000,772647793,429.8333333,48.33333333,1254.5155,summer,monsoon,1
1985-0075-IDN,IDN,Indonesia,1985,6,30,22.172,95.434,West coast of Sumatra,Coastal flood,Unknown,11,2000,0,166776185,511.5,70.06666667,48.10376923,summer,monsoon,0
1985-0088-CHN,CHN,China,1985,8,15,22.172,95.434,"Ghizhou, Sichuan, Hunan provinces",Flood (General),Unknown,422,0,0,1051040000,511.5,70.06666667,2227.122359,summer,monsoon,0
1985-0091-CHN,CHN,China,1985,8,15,22.172,95.434,Near Dandung (Liaoning province),Flood (General),Unknown,300,0,350000,1051040000,511.5,70.06666667,2227.122359,summer,monsoon,0
1985-0092-NPL,NPL,Nepal,1985,8,15,22.172,95.434,"Dolakha, Accham, Dhading, Solokhumbo, Bajhang districts",Flood (General),Unknown,46,60500,0,17477692,511.5,70.06666667,328.7334667,summer,monsoon,0
1985-0106-VNM,VNM,Viet Nam,1985,9,7,22.172,95.434,"Ha Nam Ninh, Thanh Hoa, Hai Hung, Ha Bac",Riverine flood,Unknown,93,2800000,0,59060622,511.5,70.06666667,1358.849333,autumn,monsoon,1
1985-0117-PHL,PHL,Philippines,1985,10,15,22.172,95.434,Southern,Flood (General),Unknown,25,5000,0,55213006,511.5,70.06666667,41.69744444,autumn,NoMonsoon,0
1985-0131-IND,IND,India,1985,11,12,22.172,95.434,Tamil Nadu,Flood (General),Unknown,130,500000,0,772647793,429.8333333,48.33333333,1254.5155,autumn,NoMonsoon,1
1985-0216-HKG,HKG,"China, Hong Kong Special Administrative Region",1985,6,25,22.172,95.434,Lam Tin In Kwun Tong,Flood (General),Unknown,0,235,0,5456200,511.5,70.06666667,0.1455,summer,monsoon,0
1985-0220-HKG,HKG,"China, Hong Kong Special Administrative Region",1985,8,26,22.172,95.434,Aberdeen,Flood (General),Unknown,0,131,0,5456200,511.5,70.06666667,0.1455,summer,monsoon,0
1985-0299-BGD,BGD,Bangladesh,1985,7,5,22.172,95.434,"Rangpur, Kurigram a Nil district",Flood (General),Unknown,27,400000,0,100253825,511.5,70.06666667,11968.294,summer,monsoon,1
1985-0301-CHN,CHN,China,1985,3,15,22.172,95.434,Unknown,Flood (General),Unknown,0,0,0,1051040000,511.5,70.06666667,2227.122359,spring,NoMonsoon,0
1985-0304-CHN,CHN,China,1985,4,21,22.172,95.434,Guchgeng Isl.,Flood (General),Unknown,0,0,1350,1051040000,511.5,70.06666667,2227.122359,spring,NoMonsoon,0
1985-0310-CHN,CHN,China,1985,9,15,22.172,95.434,Hunan provonce,Flood (General),Unknown,147,0,0,1051040000,511.5,70.06666667,2227.122359,autumn,monsoon,0
1985-0317-IND,IND,India,1985,9,15,22.172,95.434,"Uttar Pradesh, Bihar",Riverine flood,Unknown,557,152000,308000,772647793,429.8333333,48.33333333,1254.5155,autumn,monsoon,1
1985-0342-PHL,PHL,Philippines,1985,1,26,22.172,95.434,"Tanjay, Pamplona",Riverine flood,Unknown,54,444,0,55213006,511.5,70.06666667,41.69744444,winter,NoMonsoon,0
1985-0343-IND,IND,India,1985,6,23,22.172,95.434,"Kerala, Assam, Bombay, Karnataka, Goa states",Riverine flood,Unknown,95,25000,0,772647793,429.8333333,48.33333333,1254.5155,summer,monsoon,0
1985-0346-SAU,SAU,Saudi Arabia,1985,12,24,22.172,95.434,North West,Flood (General),Unknown,32,0,450000,8151779,647.125,84.375,328.7334667,winter,NoMonsoon,0
1986-0053-IDN,IDN,Indonesia,1986,4,15,22.172,95.434,West Java,Flood (General),Unknown,2,38000,0,170175065,511.5,70.06666667,48.10376923,spring,NoMonsoon,0
1986-0059-THA,THA,Thailand,1986,5,8,22.172,95.434,"Bangkok, central, Eastern, Southern",Riverine flood,Unknown,42,27780,2000,51177834,511.5,70.06666667,454.353,spring,NoMonsoon,0
1986-0085-IND,IND,India,1986,8,15,22.172,95.434,Andhra Pradesh,Riverine flood,Unknown,187,245000,100000,790689978,429.8333333,48.33333333,1254.5155,summer,monsoon,1
1986-0086-CHN,CHN,China,1986,8,15,22.172,95.434,"Liaoning, Jilin, Heilongjiang, Yunnan provinces",Flood (General),Unknown,80,2000000,1500000,1066790000,511.5,70.06666667,2227.122359,summer,monsoon,1
1986-0096-BGD,BGD,Bangladesh,1986,8,2,22.172,95.434,Rajshahi district,Riverine flood,Unknown,4,100000,0,102635572,511.5,70.06666667,11968.294,summer,monsoon,0
1986-0126-IDN,IDN,Indonesia,1986,10,24,22.172,95.434,"Bengkulu, Lampung provinces (South Sumatra)",Riverine flood,Unknown,96,20000,0,170175065,511.5,70.06666667,48.10376923,autumn,NoMonsoon,0
1986-0129-IRN,IRN,Iran (Islamic Republic of),1986,11,30,22.172,95.434,"Fars, Busher, Shiraz, Khuzestan, Buir Ahmad provinces",Riverine flood,Unknown,200,40000,1561000,51446045,650.625,84.25,61.52216667,autumn,NoMonsoon,1
1986-0136-MYS,MYS,Malaysia,1986,11,28,22.172,95.434,East Coast States of Trengganu and Kelantan,Flood (General),Unknown,11,25000,11500,15760419,511.5,70.06666667,206.0363415,autumn,NoMonsoon,0
1986-0139-VNM,VNM,Viet Nam,1986,12,3,22.172,95.434,Central,Riverine flood,Unknown,165,0,0,60347048,511.5,70.06666667,1358.849333,winter,NoMonsoon,0
1986-0155-PHL,PHL,Philippines,1986,6,28,22.172,95.434,Davao Oriental,Flood (General),Unknown,3,612,56,56645077,511.5,70.06666667,41.69744444,summer,monsoon,0
1986-0178-LKA,LKA,Sri Lanka,1986,1,15,22.172,95.434,"Badulla, Nuwara-Eliya districts (Eastern and central provinces)",Flood (General),Unknown,43,64485,934,15731256,511.5,70.06666667,119.3917143,winter,NoMonsoon,0
1986-0222-IDN,IDN,Indonesia,1986,1,16,22.172,95.434,Timor province (Java),Flood (General),Unknown,77,19000,0,170175065,511.5,70.06666667,48.10376923,winter,NoMonsoon,0
1986-0223-IDN,IDN,Indonesia,1986,3,6,22.172,95.434,Unknown,Flood (General),Unknown,0,0,0,170175065,511.5,70.06666667,48.10376923,spring,NoMonsoon,0
1986-0224-NPL,NPL,Nepal,1986,4,6,22.172,95.434,"Helpa, Marauco, Palpa, Morang, Sunsari",Flood (General),Unknown,22,0,0,17868124,511.5,70.06666667,328.7334667,spring,NoMonsoon,0
1986-0225-IRN,IRN,Iran (Islamic Republic of),1986,4,28,22.172,95.434,Unknown,Flood (General),Unknown,65,0,30000,51446045,650.625,84.25,61.52216667,spring,NoMonsoon,0
1986-0229-CHN,CHN,China,1986,7,15,22.172,95.434,Yunnan,Flood (General),Unknown,233,7000000,1210,1066790000,511.5,70.06666667,2227.122359,summer,monsoon,1
1986-0232-BGD,BGD,Bangladesh,1986,8,7,22.172,95.434,Chapai,Flood (General),Unknown,26,0,0,102635572,511.5,70.06666667,11968.294,summer,monsoon,0
1986-0239-IND,IND,India,1986,10,10,22.172,95.434,Unknown,Flood (General),Unknown,50,0,276100,790689978,429.8333333,48.33333333,1254.5155,autumn,NoMonsoon,0
1986-0385-IND,IND,India,1986,7,15,22.172,95.434,Unknown,Flood (General),Unknown,14,0,0,790689978,429.8333333,48.33333333,1254.5155,summer,monsoon,0
1986-0391-JPN,JPN,Japan,1986,7,15,22.172,95.434,Unknown,Flood (General),Unknown,14,162000,0,121482000,511.5,70.06666667,108.9076711,summer,monsoon,1
1987-0063-IDN,IDN,Indonesia,1987,2,23,22.172,95.434,Esatern Java,Riverine flood,Unknown,3,26000,1700,173511154,511.5,70.06666667,48.10376923,winter,NoMonsoon,0
1987-0084-MDV,MDV,Maldives,1987,4,11,22.172,95.434,Unknown,Flood (General),Unknown,0,300,6000,203944,511.5,70.06666667,328.7334667,spring,NoMonsoon,0
1987-0087-IDN,IDN,Indonesia,1987,5,15,22.172,95.434,Bengkulu (South Sumatra),Flood (General),Unknown,37,0,4000,173511154,511.5,70.06666667,48.10376923,spring,NoMonsoon,0
1987-0098-CHN,CHN,China,1987,5,21,22.172,95.434,Guangdong province,Riverine flood,Unknown,92,350000,0,1084035000,511.5,70.06666667,2227.122359,spring,NoMonsoon,1
1987-0112-LBN,LBN,Lebanon,1987,6,14,22.172,95.434,Northern Bekaa Region,Flood (General),Unknown,0,1500,10000,3385555,511.5,70.06666667,328.7334667,summer,monsoon,0
1987-0132-BGD,BGD,Bangladesh,1987,7,22,22.172,95.434,"Rangpur, Netrokona, Gaibandha, Noagaon, Kurigram, Jamlpur, Cox's Bazar, Chittagong, Noahkali districts",Riverine flood,Unknown,2055,29700000,330000,104959291,511.5,70.06666667,11968.294,summer,monsoon,1
1987-0133-IRN,IRN,Iran (Islamic Republic of),1987,7,24,22.172,95.434,"Teheran, East, Southwest of Iran",Riverine flood,Unknown,147,0,0,53323493,650.625,84.25,61.52216667,summer,monsoon,0
1987-0134-CHN,CHN,China,1987,7,28,22.172,95.434,Guangdong province,Flood (General),Unknown,20,590000,0,1084035000,511.5,70.06666667,2227.122359,summer,monsoon,1
1987-0137-IND,IND,India,1987,8,15,22.172,95.434,"Assam, Bihar, West Bengal",Riverine flood,Unknown,1200,18000000,545000,808931270,429.8333333,48.33333333,1254.5155,summer,monsoon,1
1987-0194-JOR,JOR,Jordan,1987,10,16,22.172,95.434,Zarqa,Flood (General),Unknown,9,0,0,3047634,511.5,70.06666667,4.15425,autumn,NoMonsoon,0
1987-0219-THA,THA,Thailand,1987,11,30,22.172,95.434,South,Flood (General),Unknown,24,0,7200,52074105,511.5,70.06666667,454.353,autumn,NoMonsoon,0
1987-0221-MYS,MYS,Malaysia,1987,12,15,22.172,95.434,East coast states,Flood (General),Unknown,3,2576,0,16276737,511.5,70.06666667,206.0363415,winter,NoMonsoon,0
1987-0228-IDN,IDN,Indonesia,1987,12,14,22.172,95.434,West Sumatra,Flood (General),Unknown,38,0,0,173511154,511.5,70.06666667,48.10376923,winter,NoMonsoon,0
1987-0232-IDN,IDN,Indonesia,1987,12,25,22.172,95.434,"Esp. Polmas, Pinrang (Sulawesi)",Flood (General),Unknown,119,0,60000,173511154,511.5,70.06666667,48.10376923,winter,NoMonsoon,0
1987-0293-HKG,HKG,"China, Hong Kong Special Administrative Region",1987,7,22,22.172,95.434,"Hong Kong, Kwai Chung",Flood (General),Unknown,0,1000,0,5580500,511.5,70.06666667,0.1455,summer,monsoon,0
1987-0311-IRN,IRN,Iran (Islamic Republic of),1987,9,15,22.172,95.434,Unknown,Flood (General),Unknown,544,0,0,53323493,650.625,84.25,61.52216667,autumn,monsoon,1
1987-0319-BGD,BGD,Bangladesh,1987,8,15,22.172,95.434,Unknown,Flood (General),Unknown,225,0,727500,104959291,511.5,70.06666667,11968.294,summer,monsoon,0
1987-0320-NPL,NPL,Nepal,1987,8,15,22.172,95.434,"Sinhulpalhowk, Nuwakot, Dolakha, Gorkha districts, eastern Terai, Jhapa, Morang, Sunsaro, Saptari, Udayapur",Flood (General),"Sunkoshi Basin, Sapta Koshi Basin",188,351000,95490,18250505,511.5,70.06666667,328.7334667,summer,monsoon,1
1987-0321-KOR,KOR,Republic of Korea,1987,8,16,22.172,95.434,Unknown,Riverine flood,Unknown,50,0,22000,41621690,511.5,70.06666667,213.3785,summer,monsoon,0
1987-0383-IRN,IRN,Iran (Islamic Republic of),1987,3,7,22.172,95.434,Unknown,Flood (General),Unknown,30,0,0,53323493,650.625,84.25,61.52216667,spring,NoMonsoon,0
1987-0386-IND,IND,India,1987,5,15,22.172,95.434,Cachemire,Flood (General),Unknown,25,0,0,808931270,429.8333333,48.33333333,1254.5155,spring,NoMonsoon,0
1987-0387-IRN,IRN,Iran (Islamic Republic of),1987,6,15,22.172,95.434,Unknown,Flood (General),Unknown,53,0,0,53323493,650.625,84.25,61.52216667,summer,monsoon,0
1987-0393-CHN,CHN,China,1987,7,5,22.172,95.434,Anhui,Riverine flood,Unknown,56,0,0,1084035000,511.5,70.06666667,2227.122359,summer,monsoon,0
1987-0394-IND,IND,India,1987,7,9,22.172,95.434,Andhra Pradesh,Flood (General),Unknown,30,0,0,808931270,429.8333333,48.33333333,1254.5155,summer,monsoon,0
1987-0402-IRN,IRN,Iran (Islamic Republic of),1987,8,7,22.172,95.434,Unknown,Flood (General),Unknown,50,0,0,53323493,650.625,84.25,61.52216667,summer,monsoon,0
1987-0408-CHN,CHN,China,1987,8,26,22.172,95.434,Jihan (Shandong province),Riverine flood,Unknown,51,0,0,1084035000,511.5,70.06666667,2227.122359,summer,monsoon,0
1987-0410-IND,IND,India,1987,9,18,22.172,95.434,Uttar Pradesh,Flood (General),Unknown,59,300000,0,808931270,429.8333333,48.33333333,1254.5155,autumn,monsoon,1
1987-0412-IRN,IRN,Iran (Islamic Republic of),1987,10,27,22.172,95.434,"Bachtaran, Liam, Hamadan",Flood (General),Unknown,41,0,0,53323493,650.625,84.25,61.52216667,autumn,NoMonsoon,0
1987-0549-PRK,PRK,Democratic People's Republic of Korea,1987,7,15,22.172,95.434,Unknown,Flood (General),Unknown,231,20000,0,20205483,511.5,70.06666667,72.38114286,summer,monsoon,0
1987-0550-PRK,PRK,Democratic People's Republic of Korea,1987,7,15,22.172,95.434,Unknown,Flood (General),Unknown,84,0,0,20205483,511.5,70.06666667,72.38114286,summer,monsoon,0
1987-0589-IDN,IDN,Indonesia,1987,11,15,22.172,95.434,Aceh province (North Sumatra),Flood (General),Unknown,4,2000,0,173511154,511.5,70.06666667,48.10376923,autumn,NoMonsoon,0
1988-0148-CHN,CHN,China,1988,4,15,22.172,95.434,"Zhejiang, Heilongjiang provinces",Flood (General),Unknown,577,22000000,1063564,1101630000,511.5,70.06666667,2227.122359,spring,NoMonsoon,1
1988-0215-CHN,CHN,China,1988,5,20,22.172,95.434,"Fujian, Jiangxi, Hunan, Guangdong provinces",Riverine flood,Unknown,158,2880000,91644,1101630000,511.5,70.06666667,2227.122359,spring,NoMonsoon,1
1988-0235-AFG,AFG,Afghanistan,1988,6,15,22.172,95.434,"Badakhshan, Baghlan, Herat, Kabul, Jouzjan,,Samangan, Takhar provinces",Flood (General),Unknown,0,161000,260000,11523298,526,70.06666667,68.6501,summer,monsoon,1
1988-0240-CHN,CHN,China,1988,6,15,22.172,95.434,Jiangxi province,Riverine flood,Unknown,22,35000,12000,1101630000,511.5,70.06666667,2227.122359,summer,monsoon,0
1988-0242-BGD,BGD,Bangladesh,1988,6,15,22.172,95.434,Unknown,Flood (General),Unknown,2379,45000000,2137000,107216008,511.5,70.06666667,11968.294,summer,monsoon,1
1988-0244-IND,IND,India,1988,6,15,22.172,95.434,"Bihar, West Bengal, Assam",Riverine flood,Unknown,250,16500000,929200,827342990,429.8333333,48.33333333,1254.5155,summer,monsoon,1
1988-0286-NPL,NPL,Nepal,1988,7,15,22.172,95.434,Unknown,Riverine flood,Unknown,27,0,0,18638661,511.5,70.06666667,328.7334667,summer,monsoon,0
1988-0294-BGD,BGD,Bangladesh,1988,7,15,22.172,95.434,"Sunamganj, Netrokona, Satkhira, Bogra, Moulavibazar, Habaganj, Rangpur",Riverine flood,Unknown,61,0,0,107216008,511.5,70.06666667,11968.294,summer,monsoon,0
1988-0320-CHN,CHN,China,1988,7,23,22.172,95.434,Gansu province,Flash flood,Unknown,54,0,0,1101630000,511.5,70.06666667,2227.122359,summer,monsoon,0
1988-0332-PAK,PAK,Pakistan,1988,8,15,22.172,95.434,"Punjab, Sind, mountain provinces",Riverine flood,Unknown,196,0,0,108724739,511.5,75.33333333,351.4056296,summer,monsoon,0
1988-0363-CHN,CHN,China,1988,8,6,22.172,95.434,Shanxi province,Flash flood,Unknown,204,30000,0,1101630000,511.5,70.06666667,2227.122359,summer,monsoon,0
1988-0388-CHN,CHN,China,1988,8,24,22.172,95.434,Shandong province,Riverine flood,Unknown,0,280000,0,1101630000,511.5,70.06666667,2227.122359,summer,monsoon,1
1988-0392-IRN,IRN,Iran (Islamic Republic of),1988,8,26,22.172,95.434,Damavand/Rou Dehan/Abe-Ali,Flood (General),Unknown,90,150000,150000,55072694,650.625,84.25,61.52216667,summer,monsoon,1
1988-0401-CHN,CHN,China,1988,9,15,22.172,95.434,Guangxi & Guizhou,Flood (General),Unknown,58,300000,256000,1101630000,511.5,70.06666667,2227.122359,autumn,monsoon,1
1988-0402-CHN,CHN,China,1988,9,15,22.172,95.434,"Hunan, Hubei provinces",Riverine flood,Unknown,170,0,540000,1101630000,511.5,70.06666667,2227.122359,autumn,monsoon,0
1988-0438-IND,IND,India,1988,9,22,22.172,95.434,"Punjab, Himachal Pradesh, Haryana, Jamuu and Kashmir, Delhi",Riverine flood,Unknown,1000,221000,18000,827342990,429.8333333,48.33333333,1254.5155,autumn,monsoon,1
1988-0494-IDN,IDN,Indonesia,1988,12,20,22.172,95.434,"Central & West Java, Sumatra, Kalimantan",Riverine flood,Unknown,158,100000,4600,176855065,511.5,70.06666667,48.10376923,winter,NoMonsoon,0
1988-0504-IDN,IDN,Indonesia,1988,11,6,22.172,95.434,Flores IsL.,Riverine flood,Unknown,21,0,0,176855065,511.5,70.06666667,48.10376923,autumn,NoMonsoon,0
1988-0509-MYS,MYS,Malaysia,1988,11,12,22.172,95.434,Kelantan + East cost states,Riverine flood,Unknown,27,60000,0,16796605,511.5,70.06666667,206.0363415,autumn,NoMonsoon,0
1988-0512-THA,THA,Thailand,1988,11,19,22.172,95.434,"Chumphon, Surat Thani, Nakhon Si Thammarat, Phatthalung, Krabi, Songkhla, Yala, Pattani, Ranong, Narathiwat, Satun, Phuket, Trang, Prachuap Khiri Khan provinces",Riverine flood,Unknown,664,1112941,169146,52969595,511.5,70.06666667,454.353,autumn,NoMonsoon,1
1988-0684-TUR,TUR,Türkiye,1988,6,13,22.172,95.434,Ankara,Flash flood,Unknown,13,1000,0,53909626,713.75,103.25,118.8255714,summer,monsoon,0
1988-0696-JPN,JPN,Japan,1988,7,9,22.172,95.434,Unknown,Riverine flood,Unknown,27,0,0,122578000,511.5,70.06666667,108.9076711,summer,monsoon,0
1988-0703-IND,IND,India,1988,8,15,22.172,95.434,"Uttar Pradesh, Assam, Bihar, West Bengal, Arunachal Pradesh",Flood (General),Unknown,850,5600000,0,827342990,429.8333333,48.33333333,1254.5155,summer,monsoon,1
1989-0021-LKA,LKA,Sri Lanka,1989,5,30,22.172,95.434,"Colombo, Gampaha, Kegalle, Ratnapura, Kalutara, Galle, Matara, Nuwera Eliya, Aranayake districts",Riverine flood,Unknown,325,300000,35000,16248557,511.5,70.06666667,119.3917143,spring,NoMonsoon,1
1989-0037-YMD,YMD,People's Democratic Republic of Yemen,1989,3,19,22.172,95.434,Saiyoon district (Central and Eastern regions),Riverine flood,Unknown,25,260000,33000,96337125,511.5,70.06666667,328.7334667,spring,NoMonsoon,1
1989-0041-IRN,IRN,Iran (Islamic Republic of),1989,4,4,22.172,95.434,Zabol (Balouchestan),Flood (General),Unknown,0,150000,2000,56704914,650.625,84.25,61.52216667,spring,NoMonsoon,1
1989-0087-CHN,CHN,China,1989,7,14,22.172,95.434,"Anhui, Hebei, Hubei, Jiangsu, Jiangxi, Jilin, Sichuan, Zhejiang provinces",Flood (General),Unknown,2000,100000000,2789000,1118650000,511.5,70.06666667,2227.122359,summer,monsoon,1
1989-0091-IND,IND,India,1989,7,28,22.172,95.434,"Maharashtra, Andhra Pradesh, Gujarat",Riverine flood,Unknown,1591,0,0,846039529,429.8333333,48.33333333,1254.5155,summer,monsoon,1
1989-0094-PHL,PHL,Philippines,1989,2,9,22.172,95.434,"Sorgoson, Camatines Sur, Samar",Flood (General),Unknown,44,260000,6000,61265260,511.5,70.06666667,41.69744444,winter,NoMonsoon,1
1989-0119-BGD,BGD,Bangladesh,1989,8,14,22.172,95.434,"Sylhet,Bandarban, Cox's Bazar, Chittagong district,",Riverine flood,Unknown,180,200000,0,109433799,511.5,70.06666667,11968.294,summer,monsoon,1
1989-0159-IDN,IDN,Indonesia,1989,6,3,22.172,95.434,Madiun Regency (East Java),Flood (General),Unknown,0,29000,0,180201630,511.5,70.06666667,48.10376923,summer,monsoon,0
1989-0260-IND,IND,India,1989,8,15,22.172,95.434,"Assam, Arunachal Pradesh, Manipur, Mizorem",Riverine flood,Unknown,18,0,0,846039529,429.8333333,48.33333333,1254.5155,summer,monsoon,0
1989-0262-IDN,IDN,Indonesia,1989,6,20,22.172,95.434,Ambon (Malucu Isl.),Flood (General),Unknown,18,32500,0,180201630,511.5,70.06666667,48.10376923,summer,monsoon,0
1989-0270-PAK,PAK,Pakistan,1989,8,4,22.172,95.434,"Punjab/Sialkot, Sargodha, Rajanpur, Jhang districts",Riverine flood,Unknown,20,142400,0,112336629,511.5,75.33333333,351.4056296,summer,monsoon,1
1989-0272-PHL,PHL,Philippines,1989,8,15,22.172,95.434,Metro Manila,Riverine flood,Unknown,0,47500,0,61265260,511.5,70.06666667,41.69744444,summer,monsoon,0
1989-0291-HKG,HKG,"China, Hong Kong Special Administrative Region",1989,5,15,22.172,95.434,Unknown,Riverine flood,Unknown,3,1142,0,5686200,511.5,70.06666667,0.1455,spring,NoMonsoon,0
1989-0433-YMN,YMN,Yemen Arab Republic,1989,4,6,22.172,95.434,Unknown,Riverine flood,Unknown,38,0,0,96337125,511.5,70.06666667,328.7334667,spring,NoMonsoon,0
1989-0569-JPN,JPN,Japan,1989,7,15,22.172,95.434,Unknown,Flood (General),Unknown,10,0,0,123069000,511.5,70.06666667,108.9076711,summer,monsoon,0
1990-0001-LKA,LKA,Sri Lanka,1990,1,6,22.172,95.434,"Ampara, Badulla, Kandy, Kurunegala, Matale, Monaragala, Nuwera, Eliya, Polonnaruwa, Trincomalee districts",Riverine flood,Unknown,33,400000,0,16352458,511.5,70.06666667,119.3917143,winter,NoMonsoon,1
1990-0005-IDN,IDN,Indonesia,1990,1,26,22.172,95.434,"Semarang, Temanggung, Batang, Kendal, Pati, Sragen, Grobongan, Cilacap, Demak, Rembang, Banyumas municipalities (Central Java)",Riverine flood,Banjir Kanal Barat river,169,21000,4800,183501098,511.5,70.06666667,48.10376923,winter,NoMonsoon,0
1990-0023-TUR,TUR,Türkiye,1990,6,18,22.172,95.434,"Giresun, Gumushane, Trazbon provinces",Riverine flood,Unknown,51,4500,150000,56015628,713.75,103.25,118.8255714,summer,monsoon,0
1990-0024-CHN,CHN,China,1990,6,5,22.172,95.434,Hunan province,Riverine flood,Unknown,363,26000000,592000,1135185000,511.5,70.06666667,2227.122359,summer,monsoon,1
1990-0027-PHL,PHL,Philippines,1990,6,17,22.172,95.434,"Manukan, Bacungan, Zamboanga city (Zamboanga Del Norte province)",Flash flood,Unknown,98,236,43,62854666,511.5,70.06666667,41.69744444,summer,monsoon,0
1990-0039-CHN,CHN,China,1990,7,4,22.172,95.434,"Shaanxi, Sichuan provinces",Riverine flood,"Jtalin, Han and Wet Rivers, Hanjiang River",72,0,211000,1135185000,511.5,70.06666667,2227.122359,summer,monsoon,0
1990-0048-VNM,VNM,Viet Nam,1990,6,20,22.172,95.434,"Son La, Hoang Lien Son, Ha Tuyen, Binh Dinh, Dac Lac, Lai Chau, Muong Lay provinces",Riverine flood,Unknown,82,10000,725,65504552,511.5,70.06666667,1358.849333,summer,monsoon,0
1990-0075-KOR,KOR,Republic of Korea,1990,9,11,22.172,95.434,"Seoul, Kyonggi, Kangwon, Inchon Provinces",Riverine flood,Han,127,189233,38000,42869283,511.5,70.06666667,213.3785,autumn,monsoon,1
1990-0095-BGD,BGD,Bangladesh,1990,3,24,22.172,95.434,"Habiganj district, Noakhali District (North Eastern)",Riverine flood,Khowai River,166,10000,0,111633717,511.5,70.06666667,11968.294,spring,NoMonsoon,0
1990-0103-IND,IND,India,1990,3,21,22.172,95.434,"Jammu, Kargil district (Kashmir)",Flash flood,Ballol canal,69,0,0,864972221,429.8333333,48.33333333,1254.5155,spring,NoMonsoon,0
1990-0399-NPL,NPL,Nepal,1990,8,27,22.172,95.434,"Chitwan District, Buwal, Jajarkot and Rolpa Districts",Riverine flood,Unknown,30,2500,0,19524573,511.5,70.06666667,328.7334667,summer,monsoon,0
1990-0412-IRN,IRN,Iran (Islamic Republic of),1990,10,16,22.172,95.434,"Gillan, Mazandaran",Riverine flood,Unknown,0,0,77400,58380092,650.625,84.25,61.52216667,autumn,NoMonsoon,0
1990-0414-IND,IND,India,1990,10,24,22.172,95.434,Tami Nadu state,Riverine flood,Unknown,60,0,0,864972221,429.8333333,48.33333333,1254.5155,autumn,NoMonsoon,0
1990-0572-JPN,JPN,Japan,1990,6,25,22.172,95.434,Kyushu,Riverine flood,Unknown,27,0,1700000,123478000,511.5,70.06666667,108.9076711,summer,monsoon,1
1990-0589-IND,IND,India,1990,8,15,22.172,95.434,Unknown,Flood (General),Unknown,74,0,0,864972221,429.8333333,48.33333333,1254.5155,summer,monsoon,0
1990-0603-LKA,LKA,Sri Lanka,1990,12,24,22.172,95.434,Ampara,Riverine flood,Unknown,0,40000,0,16352458,511.5,70.06666667,119.3917143,winter,NoMonsoon,0
1990-0609-BGD,BGD,Bangladesh,1990,7,14,22.172,95.434,"Rajshabi division, Sirajganj, Jamalpur, Bogra, Pabna",Riverine flood,"Jamuna (Brahmaputra) River, Padma (Ganges) River, Mahananda, Pagla and Punarbhaba Rivers",65,2000000,6000,111633717,511.5,70.06666667,11968.294,summer,monsoon,1
1990-0616-PHL,PHL,Philippines,1990,8,25,22.172,95.434,Capital region Manila and Northern Luzon.,Coastal flood,Unknown,28,50000,0,62854666,511.5,70.06666667,41.69744444,summer,monsoon,0
1990-0634-TUR,TUR,Türkiye,1990,2,18,22.172,95.434,"Kahraman Maras Province, Bingol Province, Gazientep",Riverine flood,Unknown,18,0,0,56015628,713.75,103.25,118.8255714,winter,NoMonsoon,0
1990-0645-PHL,PHL,Philippines,1990,9,15,22.172,95.434,Unknown,Flood (General),Unknown,50,662500,0,62854666,511.5,70.06666667,41.69744444,autumn,monsoon,1
1990-0699-CHN,CHN,China,1990,7,15,22.172,95.434,Shandong province,Riverine flood,Unknown,60,16000000,0,1135185000,511.5,70.06666667,2227.122359,summer,monsoon,1
1990-0709-IDN,IDN,Indonesia,1990,4,4,22.172,95.434,Bogor (Jakarta),Flood (General),Unknown,22,0,0,183501098,511.5,70.06666667,48.10376923,spring,NoMonsoon,0
1990-0714-IND,IND,India,1990,6,13,22.172,95.434,Bombay (Assam state),Riverine flood,Unknown,21,0,0,864972221,429.8333333,48.33333333,1254.5155,summer,monsoon,0
1991-0030-IRN,IRN,Iran (Islamic Republic of),1991,1,27,22.172,95.434,"Sistan-Baluchistan, Kerman, Khorasan provinces",Riverine flood,Hirmand,6,100000,28000,59986931,650.625,84.25,61.52216667,winter,NoMonsoon,0
1991-0032-AFG,AFG,Afghanistan,1991,2,6,22.172,95.434,"Badakhstan, Baglan, Laghman, Nangarhar Farah, Helmand, Kandahar, Nimroz, Zabul, Kabul provinces",Riverine flood,Helmand,415,100000,60000,12238879,526,70.06666667,68.6501,winter,NoMonsoon,0
1991-0123-CHN,CHN,China,1991,6,1,22.172,95.434,"Anhui, Jiangsu, Henan, Guizhou, Sichuan, Hunan, Hubei, Gansu , Guangxi provinces",Riverine flood,Huailhe and Yangtze,1729,206000000,7500000,1150780000,511.5,70.06666667,2227.122359,summer,monsoon,1
1991-0130-AFG,AFG,Afghanistan,1991,5,28,22.172,95.434,"Arabjar, Chakush, Jabash Khurt, Lab-e-Jar, Qurda Ariq, Sultuq Khort, Aqcha, Qara Boyen (Jawzjan province)",Riverine flood,Unknown,728,30000,0,12238879,526,70.06666667,68.6501,spring,NoMonsoon,1
1991-0168-MMR,MMR,Myanmar,1991,7,13,22.172,95.434,"Sagaing, Ayeyarwady divisions",Riverine flood,Unknown,23,359976,79840,40394154,511.5,70.06666667,4552.1444,summer,monsoon,1
1991-0170-BGD,BGD,Bangladesh,1991,7,15,22.172,95.434,Rajskabi division,Riverine flood,Unknown,0,1590000,0,113787109,511.5,70.06666667,11968.294,summer,monsoon,1
1991-0177-KOR,KOR,Republic of Korea,1991,7,22,22.172,95.434,Seoul and surroundings,Riverine flood,Unknown,54,0,105000,43295704,511.5,70.06666667,213.3785,summer,monsoon,0
1991-0189-IND,IND,India,1991,7,13,22.172,95.434,"Assam, Meghalaya states",Coastal flood,Brahmaputra,59,2000000,0,883927600,429.8333333,48.33333333,1254.5155,summer,monsoon,1
1991-0211-KHM,KHM,Cambodia,1991,8,22,22.172,95.434,"Kampong Cham, Prey Veng, Kampot, Kampong Spen, Takeo, Kandal Provinces",Riverine flood,Unknown,100,650000,150000,7686850,511.5,70.06666667,3965.6898,summer,monsoon,1
1991-0224-BGD,BGD,Bangladesh,1991,9,2,22.172,95.434,Rangpur,Riverine flood,Unknown,65,0,150000,113787109,511.5,70.06666667,11968.294,autumn,monsoon,0
1991-0227-CHN,CHN,China,1991,9,7,22.172,95.434,Guangdong province,Flood (General),Unknown,26,0,14120,1150780000,511.5,70.06666667,2227.122359,autumn,monsoon,0
1991-0229-VNM,VNM,Viet Nam,1991,8,15,22.172,95.434,"An Giang, Long An, Dong Thap, Kien Giang provinces",Riverine flood,Unknown,21,270000,5000,66891775,511.5,70.06666667,1358.849333,summer,monsoon,1
1991-0278-IND,IND,India,1991,6,10,22.172,95.434,"Bombay, Kerala, Gujarat",Riverine flood,Unknown,72,300000,100000,883927600,429.8333333,48.33333333,1254.5155,summer,monsoon,1
1991-0315-VNM,VNM,Viet Nam,1991,7,28,22.172,95.434,"Son La, Lai Chau provinces",Riverine flood,Unknown,38,4000,3200,66891775,511.5,70.06666667,1358.849333,summer,monsoon,0
1991-0321-LKA,LKA,Sri Lanka,1991,6,2,22.172,95.434,"Galle, Kalatura, Colombo, Gampaha districts",Riverine flood,Unknown,27,100000,30000,16475354,511.5,70.06666667,119.3917143,summer,monsoon,0
1991-0338-IND,IND,India,1991,5,7,22.172,95.434,"Assam, Tripura, Arunachal, Mizorem",Coastal flood,Ghagra,30,2000000,0,883927600,429.8333333,48.33333333,1254.5155,spring,NoMonsoon,1
1991-0342-JOR,JOR,Jordan,1991,3,21,22.172,95.434,"Karak, Tafileh, Ma'an",Flash flood,Unknown,8,18000,0,3915149,511.5,70.06666667,4.15425,spring,NoMonsoon,0
1991-0379-PHL,PHL,Philippines,1991,11,11,22.172,95.434,Near Leyte (Samar Isl.),Coastal flood,Unknown,10,0,0,64382249,511.5,70.06666667,41.69744444,autumn,NoMonsoon,0
1991-0431-IND,IND,India,1991,10,30,22.172,95.434,Near Thondebhavi (Karnataka),Riverine flood,Unknown,60,0,0,883927600,429.8333333,48.33333333,1254.5155,autumn,NoMonsoon,0
1991-0434-IRN,IRN,Iran (Islamic Republic of),1991,12,10,22.172,95.434,"Khoram Abad (Luristan province), Gachsaran (Khuzistan province) , Shahreza (Esfahan province), Boir Ahamadi",Riverine flood,Unknown,22,0,0,59986931,650.625,84.25,61.52216667,winter,NoMonsoon,0
1991-0495-AFG,AFG,Afghanistan,1991,4,13,22.172,95.434,Takhar province,Riverine flood,Unknown,50,0,0,12238879,526,70.06666667,68.6501,spring,NoMonsoon,0
1991-0509-IND,IND,India,1991,6,1,22.172,95.434,Kerala state,Riverine flood,Unknown,99,0,118000,883927600,429.8333333,48.33333333,1254.5155,summer,monsoon,0
1991-0512-IDN,IDN,Indonesia,1991,6,6,22.172,95.434,Kalimatan province,Riverine flood,Unknown,97,0,0,186778238,511.5,70.06666667,48.10376923,summer,monsoon,0
1991-0527-IND,IND,India,1991,7,30,22.172,95.434,"Andhra Pradesh, Maharashtra, Orissa, Gujarat, Madhya Pradesh",Riverine flood,Unknown,524,0,0,883927600,429.8333333,48.33333333,1254.5155,summer,monsoon,1
1991-0530-THA,THA,Thailand,1991,8,15,22.172,95.434,Mae Salui and surrounding areas (North),Riverine flood,Unknown,16,0,0,55637434,511.5,70.06666667,454.353,summer,monsoon,0
1991-0532-IND,IND,India,1991,8,15,22.172,95.434,"Haryana, Uttar Pradesh, Himachal Pradesh, Bihar states",Riverine flood,Unknown,88,0,0,883927600,429.8333333,48.33333333,1254.5155,summer,monsoon,0
1991-0533-PHL,PHL,Philippines,1991,8,20,22.172,95.434,Luzon Isl.,Coastal flood,Unknown,50,0,0,64382249,511.5,70.06666667,41.69744444,summer,monsoon,0
1991-0538-VNM,VNM,Viet Nam,1991,9,19,22.172,95.434,"An Giang, Dong Thap, Long An, Tien Giang, Kien Giang provinces (Mekong Delta)",Riverine flood,Mekong river,136,21000,38500,66891775,511.5,70.06666667,1358.849333,autumn,monsoon,0
1991-0542-IRN,IRN,Iran (Islamic Republic of),1991,10,3,22.172,95.434,Fars province,Riverine flood,Unknown,28,0,404000,59986931,650.625,84.25,61.52216667,autumn,NoMonsoon,0
1991-0692-IDN,IDN,Indonesia,1991,12,16,22.172,95.434,"Riau, Jambi, Lampung provinces (Sumatra)",Riverine flood,Unknown,15,240000,14800,186778238,511.5,70.06666667,48.10376923,winter,NoMonsoon,1
1991-0693-YEM,YEM,Yemen,1991,12,15,22.172,95.434,Socotra IsL.,Riverine flood,Unknown,0,0,0,14430201,706.5,89,328.7334667,winter,NoMonsoon,0
1991-0703-NPL,NPL,Nepal,1991,3,15,22.172,95.434,Unknown,Flood (General),Unknown,51,450,0,20036500,511.5,70.06666667,328.7334667,spring,NoMonsoon,0
1991-0708-PHL,PHL,Philippines,1991,3,15,22.172,95.434,Tangag (Surigao del Sur),Flash flood,Unknown,10,0,1300,64382249,511.5,70.06666667,41.69744444,spring,NoMonsoon,0
1991-0709-THA,THA,Thailand,1991,10,26,22.172,95.434,Southern coast,Flood (General),Unknown,1,14474,1478,55637434,511.5,70.06666667,454.353,autumn,NoMonsoon,0
1991-0714-TUR,TUR,Türkiye,1991,5,16,22.172,95.434,"Diyarbakir, Malatya, Adiyaman, Elazig, Bingol, Mus provinces",Flash flood,Unknown,42,500,25000,57009887,713.75,103.25,118.8255714,spring,NoMonsoon,0
1991-0761-LAO,LAO,Lao People's Democratic Republic,1991,9,15,22.172,95.434,"Khammouane, Savannakhet, Champassak",Riverine flood,Unknown,0,332000,0,4435118,511.5,70.06666667,1192.554816,autumn,monsoon,1
1991-0763-IRN,IRN,Iran (Islamic Republic of),1991,3,7,22.172,95.434,"Khuzestan, Hormuzgan, Fars, kohgiluyeh-Boyerahmad, Kerman, Sistan provinces",Riverine flood,Unknown,0,100000,1400,59986931,650.625,84.25,61.52216667,spring,NoMonsoon,0
1991-0764-BGD,BGD,Bangladesh,1991,5,14,22.172,95.434,Sylhet district,Riverine flood,"Surma, Kushiara",200,1200000,0,113787109,511.5,70.06666667,11968.294,spring,NoMonsoon,1
1991-0766-IND,IND,India,1991,9,14,22.172,95.434,West Bengal state,Riverine flood,Unknown,84,4000000,40000,883927600,429.8333333,48.33333333,1254.5155,autumn,monsoon,1
1991-0767-CHN,CHN,China,1991,8,9,22.172,95.434,"Heilongjiang, Sichuan, Jilin provinces",Riverine flood,Yangtze,106,0,530000,1150780000,511.5,70.06666667,2227.122359,summer,monsoon,0
1991-0770-PAK,PAK,Pakistan,1991,2,15,22.172,95.434,Balochistan,Riverine flood,Unknown,24,0,0,120060406,511.5,75.33333333,351.4056296,winter,NoMonsoon,0
1992-0036-CHN,CHN,China,1992,3,15,22.172,95.434,"Jiangxi, Fujian, Guangdong, Hunan provinces",Riverine flood,Unknown,248,210000,170000,1164970000,511.5,70.06666667,2227.122359,spring,NoMonsoon,1
1992-0057-PHL,PHL,Philippines,1992,7,15,22.172,95.434,"Abra, Benguet, Mt. Province, Ilocos Norte, Ilocos Sur, Bataan, Bulacan, Pampanga, Zambales, Pangasinan, Tarlac, Cavite, La Union, National Capital region",Flood (General),Unknown,60,942764,74200,65926125,511.5,70.06666667,41.69744444,summer,monsoon,1
1992-0060-PAK,PAK,Pakistan,1992,7,15,22.172,95.434,Sindh province,Flood (General),Unknown,112,3233103,230,123546848,511.5,75.33333333,351.4056296,summer,monsoon,1
1992-0062-PAK,PAK,Pakistan,1992,9,8,22.172,95.434,Azad Kashmir and Punjab,Riverine flood,Unknown,1334,6655450,1000000,123546848,511.5,75.33333333,351.4056296,autumn,monsoon,1
1992-0063-AFG,AFG,Afghanistan,1992,9,3,22.172,95.434,"Salang, Ghorband, Shutul valleys, Guhabahar, Shoul Dara, Parwan and Kapisa provinces",Flash flood,Unknown,450,4000,4000,13278974,526,70.06666667,68.6501,autumn,monsoon,0
1992-0073-IRN,IRN,Iran (Islamic Republic of),1992,4,28,22.172,95.434,"Gorgan, Khorasan",Riverine flood,Unknown,63,17500,2969100,61184983,650.625,84.25,61.52216667,spring,NoMonsoon,1
1992-0074-IRN,IRN,Iran (Islamic Republic of),1992,7,9,22.172,95.434,"Gilan, Mazandaran provinces",Riverine flood,Unknown,0,15000,500300,61184983,650.625,84.25,61.52216667,summer,monsoon,0
1992-0083-IND,IND,India,1992,9,8,22.172,95.434,"Uttar Pradesh, Jammu, Madhya Pradesh",Riverine flood,Unknown,500,70000,57850,902957070,429.8333333,48.33333333,1254.5155,autumn,monsoon,0
1992-0144-VNM,VNM,Viet Nam,1992,10,5,22.172,95.434,"Nghe An, Ha Tinh, Quang Binh, Quang Tri, Thua Thien-Hue, Quang Nam-Da Nang provinces",Riverine flood,Unknown,55,44109,47700,68260337,511.5,70.06666667,1358.849333,autumn,NoMonsoon,0
1992-0145-VNM,VNM,Viet Nam,1992,10,28,22.172,95.434,"Quang Binh, Quang Tri provinces",Coastal flood,Unknown,1,58000,0,68260337,511.5,70.06666667,1358.849333,autumn,NoMonsoon,0
1992-0147-IND,IND,India,1992,10,8,22.172,95.434,"Vamanapuram, Amravilla (Trivadrum district, Kerala state)",Riverine flood,Unknown,51,500,182100,902957070,429.8333333,48.33333333,1254.5155,autumn,NoMonsoon,0
1992-0190-BGD,BGD,Bangladesh,1992,4,18,22.172,95.434,"Kishoreganj, Brahmambaria districts",Riverine flood,Unknown,15,0,0,115952192,511.5,70.06666667,11968.294,spring,NoMonsoon,0
1992-0196-HKG,HKG,"China, Hong Kong Special Administrative Region",1992,4,1,22.172,95.434,"Tsim Sha Tsui (Mount Davis, Happy Valley)",Riverine flood,Unknown,5,1500,50000,5800500,511.5,70.06666667,0.1455,spring,NoMonsoon,0
1992-0197-AFG,AFG,Afghanistan,1992,5,8,22.172,95.434,Faizabad,Flood (General),Unknown,150,0,0,13278974,526,70.06666667,68.6501,spring,NoMonsoon,0
1992-0206-LKA,LKA,Sri Lanka,1992,6,5,22.172,95.434,"Galle, gampaha, kalutara districts (Colombo)",Riverine flood,Unknown,14,0,250000,16739284,511.5,70.06666667,119.3917143,summer,monsoon,0
1992-0210-CHN,CHN,China,1992,6,12,22.172,95.434,"Southern and Western Guizhou, Sichuan, Yunnan Provinces",Riverine flood,Unknown,88,0,3700,1164970000,511.5,70.06666667,2227.122359,summer,monsoon,0
1992-0213-BGD,BGD,Bangladesh,1992,6,22,22.172,95.434,"Maheskali, Chittagong, Cox's Bazaar districts",Riverine flood,Unknown,2,0,0,115952192,511.5,70.06666667,11968.294,summer,monsoon,0
1992-0216-CHN,CHN,China,1992,7,2,22.172,95.434,"Yueyang, Dongting and Boyang Lakes (Hunan province)",Riverine flood,Xiangjiang,96,0,146000,1164970000,511.5,70.06666667,2227.122359,summer,monsoon,0
1992-0217-CHN,CHN,China,1992,6,29,22.172,95.434,"Jaingxi, Zhejiang, Fujian provinces",Riverine flood,Min,35,0,76000,1164970000,511.5,70.06666667,2227.122359,summer,monsoon,0
1992-0233-TJK,TJK,Tajikistan,1992,5,25,22.172,95.434,Unknown,Flood (General),Unknown,1346,63500,300000,5649400,511.5,70.06666667,160.48125,spring,NoMonsoon,1
1992-0293-BGD,BGD,Bangladesh,1992,7,11,22.172,95.434,North-East,Riverine flood,Unknown,0,0,0,115952192,511.5,70.06666667,11968.294,summer,monsoon,0
1992-0297-CHN,CHN,China,1992,7,22,22.172,95.434,Sichuan province,Riverine flood,Unknown,48,0,3400,1164970000,511.5,70.06666667,2227.122359,summer,monsoon,0
1992-0298-CHN,CHN,China,1992,8,1,22.172,95.434,"Xiliao He, Hohnut, Wanjia, Shuimo, Shaanxi and Gansu Provinces",Flash flood,Unknown,25,0,110000,1164970000,511.5,70.06666667,2227.122359,summer,monsoon,0
1992-0333-IND,IND,India,1992,7,26,22.172,95.434,Orissa state,Riverine flood,Mahanadi,16,3000000,0,902957070,429.8333333,48.33333333,1254.5155,summer,monsoon,1
1992-0472-LKA,LKA,Sri Lanka,1992,12,15,22.172,95.434,Unknown,Flood (General),Unknown,1,394810,2750,16739284,511.5,70.06666667,119.3917143,winter,NoMonsoon,1
1992-0483-IND,IND,India,1992,11,10,22.172,95.434,"Tamil Nadu, Kerala, Karnataka, Andhra Pradesh states",Flood (General),Unknown,179,0,69000,902957070,429.8333333,48.33333333,1254.5155,autumn,NoMonsoon,0
1992-0484-IDN,IDN,Indonesia,1992,8,15,22.172,95.434,Trenggalek (East Java),Flood (General),Unknown,57,9330,0,190043744,511.5,70.06666667,48.10376923,summer,monsoon,0
1992-0485-KOR,KOR,Republic of Korea,1992,8,26,22.172,95.434,"Kyonggi Do, Kangwon Do, Chungchong Do",Flood (General),Unknown,5,155,0,43747962,511.5,70.06666667,213.3785,summer,monsoon,0
1992-0488-LAO,LAO,Lao People's Democratic Republic,1992,8,15,22.172,95.434,Whole country,Riverine flood,Unknown,10,0,21828,4559646,511.5,70.06666667,1192.554816,summer,monsoon,0
1992-0489-MMR,MMR,Myanmar,1992,5,15,22.172,95.434,"Pegu, Shwegyin, Myitnge, Phan",Flood (General),Unknown,5,4625,55115,40950342,511.5,70.06666667,4552.1444,spring,NoMonsoon,0
1992-0493-PHL,PHL,Philippines,1992,12,15,22.172,95.434,Region XI,Flood (General),Unknown,19,58093,0,65926125,511.5,70.06666667,41.69744444,winter,NoMonsoon,0
1992-0505-PHL,PHL,Philippines,1992,10,15,22.172,95.434,Unknown,Flood (General),Unknown,0,52800,0,65926125,511.5,70.06666667,41.69744444,autumn,NoMonsoon,0
1993-0003-IDN,IDN,Indonesia,1993,2,2,22.172,95.434,Northern coast from Indramayu District in West Java to Gresik District in East Java,Riverine flood,Unknown,59,259553,19301,193305168,511.5,70.06666667,48.10376923,winter,NoMonsoon,1
1993-0004-IRN,IRN,Iran (Islamic Republic of),1993,2,3,22.172,95.434,"Kerman, Boir, Kohkiloye, Fars, Khuzestan, Khorasan, Bushehr, Hormozgan, Ilam, Bakhtiari, Yazd, Isfahan, Lorestan provinces",Riverine flood,"Jahrai, Zohreh and Kkashkan rivers",407,484725,1000000,61403543,650.625,84.25,61.52216667,winter,NoMonsoon,1
1993-0022-YEM,YEM,Yemen,1993,2,5,22.172,95.434,"Lahej, Abyan, Aden Governorates",Riverine flood,Unknown,31,9000,1500,15563914,706.5,89,328.7334667,winter,NoMonsoon,0
1993-0028-BGD,BGD,Bangladesh,1993,6,4,22.172,95.434,"Habiganj, Sylhet, Sunamganj, Zakiganj, Moulavibazar, Feni, Chittagong, Cox's Bazar districts",Riverine flood,"Brahmaputra-Meghna, Khowai, Manu, Dhalai, Kushyara, Surma",28,3207056,0,118132360,511.5,70.06666667,11968.294,summer,monsoon,1
1993-0037-KAZ,KAZ,Kazakhstan,1993,5,26,22.172,95.434,"Embinskyi, Kzylkoginskyi, Denizskiyi districts (Atyrauskaya region), Zapadna-Kazakhstanskaya and Aktjubinskaya Regions",Riverine flood,Unknown,10,30000,36532,17274487,547,68,62.81446154,spring,NoMonsoon,0
1993-0040-LKA,LKA,Sri Lanka,1993,5,28,22.172,95.434,"Colombo, Southern Kalutara, Galle, Matara, Ratnapura areas",Riverine flood,Unknown,8,140000,310,17025918,511.5,70.06666667,119.3917143,spring,NoMonsoon,1
1993-0041-PAK,PAK,Pakistan,1993,7,7,22.172,95.434,"Narowal, Sialkot, Kasur, Lahore, Faisalabad, Multan, Khanewal, Lodhran, Muzaffargarh, Rajanpur, Sheikhupura, Rahimyarkhan, Jhang, Bhawalnagar districts (Punjab province)",Flood (General),Unknown,15,261295,0,127020117,511.5,75.33333333,351.4056296,summer,monsoon,1
1993-0042-IND,IND,India,1993,7,8,22.172,95.434,"Punjab, Haryana, Himachal Pradesh, Gujarat, Jammu and Kashmir, Rajasthan, Madhya Pradesh, Chandigarh, Assam states",Flood (General),Unknown,827,128000000,7000000,922118387,429.8333333,48.33333333,1254.5155,summer,monsoon,1
1993-0045-BGD,BGD,Bangladesh,1993,7,1,22.172,95.434,"Bogra, Sirajganj, Netrokona, Pabna, Sirajganj, Sylhet, Brahmanbaria, Hobiganj, Cox's Bazar, Feni, Comilla, Khagrachari, Bandarban, Rangamati, Maulvibazar, Habiganj and Sunamganj districts (Chittagong Region)",Riverine flood,Northeastern Meghna River Basin and Southeastern Hill Basin,162,11469537,0,118132360,511.5,70.06666667,11968.294,summer,monsoon,1
1993-0052-NPL,NPL,Nepal,1993,8,23,22.172,95.434,"Taplejung, Pantchthar, Markwanpur, Sindhuli, Sharlahi, Rautahat, Sirahana, Chitawan, Kavrepalan-chowk",Flash flood,Unknown,1048,553000,200000,21180159,511.5,70.06666667,328.7334667,summer,monsoon,1
1993-0054-PHL,PHL,Philippines,1993,8,26,22.172,95.434,"Metro Manilla, Region I, Region III",Flood (General),Unknown,5,258080,2600,67530621,511.5,70.06666667,41.69744444,summer,monsoon,1
1993-0113-PHL,PHL,Philippines,1993,2,1,22.172,95.434,"Agusan, Surigao, Davao del Norte provinces (Mindanao Island)",Riverine flood,Agusan River,23,90000,37000,67530621,511.5,70.06666667,41.69744444,winter,NoMonsoon,0
1993-0149-JPN,JPN,Japan,1993,4,29,22.172,95.434,Shimabara (Nagasaki prefecture),Flood (General),Unknown,0,4800,0,124829000,511.5,70.06666667,108.9076711,spring,NoMonsoon,0
1993-0179-CHN,CHN,China,1993,7,27,22.172,95.434,"Leshan city, Leshan prefecture. Emeishan city, Mount Emei area (Sichuan province)",Riverine flood,Unknown,41,7000,27000,1178440000,511.5,70.06666667,2227.122359,summer,monsoon,0
1993-0196-BGD,BGD,Bangladesh,1993,8,21,22.172,95.434,"Chittagong, Dhaka",Flood (General),Unknown,4,1000000,0,118132360,511.5,70.06666667,11968.294,summer,monsoon,1
1993-0213-VNM,VNM,Viet Nam,1993,10,2,22.172,95.434,"Phu Yen, Lam Dong, Quang Tri, Da Nang, Khanh Hoa, Binh Dinh, Darlac and Binh Thuan provinces",Flash flood,"Phan Thiet, Muong Man River",64,15000,10000,69586384,511.5,70.06666667,1358.849333,autumn,NoMonsoon,0
1993-0218-IND,IND,India,1993,10,11,22.172,95.434,Karnataka state,Flash flood,Unknown,35,0,0,922118387,429.8333333,48.33333333,1254.5155,autumn,NoMonsoon,0
1993-0219-IRN,IRN,Iran (Islamic Republic of),1993,10,14,22.172,95.434,Bandar-E-Anzali,Flood (General),Unknown,4,0,17300,61403543,650.625,84.25,61.52216667,autumn,NoMonsoon,0
1993-0221-PHL,PHL,Philippines,1993,11,29,22.172,95.434,Abuyog town (Leyte province),Riverine flood,Unknown,25,0,0,67530621,511.5,70.06666667,41.69744444,autumn,NoMonsoon,0
1993-0222-THA,THA,Thailand,1993,11,27,22.172,95.434,"Surat Thani, Nakhorn Si Thammara, Songkla, Pattani provinces",Flash flood,Unknown,23,377070,1261000,57408198,511.5,70.06666667,454.353,autumn,NoMonsoon,1
1993-0229-LKA,LKA,Sri Lanka,1993,12,15,22.172,95.434,"Batticaloa, Polonnaruwa, Anuradhapura, Northern Mannar, Vavuniya and Trincomalee districts (Northern Jaffna peninsula)",Riverine flood,Unknown,0,150000,0,17025918,511.5,70.06666667,119.3917143,winter,NoMonsoon,1
1993-0234-MYS,MYS,Malaysia,1993,12,22,22.172,95.434,"Kelantan, Trengganu, Pahang, Perak, Johore and Sabah states",Riverine flood,Padas,30,20000,0,19322664,511.5,70.06666667,206.0363415,winter,NoMonsoon,0
1993-0249-CHN,CHN,China,1993,4,15,22.172,95.434,Unknown,Coastal flood,Unknown,131,0,0,1178440000,511.5,70.06666667,2227.122359,spring,NoMonsoon,0
1993-0251-CHN,CHN,China,1993,10,3,22.172,95.434,Zhejiang province,Coastal flood,Unknown,59,0,0,1178440000,511.5,70.06666667,2227.122359,autumn,NoMonsoon,0
1993-0325-IND,IND,India,1993,9,9,22.172,95.434,Uttar Pradesh,Riverine flood,Unknown,227,3000,500000,922118387,429.8333333,48.33333333,1254.5155,autumn,monsoon,0
1993-0326-IND,IND,India,1993,5,15,22.172,95.434,"Tripura, Karamganj (Assam)",Riverine flood,Unknown,0,0,0,922118387,429.8333333,48.33333333,1254.5155,spring,NoMonsoon,0
1993-0483-THA,THA,Thailand,1993,10,31,22.172,95.434,South,Flood (General),Unknown,4,302247,319850,57408198,511.5,70.06666667,454.353,autumn,NoMonsoon,1
1993-0484-THA,THA,Thailand,1993,12,15,22.172,95.434,South,Flood (General),Unknown,14,179446,400100,57408198,511.5,70.06666667,454.353,winter,NoMonsoon,1
1993-0485-TKM,TKM,Turkmenistan,1993,1,15,22.172,95.434,Unknown,Riverine flood,Unknown,0,300,99870,4032407,600,80,1653.622,winter,NoMonsoon,0
1993-0560-IDN,IDN,Indonesia,1993,12,26,22.172,95.434,"Tanggerang, Serang and Lebak districts (West Java Province)",Flash flood,Cidurian and Ciujung rivers,72,8000,0,193305168,511.5,70.06666667,48.10376923,winter,NoMonsoon,0
1993-0568-CHN,CHN,China,1993,6,15,22.172,95.434,South,Flood (General),Unknown,1000,0,6061000,1178440000,511.5,70.06666667,2227.122359,summer,monsoon,1
1993-0570-IND,IND,India,1993,7,15,22.172,95.434,Himachal Pradesh,Riverine flood,Unknown,175,0,0,922118387,429.8333333,48.33333333,1254.5155,summer,monsoon,0
1993-0585-IRN,IRN,Iran (Islamic Republic of),1993,2,1,22.172,95.434,"Hormusgan, Bandar, Abbas, Charasan",Flood (General),Unknown,370,0,209000,61403543,650.625,84.25,61.52216667,winter,NoMonsoon,0
1994-0012-IDN,IDN,Indonesia,1994,1,12,22.172,95.434,City of Bandung (West Java),Riverine flood,Unknown,4,30000,1900,196591828,511.5,70.06666667,48.10376923,winter,NoMonsoon,0
1994-0064-KHM,KHM,Cambodia,1994,7,31,22.172,95.434,"Battambang, Takeo, Kompong Cham, Kandal, Kompong Speu, Phnom Penh",Flood (General),Unknown,506,29000,0,9239162,511.5,70.06666667,3965.6898,summer,monsoon,1
1994-0065-CHN,CHN,China,1994,6,9,22.172,95.434,"Guangdong, Guangxi, Hunan, Jiangxi, Zhejiang, Fujian provinces",Riverine flood,Xiangjian,1001,73360000,5460000,1191835000,511.5,70.06666667,2227.122359,summer,monsoon,1
1994-0066-CHN,CHN,China,1994,7,11,22.172,95.434,"Guangdong, Hunan, Fujian, Guangxi, Fujian, Zheijang provinces",Riverine flood,Unknown,258,30540000,1810000,1191835000,511.5,70.06666667,2227.122359,summer,monsoon,1
1994-0068-IND,IND,India,1994,5,15,22.172,95.434,"Assam, Arunachal Pradesh, Jammu and Kashmir, Himachal, Punjab, Uttar Pradesh, Goa, Kerala, Gujarat states",Flood (General),Unknown,2001,12000000,175000,941163767,429.8333333,48.33333333,1254.5155,spring,NoMonsoon,1
1994-0069-IRN,IRN,Iran (Islamic Republic of),1994,7,9,22.172,95.434,"Sistan, Baluchistan provinces",Riverine flood,Unknown,24,0,0,61520598,650.625,84.25,61.52216667,summer,monsoon,0
1994-0075-PAK,PAK,Pakistan,1994,7,11,22.172,95.434,"Murree, Risalpur, Karachi, Pashawar, Lahore, Sialkot, Multan, Bahawalpur, Shorkot, Quetta, Rawalpindi, Islamabad",Riverine flood,Unknown,316,840000,92000,130748083,511.5,75.33333333,351.4056296,summer,monsoon,1
1994-0104-IDN,IDN,Indonesia,1994,4,23,22.172,95.434,Simalungun District,Flood (General),Unknown,8,0,0,196591828,511.5,70.06666667,48.10376923,spring,NoMonsoon,0
1994-0128-PHL,PHL,Philippines,1994,5,24,22.172,95.434,Davao,Coastal flood,Unknown,1,2708,37,69019291,511.5,70.06666667,41.69744444,spring,NoMonsoon,0
1994-0131-BGD,BGD,Bangladesh,1994,6,1,22.172,95.434,Sylhet district,Riverine flood,Randpani,3,25000,0,120343179,511.5,70.06666667,11968.294,summer,monsoon,0
1994-0166-HKG,HKG,"China, Hong Kong Special Administrative Region",1994,7,22,22.172,95.434,Unknown,Riverine flood,Shenzhen,1,4000,37000,6035400,511.5,70.06666667,0.1455,summer,monsoon,0
1994-0168-PHL,PHL,Philippines,1994,6,22,22.172,95.434,"Pampanga, Tarlac, Zambales",Flood (General),Unknown,50,757000,1650,69019291,511.5,70.06666667,41.69744444,summer,monsoon,1
1994-0193-BGD,BGD,Bangladesh,1994,8,19,22.172,95.434,"Chapainawabganj, Rajshahi",Flood (General),Unknown,40,300000,0,120343179,511.5,70.06666667,11968.294,summer,monsoon,1
1994-0214-MNG,MNG,Mongolia,1994,8,10,22.172,95.434,Ulan Bator,Flood (General),Unknown,5,0,0,2189395,511.5,70.06666667,27.68008333,summer,monsoon,0
1994-0300-LKA,LKA,Sri Lanka,1994,1,15,22.172,95.434,Colombo,Flood (General),Unknown,0,0,0,17275773,511.5,70.06666667,119.3917143,winter,NoMonsoon,0
1994-0308-THA,THA,Thailand,1994,9,25,22.172,95.434,Wang-Takrai,Coastal flood,Unknown,31,0,0,58260854,511.5,70.06666667,454.353,autumn,monsoon,0
1994-0315-LKA,LKA,Sri Lanka,1994,11,15,22.172,95.434,"Battocaloa, Ampara",Riverine flood,Unknown,0,0,0,17275773,511.5,70.06666667,119.3917143,autumn,NoMonsoon,0
1994-0341-VNM,VNM,Viet Nam,1994,9,4,22.172,95.434,"Dong Thap, An Giang, Long An, Tien Giang, Kien Giang, Can Tho, Nghe An, Thanh Hoa provinces",Riverine flood,Mekong,310,382000,206000,70854391,511.5,70.06666667,1358.849333,autumn,monsoon,1
1994-0353-IDN,IDN,Indonesia,1994,10,12,22.172,95.434,Riau Province,Flood (General),Unknown,3,60000,0,196591828,511.5,70.06666667,48.10376923,autumn,NoMonsoon,0
1994-0360-IRN,IRN,Iran (Islamic Republic of),1994,10,15,22.172,95.434,"Gilan, Mazandaran, Kirmanshah, Kirman provinces",Flood (General),Unknown,3,20000,0,61520598,650.625,84.25,61.52216667,autumn,NoMonsoon,0
1994-0504-BTN,BTN,Bhutan,1994,10,6,22.172,95.434,Punakha,Flash flood,Unknown,22,600,0,554497,511.5,70.06666667,328.7334667,autumn,NoMonsoon,0
1994-0511-IRN,IRN,Iran (Islamic Republic of),1994,11,14,22.172,95.434,"Ilam, Bousherhir, Lorestan, Gilan, Zanjan, Khouzestan, Kordestan, Hamedan, Kermanshah, Kohgilouye, Boyerahmad, Fars, Isfahan provinces",Riverine flood,"Karun, Karkheh",12,75000,142000,61520598,650.625,84.25,61.52216667,autumn,NoMonsoon,0
1994-0521-LKA,LKA,Sri Lanka,1994,11,26,22.172,95.434,"Batticaloa, Trincomalee districts",Riverine flood,Unknown,0,0,0,17275773,511.5,70.06666667,119.3917143,autumn,NoMonsoon,0
1994-0626-IDN,IDN,Indonesia,1994,3,23,22.172,95.434,"Ngawi, Tuban, Bojonegoro, Gresick, Lamongan (Java)",Riverine flood,"Bengawan, Solo",33,187131,18145,196591828,511.5,70.06666667,48.10376923,spring,NoMonsoon,1
1994-0633-TJK,TJK,Tajikistan,1994,7,5,22.172,95.434,"Varsob Rayon, Borno Badakhshan",Riverine flood,Unknown,0,5000,0,5825368,511.5,70.06666667,160.48125,summer,monsoon,0
1994-0650-THA,THA,Thailand,1994,7,15,22.172,95.434,Unknown,Flood (General),Unknown,60,0,238000,58260854,511.5,70.06666667,454.353,summer,monsoon,0
1994-0657-THA,THA,Thailand,1994,10,21,22.172,95.434,South,Flood (General),Unknown,11,109113,30000,58260854,511.5,70.06666667,454.353,autumn,NoMonsoon,1
1994-0754-BGD,BGD,Bangladesh,1994,4,19,22.172,95.434,Barisal district and Southern Bangladesh,Riverine flood,Unknown,61,0,0,120343179,511.5,70.06666667,11968.294,spring,NoMonsoon,0
1994-0755-BGD,BGD,Bangladesh,1994,5,19,22.172,95.434,North,Flash flood,Unknown,12,100,0,120343179,511.5,70.06666667,11968.294,spring,NoMonsoon,0
1994-0760-LAO,LAO,Lao People's Democratic Republic,1994,8,15,22.172,95.434,Central,Flood (General),Unknown,0,190000,0,4809220,511.5,70.06666667,1192.554816,summer,monsoon,1
1994-0763-IND,IND,India,1994,8,17,22.172,95.434,New Delhi,Riverine flood,Unknown,14,0,0,941163767,429.8333333,48.33333333,1254.5155,summer,monsoon,0
1994-0773-IDN,IDN,Indonesia,1994,12,2,22.172,95.434,Pesisir Selaten (West Sumatra province),Flood (General),Unknown,6,640,1500,196591828,511.5,70.06666667,48.10376923,winter,NoMonsoon,0
1994-0778-PHL,PHL,Philippines,1994,7,22,22.172,95.434,"Panay, Negros Isl.",Riverine flood,Unknown,2,18000,1600,69019291,511.5,70.06666667,41.69744444,summer,monsoon,0
1994-0779-CHN,CHN,China,1994,7,23,22.172,95.434,"Heilongjiang, Jilin, Liaoning, Inner Mongolia",Riverine flood,Unknown,128,2000000,1000,1191835000,511.5,70.06666667,2227.122359,summer,monsoon,1
1994-0780-CHN,CHN,China,1994,7,11,22.172,95.434,Hubei province,Riverine flood,Unknown,41,0,95000,1191835000,511.5,70.06666667,2227.122359,summer,monsoon,0
1994-0782-PHL,PHL,Philippines,1994,3,18,22.172,95.434,Extesive agricultural and infrastructure damage,Riverine flood,Unknown,9,16821,855,69019291,511.5,70.06666667,41.69744444,spring,NoMonsoon,0
1994-0783-IDN,IDN,Indonesia,1994,7,12,22.172,95.434,West Nusa Tengarra province,Riverine flood,Unknown,5,50000,1700,196591828,511.5,70.06666667,48.10376923,summer,monsoon,0
1994-0785-CHN,CHN,China,1994,6,30,22.172,95.434,Yunnan,Riverine flood,Wangvan,41,0,12100,1191835000,511.5,70.06666667,2227.122359,summer,monsoon,0
1994-0789-CHN,CHN,China,1994,5,1,22.172,95.434,Jiangxi province,Riverine flood,Unknown,95,0,161000,1191835000,511.5,70.06666667,2227.122359,spring,NoMonsoon,0
1995-0019-IDN,IDN,Indonesia,1995,1,11,22.172,95.434,Riau,Riverine flood,Unknown,3,3000,0,199888057,511.5,70.06666667,48.10376923,winter,NoMonsoon,0
1995-0029-IDN,IDN,Indonesia,1995,2,3,22.172,95.434,"Java, Sumatra",Riverine flood,"Bangawan Solo, Batanghari",47,26000,400,199888057,511.5,70.06666667,48.10376923,winter,NoMonsoon,0
1995-0066-AFG,AFG,Afghanistan,1995,4,20,22.172,95.434,Takhar province,Riverine flood,Unknown,10,0,0,17065836,526,70.06666667,68.6501,spring,NoMonsoon,0
1995-0071-IDN,IDN,Indonesia,1995,5,1,22.172,95.434,"Tapanuli, Labuhan districts (Northern Sumatra Province)",Riverine flood,Unknown,45,17500,0,199888057,511.5,70.06666667,48.10376923,spring,NoMonsoon,0
1995-0072-TUR,TUR,Türkiye,1995,5,2,22.172,95.434,Bitlis (Eastern Turkey),Riverine flood,Unknown,0,200,23500,61024503,713.75,103.25,118.8255714,spring,NoMonsoon,0
1995-0079-IDN,IDN,Indonesia,1995,5,7,22.172,95.434,Bengkulu (Northern Sumatra),Flash flood,Unknown,27,2200,0,199888057,511.5,70.06666667,48.10376923,spring,NoMonsoon,0
1995-0094-IRN,IRN,Iran (Islamic Republic of),1995,6,1,22.172,95.434,"Khavarshahr, Yazd, Isfahan, Chahar Mahal va Bakhtiari, Fars Provinces",Flood (General),Unknown,16,0,0,62205567,650.625,84.25,61.52216667,summer,monsoon,0
1995-0099-AZE,AZE,Azerbaijan,1995,6,15,22.172,95.434,"Agjabedi, Astara, Agdash, Beilagan, Barda, Gakh, Gabala, Goba, Gekchay, Korandoy, Ismayilli, Lenkoban, Lrik, Shaki, Yardimli districts",Riverine flood,Unknown,0,1500000,6700,7684850,511.5,70.06666667,135.943,summer,monsoon,1
1995-0100-BGD,BGD,Bangladesh,1995,6,16,22.172,95.434,"Sylhet, Moulvibazar, Sunamganj, Netrokona, Sirajganj, Gaibandha, Jamalpur, Pabna, Kurigram, Rangpur, Madaripur, Feni, Panchagarh, Lalmonirhat, Tangail, Gopalganj, Satkhira, Bogra",Flood (General),"Brahmaputra, Surma, Manu, Gorai",250,12656006,200000,122600370,511.5,70.06666667,11968.294,summer,monsoon,1
1995-0101-BGD,BGD,Bangladesh,1995,5,15,22.172,95.434,"Chittagong, Bhola, Coxbazar, Bagerhat, Hatiya, Noakhali, Patuakhali",Coastal flood,Unknown,50,351325,0,122600370,511.5,70.06666667,11968.294,spring,NoMonsoon,1
1995-0105-NPL,NPL,Nepal,1995,6,19,22.172,95.434,"Baglung, Lamjung, Solukhumbu, Khotang, Okhaldhunga districts (Khotang Province)",Riverine flood,Unknown,140,10000,1200,22245439,511.5,70.06666667,328.7334667,summer,monsoon,0
1995-0108-LKA,LKA,Sri Lanka,1995,5,7,22.172,95.434,"Western, North Western, Sabragamuwa and Southern Provinces",Riverine flood,Unknown,3,0,400,17564068,511.5,70.06666667,119.3917143,spring,NoMonsoon,0
1995-0123-PAK,PAK,Pakistan,1995,6,21,22.172,95.434,Faisalabad,Riverine flood,Unknown,12,0,0,134582253,511.5,75.33333333,351.4056296,summer,monsoon,0
1995-0128-IRN,IRN,Iran (Islamic Republic of),1995,12,15,22.172,95.434,"Roudan, Bandar Langeh, Minab and Jask",Flash flood,Unknown,1,6000,5900,62205567,650.625,84.25,61.52216667,winter,NoMonsoon,0
1995-0137-AFG,AFG,Afghanistan,1995,7,5,22.172,95.434,Takhar Province,Flood (General),Unknown,17,0,0,17065836,526,70.06666667,68.6501,summer,monsoon,0
1995-0139-CHN,CHN,China,1995,5,15,22.172,95.434,"Hunan, Jiangxi, Guizhou, Hubei, Sichuan, Zhejiang, Fujian, Anhui, Guangdong, Guangxi, Jiangsu provinces",Riverine flood,"Xiangjiang, Yangtse",1437,114400000,6720000,1204855000,511.5,70.06666667,2227.122359,spring,NoMonsoon,1
1995-0146-JPN,JPN,Japan,1995,7,15,22.172,95.434,"Niigata, Toyama and neighbouring Nagano Prefecture (central and western Japan)",Flood (General),Unknown,0,12000,74300,125472000,511.5,70.06666667,108.9076711,summer,monsoon,0
1995-0156-PAK,PAK,Pakistan,1995,7,22,22.172,95.434,"Swat, Azad Kasmir, Dadu, Khuzdar, Dera Ismail Khan, Rawalpindi, Khal Magsi",Flash flood,Unknown,451,1255000,0,134582253,511.5,75.33333333,351.4056296,summer,monsoon,1
1995-0161-PHL,PHL,Philippines,1995,7,29,22.172,95.434,Pampanga Province,Flood (General),Unknown,0,25000,0,70546246,511.5,70.06666667,41.69744444,summer,monsoon,0
1995-0170-AZE,AZE,Azerbaijan,1995,6,21,22.172,95.434,"Lenkoban, Astara districts",Coastal flood,Unknown,0,2800,5500,7684850,511.5,70.06666667,135.943,summer,monsoon,0
1995-0173-GEO,GEO,Georgia,1995,7,1,22.172,95.434,Abkhazia region,Riverine flood,Aragvi,1,300,2200,4657722,861,110.6666667,97.98825,summer,monsoon,0
1995-0182-PRK,PRK,Democratic People's Republic of Korea,1995,8,1,22.172,95.434,"Chagan, Huichun, Pyongyang, Hwanghae provinces",Riverine flood,"Yalu, Amnok",68,5200000,15000000,22669304,511.5,70.06666667,72.38114286,summer,monsoon,1
1995-0198-THA,THA,Thailand,1995,8,1,22.172,95.434,"Phayao, Pichit, Pitsanuloke, Nakhon Sawan",Riverine flood,"Nam, Chao Phraya",231,4224000,140500,59098232,511.5,70.06666667,454.353,summer,monsoon,1
1995-0209-PHL,PHL,Philippines,1995,9,4,22.172,95.434,"South Cotabato, Sultan Kudarat (Mindanao)",Flash flood,"Kabulnuan, Alah",416,24478,700300,70546246,511.5,70.06666667,41.69744444,autumn,monsoon,0
1995-0228-IND,IND,India,1995,9,1,22.172,95.434,"Bihar, Haryana, Punjab, Rajasthan, Himachal Pradesh, Jammu and Kasmir, Uttar Pradesh, West Bengal, Maharashtra states",Riverine flood,"Ganges, Yamuna",1479,32704000,258000,960301044,429.8333333,48.33333333,1254.5155,autumn,monsoon,1
1995-0229-LAO,LAO,Lao People's Democratic Republic,1995,9,15,22.172,95.434,"Bolikhamxay, Savannakhet, Champassak, Sekong, Attapeu provinces",Riverine flood,Unknown,0,391400,0,4929409,511.5,70.06666667,1192.554816,autumn,monsoon,1
1995-0230-MMR,MMR,Myanmar,1995,9,12,22.172,95.434,Wun Tho Kawlin (Sagaing division),Flood (General),Unknown,51,19544,0,42605338,511.5,70.06666667,4552.1444,autumn,monsoon,0
1995-0236-VNM,VNM,Viet Nam,1995,9,21,22.172,95.434,"Quang Binh, Quang Tri, Kegalle, Da Nang, Dong Thap, Dong Thap, Kien Gang, An Giang, Tien Giang, Vinh Long, Can Tho provinces",Riverine flood,"Mekong, Perfume",253,400000,86000,72049940,511.5,70.06666667,1358.849333,autumn,monsoon,1
1995-0243-BGD,BGD,Bangladesh,1995,9,29,22.172,95.434,"Dinajpur, Panchagar, Rangpur, Nilpamari, Joipurhat, Gaibanda, Natore, Naogaon, Bogra districts",Riverine flood,Tista,400,1000000,175000,122600370,511.5,70.06666667,11968.294,autumn,monsoon,1
1995-0255-CHN,CHN,China,1995,7,25,22.172,95.434,Liaoning & Jilin Provinces,Riverine flood,Unknown,61,11100000,0,1204855000,511.5,70.06666667,2227.122359,summer,monsoon,1
1995-0264-AZE,AZE,Azerbaijan,1995,10,5,22.172,95.434,"Deveci, Hhyzi, Siazan regions",Flood (General),Unknown,5,0,4000,7684850,511.5,70.06666667,135.943,autumn,NoMonsoon,0
1995-0273-TUR,TUR,Türkiye,1995,11,4,22.172,95.434,"Izmir, Antalaya, Isparta",Flood (General),Unknown,63,300000,50000,61024503,713.75,103.25,118.8255714,autumn,NoMonsoon,1
1995-0282-PHL,PHL,Philippines,1995,11,28,22.172,95.434,Negros Occidental,Flood (General),Unknown,18,0,0,70546246,511.5,70.06666667,41.69744444,autumn,NoMonsoon,0
1995-0290-PHL,PHL,Philippines,1995,12,11,22.172,95.434,"Albay, Catanduanes, Sorsogon",Flood (General),Unknown,17,17500,142,70546246,511.5,70.06666667,41.69744444,winter,NoMonsoon,0
1995-0291-PHL,PHL,Philippines,1995,12,10,22.172,95.434,Davao City,Flood (General),Unknown,12,4500,0,70546246,511.5,70.06666667,41.69744444,winter,NoMonsoon,0
1995-0304-PHL,PHL,Philippines,1995,12,22,22.172,95.434,"Cagayan, Isabela, Quirino, Nueva Viscaya, Aurora provinces",Riverine flood,Unknown,13,47700,500,70546246,511.5,70.06666667,41.69744444,winter,NoMonsoon,0
1995-0463-LAO,LAO,Lao People's Democratic Republic,1995,7,15,22.172,95.434,Unknown,Flood (General),Unknown,0,200000,0,4929409,511.5,70.06666667,1192.554816,summer,monsoon,1
1995-0466-IRN,IRN,Iran (Islamic Republic of),1995,4,21,22.172,95.434,"Mashhad, Arefi district",Riverine flood,Unknown,10,0,90000,62205567,650.625,84.25,61.52216667,spring,NoMonsoon,0
1995-0470-PRK,PRK,Democratic People's Republic of Korea,1995,10,15,22.172,95.434,Unknown,Flood (General),Unknown,0,500000,0,22669304,511.5,70.06666667,72.38114286,autumn,NoMonsoon,1
1995-0471-PAK,PAK,Pakistan,1995,7,19,22.172,95.434,"Punjab, Sindh, Baluchistan, North West Frontier",Riverine flood,Unknown,600,600000,0,134582253,511.5,75.33333333,351.4056296,summer,monsoon,1
1995-0476-IDN,IDN,Indonesia,1995,12,28,22.172,95.434,North Aceh Provinces,Riverine flood,Unknown,18,201000,50000,199888057,511.5,70.06666667,48.10376923,winter,NoMonsoon,1
1995-0485-IND,IND,India,1995,9,5,22.172,95.434,Sikkim state,Riverine flood,Unknown,35,0,252,960301044,429.8333333,48.33333333,1254.5155,autumn,monsoon,0
1995-0487-BGD,BGD,Bangladesh,1995,5,17,22.172,95.434,"Chittagong, Khulna, Dhaka, Barisal",Riverine flood,Halda,41,351000,300,122600370,511.5,70.06666667,11968.294,spring,NoMonsoon,1
1995-0490-CHN,CHN,China,1995,8,2,22.172,95.434,"Liaoning, Jilin, Hunhe, Shenyang",Coastal flood,"Hunhe, Huifa",120,0,0,1204855000,511.5,70.06666667,2227.122359,summer,monsoon,0
1995-0491-IND,IND,India,1995,10,23,22.172,95.434,Andhra Pradesh,Riverine flood,Unknown,0,0,2000,960301044,429.8333333,48.33333333,1254.5155,autumn,NoMonsoon,0
1996-0072-AFG,AFG,Afghanistan,1996,4,9,22.172,95.434,"Badakhstan, Takhar, Faryab, Helmand, Zabul, Nimroz, Kandahar, Heart and Farah Provinces",Riverine flood,Unknown,70,9855,0,17763266,526,70.06666667,68.6501,spring,NoMonsoon,0
1996-0082-IDN,IDN,Indonesia,1996,2,9,22.172,95.434,Jakarta,Riverine flood,1190,20,556000,434800,203204348,511.5,70.06666667,48.10376923,winter,NoMonsoon,1
1996-0103-CHN,CHN,China,1996,6,30,22.172,95.434,"Anhui, Guizhou, Hebei, Henen, Hubei, Hunan, Zhejiang, Jiangxi, Henen, Shangdong, Shanxi, Fujian, Xinjiang, Guangxi, Yangtze, Shanghai provinces",Riverine flood,Unknown,2775,150000000,12600000,1217550000,511.5,70.06666667,2227.122359,summer,monsoon,1
1996-0104-BGD,BGD,Bangladesh,1996,7,19,22.172,95.434,"Kurigram, Gaibandha, Bogra, Sirajganj, Tangail, Pabna, Manikanj, Munshiganj, Dhaka, Dhaka city, Narayangani, Shariatpur, Madaripur, Gopalganj, Rajbari, Faridpur, Lalmonirat, Nilhamari",Riverine flood,"Brahmaputra, Ganges, Meghna, Buriganga",33,5663319,10000,124862179,511.5,70.06666667,11968.294,summer,monsoon,1
1996-0105-PRK,PRK,Democratic People's Republic of Korea,1996,7,26,22.172,95.434,"Sinuiju, Pakchon, Chongju (N.Pyongan province), Huichon, Kopung, Tongsin (Chagang Province), Unpa, Rinsan, Sinpyong, Singye (N.Hwanghae Province), Paechon (S.Hwanghae Province), Ichon, Cholwon (Kangwon Province)",Flood (General),Unknown,116,3270000,2200000,22895746,511.5,70.06666667,72.38114286,summer,monsoon,1
1996-0107-NPL,NPL,Nepal,1996,7,12,22.172,95.434,"Taplejung, Pyuthan, Gulmi, Darchula, Baitadi, Rasuwa, Dhading, Morang, Siraha, Mahottaari, Rautahar, Nawalparasi, Rupandehi, Kapalvastu, Makawanpur, Bankey",Flash flood,Unknown,768,137600,0,22741862,511.5,70.06666667,328.7334667,summer,monsoon,1
1996-0109-KOR,KOR,Republic of Korea,1996,7,26,22.172,95.434,Kyonggi Province,Flood (General),Unknown,85,31865,120000,45524681,511.5,70.06666667,213.3785,summer,monsoon,0
1996-0111-TJK,TJK,Tajikistan,1996,5,27,22.172,95.434,Dushanbe & Khalton Regions,Flash flood,Unknown,0,180000,0,6066523,511.5,70.06666667,160.48125,spring,NoMonsoon,1
1996-0118-IDN,IDN,Indonesia,1996,3,27,22.172,95.434,"SUlu Musi district, Lahat Regency (South Sumatra)",Riverine flood,Air Betung,34,506,430,203204348,511.5,70.06666667,48.10376923,spring,NoMonsoon,0
1996-0121-IRN,IRN,Iran (Islamic Republic of),1996,7,7,22.172,95.434,"Tabriz, Mianeh, Marand, Djulfa, Bostanabad, Shabestar, Kalibar, Maco, Khoy, Oromych",Riverine flood,Unknown,22,0,9000,62881300,650.625,84.25,61.52216667,summer,monsoon,0
1996-0122-CHN,CHN,China,1996,5,15,22.172,95.434,"Guizhou, Guangdong, Yanxi, Yanjiang",Flood (General),Unknown,96,0,0,1217550000,511.5,70.06666667,2227.122359,spring,NoMonsoon,0
1996-0134-YEM,YEM,Yemen,1996,6,13,22.172,95.434,"Shabwa, Mareb, Hadhramout, Aljawf, El Jouf, Abin Governorates",Riverine flood,Unknown,338,124000,1200000,17313177,706.5,89,328.7334667,summer,monsoon,1
1996-0142-LKA,LKA,Sri Lanka,1996,6,9,22.172,95.434,Ratnapura district,Flood (General),Unknown,0,0,0,17905018,511.5,70.06666667,119.3917143,summer,monsoon,0
1996-0157-PHL,PHL,Philippines,1996,6,30,22.172,95.434,Davao Del Norte,Flood (General),Unknown,0,0,0,72190242,511.5,70.06666667,41.69744444,summer,monsoon,0
1996-0169-CHN,CHN,China,1996,8,15,22.172,95.434,"Yangtse, Haihe, Tianijn, Fujian, Gansu",Riverine flood,Unknown,1200,0,6314500,1217550000,511.5,70.06666667,2227.122359,summer,monsoon,1
1996-0171-CHN,CHN,China,1996,8,3,22.172,95.434,Fu River,Coastal flood,Unknown,20,0,0,1217550000,511.5,70.06666667,2227.122359,summer,monsoon,0
1996-0181-IND,IND,India,1996,8,23,22.172,95.434,Jammu & Kashmir state,Flood (General),Unknown,226,70000,0,979678458,429.8333333,48.33333333,1254.5155,summer,monsoon,0
1996-0183-IND,IND,India,1996,7,11,22.172,95.434,Uttar Pradesh,Flood (General),Unknown,21,0,0,979678458,429.8333333,48.33333333,1254.5155,summer,monsoon,0
1996-0186-MNG,MNG,Mongolia,1996,8,9,22.172,95.434,Ulan Bator,Flash flood,"Tuul, Selbe rivers",41,0,0,2259507,511.5,70.06666667,27.68008333,summer,monsoon,0
1996-0192-PAK,PAK,Pakistan,1996,8,19,22.172,95.434,"Lahore, Sialkot, Pasrur (Eastern Punjab province)",Riverine flood,Unknown,111,1300000,0,138557092,511.5,75.33333333,351.4056296,summer,monsoon,1
1996-0196-BGD,BGD,Bangladesh,1996,8,26,22.172,95.434,"Rajshai, Padma",Riverine flood,"Chapainawabganj, Dinajpur, Sherpur rivers",22,165000,0,124862179,511.5,70.06666667,11968.294,summer,monsoon,1
1996-0215-LAO,LAO,Lao People's Democratic Republic,1996,8,15,22.172,95.434,"Huaphanh, Phongsaly, Luanprabang, Luangnamtha, Borikhamsay, Savanhnakheat, Vientiane, Khammuoane provinces, Vientiane municapilty",Riverine flood,Unknown,30,420000,0,5045678,511.5,70.06666667,1192.554816,summer,monsoon,1
1996-0221-KHM,KHM,Cambodia,1996,9,30,22.172,95.434,"Kratie, Phnom Penh, Tatanakiri, Stung Treng, Kampong Cham, Kandal, Prey Veng provinces",Riverine flood,Unknown,59,1300000,1500,10801270,511.5,70.06666667,3965.6898,autumn,monsoon,1
1996-0241-THA,THA,Thailand,1996,6,30,22.172,95.434,Unknown,Riverine flood,Unknown,91,5000000,500,59920064,511.5,70.06666667,454.353,summer,monsoon,1
1996-0245-IND,IND,India,1996,10,21,22.172,95.434,"Tamil Nadu, Andhra Pradesh, Kerala, Karnataka states",Riverine flood,Unknown,388,100000,90400,979678458,429.8333333,48.33333333,1254.5155,autumn,NoMonsoon,0
1996-0246-IDN,IDN,Indonesia,1996,10,20,22.172,95.434,"Banyumas, Cilacap, Kebumen, Semarang (Central Java province)",Flash flood,Unknown,13,5000,300,203204348,511.5,70.06666667,48.10376923,autumn,NoMonsoon,0
1996-0248-VNM,VNM,Viet Nam,1996,10,1,22.172,95.434,"An Giang, Dong Thap, Tay Minh, Long An, Tien Giang, Kien Giang, Can Tho, Vinh Long provinces",Riverine flood,Mekong,162,375000,138000,73156447,511.5,70.06666667,1358.849333,autumn,NoMonsoon,1
1996-0286-IDN,IDN,Indonesia,1996,12,13,22.172,95.434,"Piddie, Utara & Blora Districts",Flood (General),Unknown,14,10000,0,203204348,511.5,70.06666667,48.10376923,winter,NoMonsoon,0
1996-0445-MYS,MYS,Malaysia,1996,2,11,22.172,95.434,"Maradu, Long Lama (Northern Sarawak",Riverine flood,Unknown,0,418,0,20850087,511.5,70.06666667,206.0363415,winter,NoMonsoon,0
1996-0447-VNM,VNM,Viet Nam,1996,9,14,22.172,95.434,"Thua Thien-Hue, Quang Nam-Da Nang, Quang Tri, Quang Ngai, Binh Dinh, Kon Tum",Flood (General),Unknown,60,0,13400,73156447,511.5,70.06666667,1358.849333,autumn,monsoon,0
1996-0465-IRN,IRN,Iran (Islamic Republic of),1996,11,9,22.172,95.434,"Mazandaran province, Fereidounkenar, Nekka region",Riverine flood,Unknown,5,2000,20000,62881300,650.625,84.25,61.52216667,autumn,NoMonsoon,0
1996-0469-NPL,NPL,Nepal,1996,9,6,22.172,95.434,Amiko Highway (North),Riverine flood,Unknown,20,1000,0,22741862,511.5,70.06666667,328.7334667,autumn,monsoon,0
1996-0476-IRN,IRN,Iran (Islamic Republic of),1996,3,28,22.172,95.434,"Khuzestan, Lorestan, Hamadan, Ilam provinces",Riverine flood,"Karoun, Khorramabad, Jarahi, Karkhe",22,0,7930,62881300,650.625,84.25,61.52216667,spring,NoMonsoon,0
1996-0495-IDN,IDN,Indonesia,1996,1,15,22.172,95.434,Jakarta,Riverine flood,Unknown,6,252965,126900,203204348,511.5,70.06666667,48.10376923,winter,NoMonsoon,1
1996-0496-IND,IND,India,1996,7,10,22.172,95.434,"West Bengal, Arunachal Pradesh, Assam",Riverine flood,Brahmaputra,82,3000000,85000,979678458,429.8333333,48.33333333,1254.5155,summer,monsoon,1
1996-0498-YEM,YEM,Yemen,1996,5,14,22.172,95.434,"Hudayda, Taiz regions",Riverine flood,Unknown,7,5000,10000,17313177,706.5,89,328.7334667,spring,NoMonsoon,0
1996-0501-IND,IND,India,1996,8,25,22.172,95.434,"Bihar, Assam, Gujarat, Haryana, Kerala, Rajasthan, Uttar Pradesh",Flood (General),Unknown,500,0,17600,979678458,429.8333333,48.33333333,1254.5155,summer,monsoon,0
1996-0503-IND,IND,India,1996,7,17,22.172,95.434,"Kishanganj, Darbhanga, Sitamarhi, Saharsa districts (Bihar state)",Riverine flood,"Gandak, Kosi, Sone, Bagmati, Andhawara",74,4000000,980,979678458,429.8333333,48.33333333,1254.5155,summer,monsoon,1
1997-0097-AFG,AFG,Afghanistan,1997,5,12,22.172,95.434,"Balk, Faryab, Baghlan, Takhar, Badakhshan provinces",Riverine flood,Unknown,40,20000,0,18452091,526,70.06666667,68.6501,spring,NoMonsoon,0
1997-0111-ARM,ARM,Armenia,1997,6,22,22.172,95.434,"Goris, Sisian districts",Flood (General),Unknown,4,7000,8000,3246289,511.5,70.06666667,6.4545,summer,monsoon,0
1997-0117-GEO,GEO,Georgia,1997,5,23,22.172,95.434,Gori,Flood (General),Unknown,0,0,0,4349913,861,110.6666667,97.98825,spring,NoMonsoon,0
1997-0140-AZE,AZE,Azerbaijan,1997,6,5,22.172,95.434,"Tovuz, Khanlar, Sheki, Kakh, Belokan, Zakatali, Goranboy, Qakh, Ismailly, Kuradamir, Saibadad districts",Flood (General),Unknown,11,75000,25000,7838250,511.5,70.06666667,135.943,summer,monsoon,0
1997-0144-CHN,CHN,China,1997,5,3,22.172,95.434,"Guangdong, Yunnan provinces",Riverine flood,Pijiang and Liuxihe rivers,103,0,160000,1230075000,511.5,70.06666667,2227.122359,spring,NoMonsoon,0
1997-0144-HKG,HKG,"China, Hong Kong Special Administrative Region",1997,5,7,22.172,95.434,Unknown,Riverine flood,Unknown,80,0,10000,6489300,511.5,70.06666667,0.1455,spring,NoMonsoon,0
1997-0146-TWN,TWN,Taiwan (Province of China),1997,8,5,22.172,95.434,Hsinchu County,Flood (General),Unknown,10,0,58300,96337125,511.5,70.06666667,328.7334667,summer,monsoon,0
1997-0156-PAK,PAK,Pakistan,1997,7,25,22.172,95.434,"Mansehra (NWFP), Lahore (Punjab)",Riverine flood,Unknown,31,0,0,142531804,511.5,75.33333333,351.4056296,summer,monsoon,0
1997-0164-BGD,BGD,Bangladesh,1997,7,13,22.172,95.434,"North, Central North",Flash flood,Unknown,79,800000,229000,127198069,511.5,70.06666667,11968.294,summer,monsoon,1
1997-0167-KOR,KOR,Republic of Korea,1997,8,4,22.172,95.434,Chungchong Province,Flood (General),Unknown,11,0,0,45953580,511.5,70.06666667,213.3785,summer,monsoon,0
1997-0170-IND,IND,India,1997,8,8,22.172,95.434,"Chandigarh, Chirgaon, Himalayan state of Himachal Pradesh.",Riverine flood,Sutlej and Andhara rivers,135,0,71000,999133762,429.8333333,48.33333333,1254.5155,summer,monsoon,0
1997-0177-MMR,MMR,Myanmar,1997,8,21,22.172,95.434,"Mon, Kachin, Shan states, Sagaing, Magwe Bago, Ayeyardwaddy divisions",Flood (General),Unknown,68,103650,0,43708798,511.5,70.06666667,4552.1444,summer,monsoon,1
1997-0182-IND,IND,India,1997,8,22,22.172,95.434,Coastal districts of West Bengal (no better info),Coastal flood,Unknown,400,0,0,999133762,429.8333333,48.33333333,1254.5155,summer,monsoon,0
1997-0183-PAK,PAK,Pakistan,1997,8,12,22.172,95.434,Punjab Province,Riverine flood,Unknown,140,836328,0,142531804,511.5,75.33333333,351.4056296,summer,monsoon,1
1997-0196-CHN,CHN,China,1997,7,10,22.172,95.434,Guizhou Prov.,Riverine flood,Unknown,164,7000000,0,1230075000,511.5,70.06666667,2227.122359,summer,monsoon,1
1997-0205-PRK,PRK,Democratic People's Republic of Korea,1997,8,21,22.172,95.434,"North Pyongyang, South Pyongyang & South Hwanghae Prov.",Coastal flood,Unknown,0,0,0,23110830,511.5,70.06666667,72.38114286,summer,monsoon,0
1997-0213-THA,THA,Thailand,1997,9,18,22.172,95.434,North East (4 NE prov. Mekong overflow),Riverine flood,Unknown,14,0,0,60724584,511.5,70.06666667,454.353,autumn,monsoon,0
1997-0250-ISR,ISR,Israel,1997,10,17,22.172,95.434,Near Beersheba (near Beersheba),Flood (General),Unknown,15,0,40000,5836000,511.5,70.06666667,5.5675,autumn,NoMonsoon,0
1997-0250-JOR,JOR,Jordan,1997,10,18,22.172,95.434,Unknown,Flood (General),Unknown,2,0,1000,5046285,511.5,70.06666667,4.15425,autumn,NoMonsoon,0
1997-0260-IND,IND,India,1997,9,15,22.172,95.434,"Andhra Pradesh, Arunachal Pradesh, Assam, Bihar, Gujarat, Himachal Pradesh, Jammu and Kashmir, Karnataka, Kerala, Maharashtra, Madyha Pradesh, Orissa, Punjab, Rajasthan, Sikkim, Uttar Pradesh, West Bengal states",Flood (General),Unknown,1442,29259000,0,999133762,429.8333333,48.33333333,1254.5155,autumn,monsoon,1
1997-0276-KWT,KWT,Kuwait,1997,11,12,22.172,95.434,Al-Jahra town (Gulf state),Flash flood,Unknown,2,200,0,1787683,511.5,70.06666667,328.7334667,autumn,NoMonsoon,0
1997-0337-IND,IND,India,1997,6,22,22.172,95.434,"Mehsana, Gandhi Nagar, Ahmedabad, Kheda, Sabarkanda, Vadodra, Banaskanda, Surender Nagar districts (Gujarat state)",Riverine flood,Sabarmati,111,1000000,153800,999133762,429.8333333,48.33333333,1254.5155,summer,monsoon,1
1997-0342-CHN,CHN,China,1997,7,10,22.172,95.434,"Jinping county, Qujing prefecture, Nujiang prefecture (Yunnan province)",Riverine flood,Unknown,300,300000,1027400,1230075000,511.5,70.06666667,2227.122359,summer,monsoon,1
1997-0348-IND,IND,India,1997,8,15,22.172,95.434,West,Flood (General),Unknown,244,0,0,999133762,429.8333333,48.33333333,1254.5155,summer,monsoon,0
1997-0354-CHN,CHN,China,1997,9,1,22.172,95.434,"cities of Hengyang, Zhuzhou and Chenzhou (Hunan province)",Riverine flood,Xiangijiang River,63,0,0,1230075000,511.5,70.06666667,2227.122359,autumn,monsoon,0
1997-0356-AFG,AFG,Afghanistan,1997,9,7,22.172,95.434,Laghman,Riverine flood,Unknown,30,0,0,18452091,526,70.06666667,68.6501,autumn,monsoon,0
1997-0357-IND,IND,India,1997,9,19,22.172,95.434,Guntoor (Guntur) and Prakasham districts (Andhra Pradesh),Riverine flood,Unknown,25,0,0,999133762,429.8333333,48.33333333,1254.5155,autumn,monsoon,0
1997-0558-CHN,CHN,China,1997,6,30,22.172,95.434,"Guizhou, Guangdong, Cuangxi, Jiangxi, Zheijiang, Jiangsu, Anhui",Riverine flood,Unknown,420,0,1251200,1230075000,511.5,70.06666667,2227.122359,summer,monsoon,1
1997-0560-KOR,KOR,Republic of Korea,1997,7,1,22.172,95.434,Central areas,Riverine flood,Unknown,4,0,1650,45953580,511.5,70.06666667,213.3785,summer,monsoon,0
1997-0561-IRN,IRN,Iran (Islamic Republic of),1997,7,2,22.172,95.434,"West Azarbaijan, East Azerbaijian, Ardebil, Kurdestan",Riverine flood,Unknown,11,1400,5000,63639638,650.625,84.25,61.52216667,summer,monsoon,0
1997-0562-CHN,CHN,China,1997,6,3,22.172,95.434,Zhaotong prefecture (Yunnan province),Riverine flood,Unknown,40,0,1000,1230075000,511.5,70.06666667,2227.122359,summer,monsoon,0
1997-0563-IRN,IRN,Iran (Islamic Republic of),1997,6,18,22.172,95.434,Ardabil province,Riverine flood,Unknown,2,0,20000,63639638,650.625,84.25,61.52216667,summer,monsoon,0
1997-0565-GEO,GEO,Georgia,1997,4,26,22.172,95.434,"Kvemo Kartii district (Mestia region, Tbilisi)",Riverine flood,Kura,4,300,10000,4349913,861,110.6666667,97.98825,spring,NoMonsoon,0
1997-0567-PHL,PHL,Philippines,1997,3,9,22.172,95.434,"Surigao del Sur, Surigao del NOrte, Agusan del Sur (Mindanao province)",Riverine flood,"Agusan, Tago",18,105000,76,73908810,511.5,70.06666667,41.69744444,spring,NoMonsoon,1
1997-0568-GEO,GEO,Georgia,1997,1,1,22.172,95.434,Tbilisi,Riverine flood,Unknown,3,0,19500,4349913,861,110.6666667,97.98825,winter,NoMonsoon,0
1997-0570-LKA,LKA,Sri Lanka,1997,9,13,22.172,95.434,"Dehiowita, Kegalle, Yatiyantota, Avissawela",Riverine flood,Kelani,10,5000,420,18248200,511.5,70.06666667,119.3917143,autumn,monsoon,0
1998-0048-PAK,PAK,Pakistan,1998,3,2,22.172,95.434,Kech Valley (Baluchistan province),Flood (General),Turbat Kech and Dasht,1000,200000,0,146522356,511.5,75.33333333,351.4056296,spring,NoMonsoon,1
1998-0052-YEM,YEM,Yemen,1998,3,14,22.172,95.434,"Tihama Valley in Al Hodeida Governate, Al-Zahara and Al-Luhyah districts",Flood (General),Unknown,0,3000,0,18446013,706.5,89,328.7334667,spring,NoMonsoon,0
1998-0054-AFG,AFG,Afghanistan,1998,2,20,22.172,95.434,"Kandahar, Helmand, Zabul, Uruzgan, Nimroz provinces",Flash flood,Unknown,30,0,0,19159996,526,70.06666667,68.6501,winter,NoMonsoon,0
1998-0085-IRN,IRN,Iran (Islamic Republic of),1998,3,28,22.172,95.434,"Khusiztan, Charmahal, Bakhtiari, Boirahmad, Kohkiluye, Isfahan, Luristan, Khorasan, Mazandaran, Hum, Kurdistan provinces",Flash flood,Tajan,84,40000,98000,64519859,650.625,84.25,61.52216667,spring,NoMonsoon,0
1998-0111-TJK,TJK,Tajikistan,1998,4,24,22.172,95.434,"Ragun, Ainy, Old Mastchoh, Shahrinav, Muminabad, Penjikent, Kuliyab Central, Vose, Dushanbe, Tursen-zade, Varzob, Farhor, Baljuvon, Tursunzade, Leninski, Gissar, Kanibadam, Sharristan, Kurgantube, Kafarnikhon, Khovaling",Riverine flood,Unknown,51,40935,66000,6176397,511.5,70.06666667,160.48125,spring,NoMonsoon,0
1998-0157-IRN,IRN,Iran (Islamic Republic of),1998,5,12,22.172,95.434,"East Azerbaijan, western provinces of Lorestan and Chaharmahal-va-Bakhtiari, northern Mazandaran province",Flash flood,Unknown,27,0,0,64519859,650.625,84.25,61.52216667,spring,NoMonsoon,0
1998-0165-CHN,CHN,China,1998,7,1,22.172,95.434,"Hubei, Hunan, Sichuan, Jiangxi, Fujian, Guanxi Provinces",Riverine flood,Yang-Tsé Kiang,3656,223000000,30000000,1241935000,511.5,70.06666667,2227.122359,summer,monsoon,1
1998-0167-TUR,TUR,Türkiye,1998,5,20,22.172,95.434,"Zonguldak, Karabuk, Bartin, Sakarya",Flash flood,Bartin,10,1200000,1000000,63734383,713.75,103.25,118.8255714,spring,NoMonsoon,1
1998-0174-CHN,CHN,China,1998,5,24,22.172,95.434,"Hong Kong, Guangzhou, Xinhui, Sinhui, Zhaoqing ,Zhongshan, Foshan Maoming, Yangjiang, Zhuhai, Shataukok, Fanling, Sheung, Shui, Pat Heung Yuen Long, Ta Kwu Leng, Guangxi",Riverine flood,"Shenzhen river, Pearl river, Ng Tung river",15,1300,34700,1241935000,511.5,70.06666667,2227.122359,spring,NoMonsoon,0
1998-0189-TUR,TUR,Türkiye,1998,6,12,22.172,95.434,Diyarbajir,Flash flood,Unknown,22,0,0,63734383,713.75,103.25,118.8255714,summer,monsoon,0
1998-0198-TJK,TJK,Tajikistan,1998,6,30,22.172,95.434,Tavildara (Jirgatol district),Flood (General),Unknown,0,0,0,6176397,511.5,70.06666667,160.48125,summer,monsoon,0
1998-0203-BGD,BGD,Bangladesh,1998,7,5,22.172,95.434,"Mymensingh, Jamalpur, Sherpur, Hobiganj, Rangpur, Sirajangj, Manikganj, Pabna, Rajbari, Rajshahi, Kurigram, Faridpur, Nilphamari, Gaibandha, Lalmonirhat, Khagrachari, Chitagong, Feni, Comilla, Cox's Bazar, Tangail, Natore districts",Riverine flood,Unknown,1050,15000000,4300000,129622332,511.5,70.06666667,11968.294,summer,monsoon,1
1998-0213-KGZ,KGZ,Kyrgyzstan,1998,5,18,22.172,95.434,"Jalal-Abad, Osh oblasts",Flash flood,Unknown,1,0,2400,4769015,511.5,70.06666667,70.61607143,spring,NoMonsoon,0
1998-0219-KOR,KOR,Republic of Korea,1998,7,31,22.172,95.434,"Kongsang, Cholla, Chiri, Kyonggi Province",Flash flood,Unknown,403,0,1480000,46286503,511.5,70.06666667,213.3785,summer,monsoon,1
1998-0221-NPL,NPL,Nepal,1998,7,4,22.172,95.434,"Jhapa, Morang, Parsa, Rautahat, Dhading, Rupandehi, Nawalparasi, Tanahu, Chitwan, Baitadi, Panchthar, Parbat, Bara, Gulmi, Banke, Taplejung, Rasuwa, Ilam, Mahottari, Palpa, Makwanpur, Udayapur, Sarlahi, Pyunthan, Darchula districts",Flood (General),Unknown,260,20000,22000,23680357,511.5,70.06666667,328.7334667,summer,monsoon,0
1998-0226-LKA,LKA,Sri Lanka,1998,7,17,22.172,95.434,Colombo Galle Kalutara Gampaha,Flash flood,Unknown,1,135000,0,18596003,511.5,70.06666667,119.3917143,summer,monsoon,1
1998-0248-JPN,JPN,Japan,1998,8,26,22.172,95.434,"Fukushima, Ibaraki, Tochigi, Saitama, Shizuoka prefectures",Coastal flood,Unknown,16,24000,0,126400000,511.5,70.06666667,108.9076711,summer,monsoon,0
1998-0255-TUR,TUR,Türkiye,1998,8,10,22.172,95.434,"Beskoy (Trabzon province), Rize province",Flash flood,Unknown,60,1000,0,63734383,713.75,103.25,118.8255714,summer,monsoon,0
1998-0263-YEM,YEM,Yemen,1998,8,14,22.172,95.434,Siham valley Red Sea port Hodeida Ibb Abin Marib Sanaa Lahaj (West Yemen),Flash flood,Unknown,70,240,0,18446013,706.5,89,328.7334667,summer,monsoon,0
1998-0272-PRK,PRK,Democratic People's Republic of Korea,1998,8,27,22.172,95.434,"Jongpyong, Kowan, Riwon, Sinhung counties (Hamgyong province)",Riverine flood,Unknown,50,10000,0,23311564,511.5,70.06666667,72.38114286,summer,monsoon,0
1998-0282-NPL,NPL,Nepal,1998,8,28,22.172,95.434,Gandaki,Riverine flood,Unknown,50,0,5000,23680357,511.5,70.06666667,328.7334667,summer,monsoon,0
1998-0316-VNM,VNM,Viet Nam,1998,10,16,22.172,95.434,"Khan Hoa, Binh Dinh, Quang Ngai, Phu Yen, Ninh Thuan",Riverine flood,Unknown,45,31030,13700,75299660,511.5,70.06666667,1358.849333,autumn,NoMonsoon,0
1998-0320-IRN,IRN,Iran (Islamic Republic of),1998,7,31,22.172,95.434,"Gilan, Ardabil, Masuleh",Riverine flood,Unknown,46,576,50500,64519859,650.625,84.25,61.52216667,summer,monsoon,0
1998-0321-CHN,CHN,China,1998,8,31,22.172,95.434,"Tibet, Xizang Province",Flash flood,Unknown,50,80000,20124,1241935000,511.5,70.06666667,2227.122359,summer,monsoon,0
1998-0338-ARM,ARM,Armenia,1998,5,30,22.172,95.434,Yerevan city,Flood (General),Unknown,0,0,120,3208401,511.5,70.06666667,6.4545,spring,NoMonsoon,0
1998-0355-IDN,IDN,Indonesia,1998,8,2,22.172,95.434,East Kalamatan = Kalimantan Timur,Flood (General),Unknown,4,100000,0,209826788,511.5,70.06666667,48.10376923,summer,monsoon,0
1998-0372-MYS,MYS,Malaysia,1998,11,19,22.172,95.434,Penang & Kedah,Flood (General),Unknown,0,2500,0,21906713,511.5,70.06666667,206.0363415,autumn,NoMonsoon,0
1998-0392-IND,IND,India,1998,8,15,22.172,95.434,"Assam, Arunachal, Bihar, Kerala, Meghalaya, Punjab, Sikkim, Uttar Pradesh, West Bengal states",Flood (General),Unknown,1811,29227200,0,1018665080,429.8333333,48.33333333,1254.5155,summer,monsoon,1
1998-0435-ISR,ISR,Israel,1998,12,31,22.172,95.434,Carmel Region,Flash flood,Unknown,0,1000,0,5971000,511.5,70.06666667,5.5675,winter,NoMonsoon,0
1998-0445-CHN,CHN,China,1998,6,11,22.172,95.434,"Hunan, Jiangxi, Fujian, Guangxi, Nanping Level 2 - level 1 = Sichuan",Flood (General),Unknown,440,0,724700,1241935000,511.5,70.06666667,2227.122359,summer,monsoon,0
1998-0449-IND,IND,India,1998,9,16,22.172,95.434,"Gujarat, Maharashtra states",Flash flood,Unknown,90,50000,0,1018665080,429.8333333,48.33333333,1254.5155,autumn,monsoon,0
1998-0450-IND,IND,India,1998,9,20,22.172,95.434,"Andhra Pradesh, Hyderabad",Flood (General),Unknown,230,375000,528600,1018665080,429.8333333,48.33333333,1254.5155,autumn,monsoon,1
1998-0604-CHN,CHN,China,1998,8,8,22.172,95.434,"Heilongjiang, Inner Mongolia, Liaoning",Riverine flood,Unknown,89,2160000,964000,1241935000,511.5,70.06666667,2227.122359,summer,monsoon,1
1998-0607-TWN,TWN,Taiwan (Province of China),1998,6,1,22.172,95.434,"Tainan, Kaohsiung, Pintung, Yulin counties",Riverine flood,Unknown,3,300,19000,96337125,511.5,70.06666667,328.7334667,summer,monsoon,0
1998-0612-LKA,LKA,Sri Lanka,1998,12,28,22.172,95.434,"Batticaloa, Trincomalee, Vavuniya (Eastern and Northern)",Riverine flood,Unknown,2,154485,0,18596003,511.5,70.06666667,119.3917143,winter,NoMonsoon,1
1999-0002-IDN,IDN,Indonesia,1999,1,5,22.172,95.434,"Sulawesi, Java",Flood (General),Unknown,12,16000,0,213004668,511.5,70.06666667,48.10376923,winter,NoMonsoon,0
1999-0003-MYS,MYS,Malaysia,1999,1,1,22.172,95.434,"Pekan (Pahang State), Johor, Terengganu states",Riverine flood,Unknown,1,2000,0,22435531,511.5,70.06666667,206.0363415,winter,NoMonsoon,0
1999-0053-PHL,PHL,Philippines,1999,2,20,22.172,95.434,"Iligan city, towns of Kauswagan, Linamon and Bacolod (Lanao del Norte Province, Mindanao islands)",Flash flood,"Kauswagon River, Larapan river",34,2609,6000,77753257,511.5,70.06666667,41.69744444,winter,NoMonsoon,0
1999-0066-IRN,IRN,Iran (Islamic Republic of),1999,2,15,22.172,95.434,"Gilan, Kerman, Sistan-u-Balouchestan, Khorasan, Fars, Kohkiloyeh & Boyerrahmad, Isfahan, Khozstan, Bosshehr, Yazd provinces",Flood (General),Unknown,0,1000,0,65445391,650.625,84.25,61.52216667,winter,NoMonsoon,0
1999-0081-THA,THA,Thailand,1999,2,15,22.172,95.434,"Nakorn Srithammarat, Surat Thani, Songkla Provinces",Flash flood,Unknown,3,20000,0,62299043,511.5,70.06666667,454.353,winter,NoMonsoon,0
1999-0083-PHL,PHL,Philippines,1999,3,2,22.172,95.434,Gingoog,Flood (General),Unknown,0,1300,0,77753257,511.5,70.06666667,41.69744444,spring,NoMonsoon,0
1999-0090-PAK,PAK,Pakistan,1999,3,7,22.172,95.434,"Dadu, Level 1 = Sind",Flood (General),Unknown,14,0,0,150565377,511.5,75.33333333,351.4056296,spring,NoMonsoon,0
1999-0118-CHN,CHN,China,1999,4,25,22.172,95.434,"Hubai, Jiangxi, Hunan Provinces",Flood (General),Unknown,35,3000,0,1252735000,511.5,70.06666667,2227.122359,spring,NoMonsoon,0
1999-0161-LKA,LKA,Sri Lanka,1999,4,17,22.172,95.434,"Ratnapura, Colombo, Gampaha, Kalutara, Galle, Matara, Kandy, Kegalle, Level 1 = Central, Sabaragamuwa, Southern, Western",Riverine flood,Kelani and Kalu,6,0,0,18944731,511.5,70.06666667,119.3917143,spring,NoMonsoon,0
1999-0191-CHN,CHN,China,1999,6,23,22.172,95.434,"Anhui, Zhejiang, Jiangxi, Jiangsu, Hubei, Hunan, Guizhou, Sichuang, Chingquing (municipality)",Riverine flood,Yangtze River and its tributaries,725,100000000,8100000,1252735000,511.5,70.06666667,2227.122359,summer,monsoon,1
1999-0213-IND,IND,India,1999,7,11,22.172,95.434,"Assam, Bihar, Gujarat, Karnataka, Kerala, Tripura, West Bengal, Arunachal Pradesh, Punjab",Riverine flood,"Brahmaputra, Jamuna, Padma, Meghna, Gomti, Surma and Khowai",325,5500000,0,1038225823,429.8333333,48.33333333,1254.5155,summer,monsoon,1
1999-0220-NPL,NPL,Nepal,1999,6,15,22.172,95.434,Unknown,Riverine flood,Unknown,170,18000,2000,24125199,511.5,70.06666667,328.7334667,summer,monsoon,0
1999-0225-BGD,BGD,Bangladesh,1999,7,11,22.172,95.434,"Comilla, Lalmonirhat, Habiganj Jamalpur, Munshiganj, Manikganj, Kustia, Rajshahi, Bogra, Kurigram, Gaibandha, Nilphamari, Lalmonirhat, Sunamganj and Chittagong",Riverine flood,Gomti River,31,421250,0,132108065,511.5,70.06666667,11968.294,summer,monsoon,1
1999-0229-TJK,TJK,Tajikistan,1999,7,7,22.172,95.434,"Ashd and Aini Districts (Leninabad Region), Gharm District, Jirgatal (Karategin Valley) and Darvaz District (Gorno-Badakhstan)",Flash flood,Unknown,27,6366,6154,6208370,511.5,70.06666667,160.48125,summer,monsoon,0
1999-0235-IRN,IRN,Iran (Islamic Republic of),1999,7,15,22.172,95.434,"Mazandaran, Khorasan, Golestan, and Zanjan Provinces",Flash flood,Neka River,51,20000,43000,65445391,650.625,84.25,61.52216667,summer,monsoon,0
1999-0243-JPN,JPN,Japan,1999,6,28,22.172,95.434,"Kobe, Nagasaki, Fukuoka (Hiroshima State)",Riverine flood,Unknown,45,24000,107000,126631000,511.5,70.06666667,108.9076711,summer,monsoon,0
1999-0244-VNM,VNM,Viet Nam,1999,7,24,22.172,95.434,"Binh Thuan, Lam Dong, Dac Lac and Dong Nai",Flash flood,Unknown,40,106885,19500,76287452,511.5,70.06666667,1358.849333,summer,monsoon,1
1999-0247-KOR,KOR,Republic of Korea,1999,7,30,22.172,95.434,"Hwachon, Paju, Seoul and Yonchon (Kyonggi-do and Kangwon-do provinces)",Flash flood,Han,64,24408,332000,46616677,511.5,70.06666667,213.3785,summer,monsoon,0
1999-0248-PRK,PRK,Democratic People's Republic of Korea,1999,7,30,22.172,95.434,"Kaesong, Kaepung, Panmun, Changpung (cities) Level 1 = Kaesong",Flash flood,Unknown,42,39136,2000,23497599,511.5,70.06666667,72.38114286,summer,monsoon,0
1999-0253-PHL,PHL,Philippines,1999,7,30,22.172,95.434,"Rizal, Pangasinan, Pampanga and Bulacan Provinces",Flash flood,Pampanga,130,2096341,18000,77753257,511.5,70.06666667,41.69744444,summer,monsoon,1
1999-0259-KHM,KHM,Cambodia,1999,8,2,22.172,95.434,"Kampot, Kratie, and Kompong Cham, Koh Kong, Sihanoukville Provinces",Flash flood,Mekong,7,527904,500,12265731,511.5,70.06666667,3965.6898,summer,monsoon,1
1999-0262-PAK,PAK,Pakistan,1999,7,15,22.172,95.434,"Sanjzvi, Dukki, Thal, Harnai (Valley of Ziarat), Level 1: N.W.F.P., Baluchistan",Flood (General),Unknown,20,0,0,150565377,511.5,75.33333333,351.4056296,summer,monsoon,0
1999-0269-THA,THA,Thailand,1999,7,24,22.172,95.434,"Chantaburi, Trad, and Ubol Ratchathani Provinces",Flash flood,Unknown,7,90700,13000,62299043,511.5,70.06666667,454.353,summer,monsoon,0
1999-0275-IRN,IRN,Iran (Islamic Republic of),1999,8,21,22.172,95.434,"Qazvin District, Level 1 = Zanjan",Flash flood,Unknown,22,0,0,65445391,650.625,84.25,61.52216667,summer,monsoon,0
1999-0276-IRN,IRN,Iran (Islamic Republic of),1999,8,8,22.172,95.434,"Tabriz, Miyaneb, Ahar, Hashtrood, Oskoo, Bostanabad (cities) Level 1 = East Azerbaijan",Riverine flood,Unknown,8,4250,0,65445391,650.625,84.25,61.52216667,summer,monsoon,0
1999-0277-BGD,BGD,Bangladesh,1999,8,11,22.172,95.434,"Chittagong port city, Aziznagar, Chittagong Hill Tracts, Island of Maheshkhali (Cox's Bazar, Chittagong and Bandarban districts)",Riverine flood,Matamuhuri river,17,50000,0,132108065,511.5,70.06666667,11968.294,summer,monsoon,0
1999-0353-THA,THA,Thailand,1999,8,15,22.172,95.434,Mae Hong Son & Tak Provinces,Flash flood,Unknown,0,862,0,62299043,511.5,70.06666667,454.353,summer,monsoon,0
1999-0354-MMR,MMR,Myanmar,1999,8,15,22.172,95.434,Eastern Part Of Burma,Flash flood,Unknown,22,0,0,44787724,511.5,70.06666667,4552.1444,summer,monsoon,0
1999-0356-JPN,JPN,Japan,1999,8,14,22.172,95.434,Tokyo,Riverine flood,Unknown,15,0,0,126631000,511.5,70.06666667,108.9076711,summer,monsoon,0
1999-0371-IND,IND,India,1999,9,15,22.172,95.434,"Uttar Pradesh, Bihar, West Bengal, Madhya Prasdeh, Delhi",Flood (General),Unknown,229,22120000,2400,1038225823,429.8333333,48.33333333,1254.5155,autumn,monsoon,1
1999-0427-THA,THA,Thailand,1999,10,25,22.172,95.434,"Prachuap Khiri Khan, Phetchaburi, Ratchaburi, Kanchanaburi, Lop Buri, Phitsanulok, Phichit, Nakhon Sawan, Satun, Phuket",Coastal flood,Chao Phya River,10,170000,0,62299043,511.5,70.06666667,454.353,autumn,NoMonsoon,1
1999-0428-VNM,VNM,Viet Nam,1999,10,25,22.172,95.434,"Da Nang, Quang Nam, Thanh Hoa, Nghe An, Ha Tinh, Quang Binh, Quang Tri, Thua Thien Hue, Quang Ngai, Binh Dinh",Coastal flood,Unknown,622,3414000,237000,76287452,511.5,70.06666667,1358.849333,autumn,NoMonsoon,1
1999-0437-KHM,KHM,Cambodia,1999,10,25,22.172,95.434,"Takeo, Kandal, Kampong Speu, Phnom Penh Municipality, Pursat",Coastal flood,Unknown,0,106670,0,12265731,511.5,70.06666667,3965.6898,autumn,NoMonsoon,1
1999-0548-YEM,YEM,Yemen,1999,12,4,22.172,95.434,Socotra Archipelago,Flood (General),Unknown,0,12250,0,19029420,706.5,89,328.7334667,winter,NoMonsoon,0
1999-0574-VNM,VNM,Viet Nam,1999,12,2,22.172,95.434,"Thua Thien Hue, Khanh Hoa, Phu Yen, Binh Dinh, Quang Ngai, Quang Nam, Danang and Khanh Hoa.",Riverine flood,Thu Hong,127,2118265,53000,76287452,511.5,70.06666667,1358.849333,winter,NoMonsoon,1
1999-0575-AFG,AFG,Afghanistan,1999,2,15,22.172,95.434,Kanhahar & Helmand Provinces,Flood (General),Unknown,0,500,0,19887785,526,70.06666667,68.6501,winter,NoMonsoon,0
1999-0599-THA,THA,Thailand,1999,12,23,22.172,95.434,"Surat Thani, Nakhon Si Thammarat, Chumphon Provinces",Coastal flood,Unknown,0,0,267,62299043,511.5,70.06666667,454.353,winter,NoMonsoon,0
1999-0608-PHL,PHL,Philippines,1999,3,15,22.172,95.434,Surigao del Sur Province,Flash flood,Unknown,0,0,0,77753257,511.5,70.06666667,41.69744444,spring,NoMonsoon,0
1999-0616-THA,THA,Thailand,1999,12,4,22.172,95.434,"Yala, Pattani, Narathiwat, Songkhla, Chumphon Provinces",Riverine flood,Unknown,2,2000,0,62299043,511.5,70.06666667,454.353,winter,NoMonsoon,0
1999-0645-CHN,CHN,China,1999,9,6,22.172,95.434,"Zhejiang Province (including Wenzhou, Taizhou and Lishui)",Flash flood,Unknown,153,4920000,647000,1252735000,511.5,70.06666667,2227.122359,autumn,monsoon,1
1999-0730-BGD,BGD,Bangladesh,1999,6,30,22.172,95.434,Unknown,Flood (General),Unknown,82,0,0,132108065,511.5,70.06666667,11968.294,summer,monsoon,0
1999-0731-CHN,CHN,China,1999,7,3,22.172,95.434,Anhui,Flood (General),Unknown,30,0,302000,1252735000,511.5,70.06666667,2227.122359,summer,monsoon,0
1999-0733-CHN,CHN,China,1999,8,12,22.172,95.434,Chenzhou (Hunan province),Flood (General),Unknown,199,0,181200,1252735000,511.5,70.06666667,2227.122359,summer,monsoon,0
1999-0734-BGD,BGD,Bangladesh,1999,7,28,22.172,95.434,Jamuna,Flood (General),Unknown,0,0,0,132108065,511.5,70.06666667,11968.294,summer,monsoon,0
1999-0735-CHN,CHN,China,1999,8,14,22.172,95.434,Pingshan (Hebei),Flood (General),Unknown,43,5000,24200,1252735000,511.5,70.06666667,2227.122359,summer,monsoon,0
1999-0736-BGD,BGD,Bangladesh,1999,4,10,22.172,95.434,"Bhola, Barisal, Patuakhil",Flood (General),Unknown,66,0,0,132108065,511.5,70.06666667,11968.294,spring,NoMonsoon,0
2000-0038-PHL,PHL,Philippines,2000,1,28,22.172,95.434,"Agusan del Sur, Agusan del Norte, Surigao del Sur districts (Region XIII province), Davao Oriental, Davao del Norte, Compostela districts (Region XI province)",Flash flood,Unknown,50,153885,4080,79625397,511.5,70.06666667,41.69744444,winter,NoMonsoon,1
2000-0066-PHL,PHL,Philippines,2000,1,22,22.172,95.434,Tawi-Tawi district (ARMM province),Coastal flood,Unknown,0,0,0,79625397,511.5,70.06666667,41.69744444,winter,NoMonsoon,0
2000-0200-CHN,CHN,China,2000,4,13,22.172,95.434,"Shenzhen, Zhuhai, Zhongshan districts (Guangdong Sheng province)",Riverine flood,Unknown,15,40000,12000,1262645000,511.5,70.06666667,2227.122359,spring,NoMonsoon,0
2000-0235-KAZ,KAZ,Kazakhstan,2000,4,15,22.172,95.434,"Denisovskiy, Zhitikara, Taran, Qostanay districts (Kustanayskaya province)",Flood (General),Unknown,0,2500,1500,15501103,547,68,62.81446154,spring,NoMonsoon,0
2000-0258-IDN,IDN,Indonesia,2000,5,16,22.172,95.434,"Malaka Tengah, Malaka Barat areas (Belu district, Nusatenggara Timur province)",Flash flood,Beneneai river,126,50000,79000,216077790,511.5,70.06666667,48.10376923,spring,NoMonsoon,0
2000-0281-TUR,TUR,Türkiye,2000,5,27,22.172,95.434,"Carsamba, Salipazari districts (Samsun province), Tokat province",Riverine flood,Unknown,2,1000,40000,65425961,713.75,103.25,118.8255714,spring,NoMonsoon,0
2000-0302-CHN,CHN,China,2000,5,31,22.172,95.434,"Awu, Jingmu, Hadapu villages (Dangchang Xian area, Longnan district, Gansu Sheng province), Gulin Xian, Xuyong Xian areas (Luzhou district, Sichuan Sheng Province), Duyun Shi area (Qiannan Buyei and Miao district, Guizhou Sheng province)",Flash flood,Minjiang.,34,154000,22000,1262645000,511.5,70.06666667,2227.122359,spring,NoMonsoon,1
2000-0330-CHN,CHN,China,2000,6,1,22.172,95.434,"Sichuan Sheng, Yunnan Sheng provinces",Flash flood,Unknown,4,15000,0,1262645000,511.5,70.06666667,2227.122359,summer,monsoon,0
2000-0332-IND,IND,India,2000,6,10,22.172,95.434,"Yingkiang,Tuting villages (Upper Siang (70051) district, Arunachal Pradesh province), Along, Boleng villages (70054 district, Arunachal Pradesh province), Pasighat, Sika-bamin, Komlighat, Raneghat (70041 district, Arunachal Pradesh province), Tezu, Mahadevpur villages (Lohit district, Arunachal Pradesh province), Golaghat, Nagaon districts (Assam province),",Flash flood,Unknown,20,3000000,0,1057922733,429.8333333,48.33333333,1254.5155,summer,monsoon,1
2000-0372-CHN,CHN,China,2000,6,17,22.172,95.434,"Quanzhou, Zhangzhou, Xiamen districts (Fujian Sheng province), Jiangxi Sheng province",Riverine flood,Unknown,43,0,19000,1262645000,511.5,70.06666667,2227.122359,summer,monsoon,0
2000-0373-BGD,BGD,Bangladesh,2000,6,24,22.172,95.434,"Bakalia, Kotwali, Chandgaon, Pahartali, Hathazari, Halishahar, Patiya, Satkania areas (Chittagong district, Chittagong province), Cox's Bazar district (Chittagong province)",Flash flood,"Bramputra, Darata",11,200000,0,134544304,511.5,70.06666667,11968.294,summer,monsoon,1
2000-0376-CHN,CHN,China,2000,6,8,22.172,95.434,"Duyun Shi area (Qiannan Buyei and Miao district, Guizhou Sheng province)",Riverine flood,Unknown,33,300000,60000,1262645000,511.5,70.06666667,2227.122359,summer,monsoon,1
2000-0401-THA,THA,Thailand,2000,6,21,22.172,95.434,"Muang Chiang Rai, Mae Chan districts (Chiang Rai province)",Flood (General),Unknown,0,2500,0,63007815,511.5,70.06666667,454.353,summer,monsoon,0
2000-0408-VNM,VNM,Viet Nam,2000,7,15,22.172,95.434,"Long An, Dong Thap, An Giang, Kien Giang, Can Tho city, Vinh Long, Tien Giang provinces",Riverine flood,Unknown,460,5000000,250000,77154011,511.5,70.06666667,1358.849333,summer,monsoon,1
2000-0426-CHN,CHN,China,2000,7,18,22.172,95.434,"Baiyu Xian area (Garze Tibetan district, Sichuan Sheng province)",Flood (General),Unknown,54,0,0,1262645000,511.5,70.06666667,2227.122359,summer,monsoon,0
2000-0438-KHM,KHM,Cambodia,2000,7,11,22.172,95.434,"Stung Treng, Kratie, Koh Kong, Kampong Cham, Pursat, Kampong Thom, Takeo, Siem Reap, Otdar Meanchey, Kampot, Svay Rieng, Kandal, Phnom Penh, Prey Veng, Kampong Chhnang, Ratanak Kiri, Preah Vihear, Battambang, Banteay Meanchey, Kampong Speu provinces",Riverine flood,Unknown,347,3448000,160000,12462336,511.5,70.06666667,3965.6898,summer,monsoon,1
2000-0441-KOR,KOR,Republic of Korea,2000,7,22,22.172,95.434,"Pyongtaek area (Kyonggi-do province), Seoul province",Flood (General),Unknown,13,0,23000,47008111,511.5,70.06666667,213.3785,summer,monsoon,0
2000-0444-IND,IND,India,2000,7,15,22.172,95.434,"East Siang, 70041, West Siang, 70054, Upper Siang (70051), 70045, 70050, Lower Dibang Valley districts (Arunachal Pradesh province)",Flash flood,Unknown,130,0,0,1057922733,429.8333333,48.33333333,1254.5155,summer,monsoon,0
2000-0445-IND,IND,India,2000,8,2,22.172,95.434,"Katihar, Sitamarhi districts (Bihar province), Kinnaur district (Himachal Pradesh province), Bankura, Barddhaman, Birbhum, Haora, Hugli, Maldah, Murshidabad, Nadia, North 24 Parganas, West Midnapore districts (West Bengal province), Pithoragarh, Naini Tal districts (Uttarakhand province), Ahmadabad district (Gujarat province), Andhra Pradesh, Assam, Arunachal Pradesh, Madhya Pradesh, Punjab, Uttar Pradesh, Maharashtra, Rajasthan, Chandigarh, Kerala",Riverine flood,"Brahmaputra and its tributaries, Bagmati, Kosi, Gandak, Murigandak, Kamlabalan, Mahananada, Adhwara, Ganges, Bhagra, Ganga, Burhi Gandak, Bagmati and Punpun",867,22000000,43000,1057922733,429.8333333,48.33333333,1254.5155,summer,monsoon,1
2000-0446-THA,THA,Thailand,2000,7,15,22.172,95.434,"Phan, Muang Chiang Rai, Khun Tan districts (Chiang Ria province), Loei, Udon Thani, Nakhon Phanom, Sakon Nakhon, Kalasin, Maha Sarakham, Roi Et, Surin, Buriram, Si Saket, Yasothon, Amnat Charoen, Ubon Ratchathani provinces",Flood (General),Unknown,47,2500000,51050,63007815,511.5,70.06666667,454.353,summer,monsoon,1
2000-0472-CHN,CHN,China,2000,7,11,22.172,95.434,"Hu Xian (Xi'an district, Shaanxi Sheng province), Ziyang Xian (Ankang district, Shaanxi Sheng province)",Flood (General),Unknown,203,0,172000,1262645000,511.5,70.06666667,2227.122359,summer,monsoon,0
2000-0476-NPL,NPL,Nepal,2000,6,15,22.172,95.434,"Dhading, Lalitpur areas (Bagmati district, Central province), Dolakha, Sarlahi areas (Janakpur district, Central province), Makwanpur, Parsa, Rautahat areas (Narayani district, Central province), Bhojpur, Morang, Sunsari, Terhathum areas (Koshi district, Eastern province), Siraha, Saptari areas (Sagarmatha district, Eastern province), Baitadi, Darchula areas (Mahakali district, Far Western province), Kailali area (Seti district, Far Western province), Banke, Dailekh areas (Bheri district, Mid Western province), Salyan area (Rapti district, Mid Western province), Baglung area (Dhawalagiri district, Western province), Argakhachi area (Lumbini district, Western province), Gorkha, Lamjung, Tanahu, Kaski areas (Gandaki district, Western province), Mechi district (Eastern province)",Flood (General),Unknown,144,50000,6300,24546509,511.5,70.06666667,328.7334667,summer,monsoon,0
2000-0484-BTN,BTN,Bhutan,2000,8,2,22.172,95.434,"Pasakha area (Sampheling district, Chhukha province), Phuentshogling city (Phuentshogling district, Chhukha province)",Riverine flood,"Brahmaputra, Varsha",200,0,0,596863,511.5,70.06666667,328.7334667,summer,monsoon,0
2000-0499-IRN,IRN,Iran (Islamic Republic of),2000,8,8,22.172,95.434,"Maneh Va Samalqan area (Bojnord district, Khorasan province)",Flash flood,Unknown,8,400,6000,66418659,650.625,84.25,61.52216667,summer,monsoon,0
2000-0534-IND,IND,India,2000,8,23,22.172,95.434,"Adilabad, Cuddapah, East Godavari, Guntur, Hyderabad, Karimnagar, Khammam, Krishna, Kurnool, Mahbubnagar, Medak, Nalgonda, Nellore, Nizamabad, Prakasam, Rangareddi, Vishakhapatnam, Warangal, West Godavari districts (Andhra Pradesh province)",Flash flood,Godavari,179,0,173000,1057922733,429.8333333,48.33333333,1254.5155,summer,monsoon,0
2000-0535-KOR,KOR,Republic of Korea,2000,8,26,22.172,95.434,"Chollanam-do, Chollabuk-do, Chungchongnam-do, Seoul, Kyonggi-do provinces",Flash flood,Kum and Imjin,7,500,27000,47008111,511.5,70.06666667,213.3785,summer,monsoon,0
2000-0555-BGD,BGD,Bangladesh,2000,8,30,22.172,95.434,"Hutiya, Companiganj areas (Noakhali district, Chittagong province), Maheskhali area (Cox's Bazar district, Chittagong province), Sandwip area (Chittagong district, Chittagong province)",Coastal flood,Unknown,1,0,0,134544304,511.5,70.06666667,11968.294,summer,monsoon,0
2000-0583-LAO,LAO,Lao People's Democratic Republic,2000,9,15,22.172,95.434,"Louang-Namtha, Bolikhamxai, Khammouan, Savannakhet, Champasak, Salavan, Vientiane, Vientiane capital province",Flood (General),Unknown,15,450000,1000,5431212,511.5,70.06666667,1192.554816,autumn,monsoon,1
2000-0597-PHL,PHL,Philippines,2000,9,4,22.172,95.434,Metropolitan Manila district (NCR province),Coastal flood,Unknown,5,6508,0,79625397,511.5,70.06666667,41.69744444,autumn,monsoon,0
2000-0606-JPN,JPN,Japan,2000,9,10,22.172,95.434,"Aiti, Sizuoka, Mie, Gifu provinces",Coastal flood,"Shonai, Shin, Kiso, Ishigase, 8 rivers in Aichi prefecture",18,360000,7440000,126843000,511.5,70.06666667,108.9076711,autumn,monsoon,1
2000-0610-IND,IND,India,2000,9,18,22.172,95.434,"Birbhum, Bardhaman, Murshidabad, Maldah districts (West Bengal province), Dumka, Sahibganj, Deoghar districts (Jharkhand province), Banka, Bhagalpur, Munger, Sheikhpura districts (Bihar province)",Riverine flood,"Ganges, Kosi, Bagmati, Burhi Ganduk, Hoogly, Kharia, Ichamati and Jamuna",884,24600000,691500,1057922733,429.8333333,48.33333333,1254.5155,autumn,monsoon,1
2000-0613-LKA,LKA,Sri Lanka,2000,9,18,22.172,95.434,"Galle, Matara districts (Southern province)",Riverine flood,Gin Ganga,2,100000,0,19293054,511.5,70.06666667,119.3917143,autumn,monsoon,0
2000-0617-BGD,BGD,Bangladesh,2000,9,15,22.172,95.434,"Gangni, Meherpur Sadar areas (Meherpur district, Khulna province), Daulatpur, Kushtia Sadar, Bheramara areas (Kushtia district, Khulna province), Jibannagar, Alamdanga, Cuadanda Sadar, Damurhuda areas (Chuadanga district, Khulna province), Maheshpur, Kotchandpur areas (Jhenaidah district, Khulna province), Paba, Godagari, Tanor, Mohanpur areas (Rajshahi district, Rajshahi province)",Flash flood,Unknown,31,2467138,500000,134544304,511.5,70.06666667,11968.294,autumn,monsoon,1
2000-0677-CHN,CHN,China,2000,10,12,22.172,95.434,"Xuwen area (Zhanjiang district, Guandong province), Hainan Sheng province",Flash flood,Unknown,10,200000,25366,1262645000,511.5,70.06666667,2227.122359,autumn,NoMonsoon,1
2000-0738-IND,IND,India,2000,10,19,22.172,95.434,North 24 Parganas district (West Bengal province),Flood (General),Unknown,6,534035,0,1057922733,429.8333333,48.33333333,1254.5155,autumn,NoMonsoon,1
2000-0741-LKA,LKA,Sri Lanka,2000,11,18,22.172,95.434,"Ampara, Batticaloa districts (Eastern province), Polonnaruwa district (North Central province)",Riverine flood,Unknown,3,300000,3000,19293054,511.5,70.06666667,119.3917143,autumn,NoMonsoon,1
2000-0748-VNM,VNM,Viet Nam,2000,11,18,22.172,95.434,"Quang Nam, Khanh Hoa, Phu Yen, Ninh Thuan, Binh Thuan, Quang Ngai, Binh Dinh, Quang Tri, Thua Thien-Hue provinces",Riverine flood,Unknown,36,25000,15000,77154011,511.5,70.06666667,1358.849333,autumn,NoMonsoon,0
2000-0755-THA,THA,Thailand,2000,11,21,22.172,95.434,"Songkhla, Nakhon Si Thammarat, Surat Thani, Satun, Phatthalung, Chumphon, Narathiwat, Yala, Pattani, Trang provinces",Riverine flood,Unknown,51,808231,57500,63007815,511.5,70.06666667,454.353,autumn,NoMonsoon,1
2000-0770-IDN,IDN,Indonesia,2000,11,28,22.172,95.434,"Aceh Besar, Aceh Utara districts (Nangroe Aceh Darussalam province), Pesisir Selatan, Tanahdatar, Solok districts (Sumatera Barat province) Dairi, Deli Serdang districts (Sumatera Utara province), Riau, Jambi provinces",Riverine flood,Unknown,100,386000,34000,216077790,511.5,70.06666667,48.10376923,autumn,NoMonsoon,1
2000-0774-MYS,MYS,Malaysia,2000,11,21,22.172,95.434,"Kuala Krai, Pasir Puteh, Kota Bharu, Pasir Mas, Tumpat districts (Kelantan province), Kubang Pasu, Kota Setar, Padang Terap districts (Kedah province), Besut district (Terengganu province)",Flash flood,"Sungai Bata, Sungai Kampung Telok Malik, Sungai Pantai Johor, Sungai Baru, Sungai Golok, Sungai Padang Terap.",12,8000,1000,22967816,511.5,70.06666667,206.0363415,autumn,NoMonsoon,0
2000-0777-THA,THA,Thailand,2000,9,15,22.172,95.434,"Wang Pong, Chon Daen districts (Phetchabun province)",Riverine flood,Unknown,9,12500,506,63007815,511.5,70.06666667,454.353,autumn,monsoon,0
2000-0791-IDN,IDN,Indonesia,2000,12,3,22.172,95.434,"Taliwan area (Sumbawa Barat district, Nusatenggara Barat province), Lunyuk area (Sumbawa district, Nusatenggara Barat province), Kulonprogo district (Daerah Istimewa Yogyakarta province), Bolaangmongondow, Minahasa, Kota Bitung, Kota Manado districts (Sulawesi Utara province)",Flash flood,Unknown,38,39852,0,216077790,511.5,70.06666667,48.10376923,winter,NoMonsoon,0
2001-0049-LKA,LKA,Sri Lanka,2001,2,15,22.172,95.434,Matale district (Central province),Flood (General),Unknown,0,0,0,19600362,511.5,70.06666667,119.3917143,winter,NoMonsoon,0
2001-0051-IDN,IDN,Indonesia,2001,2,4,22.172,95.434,"Bogor district (Jawa Barat province), Bojonegoro, Jember, Kota Jember districts (Jawa Timur province), Kota Gorontalo district (Gorontalo province), Lebak, Pandeglang, Tangerang districts (Banten province), Dki Jakarta province",Flash flood,"Cilemer and Ciujung rivers, Manyang river, Bengawan Solo River, Bone and Bolango rivers, Rejang River",130,80000,10000,219097902,511.5,70.06666667,48.10376923,winter,NoMonsoon,0
2001-0059-PHL,PHL,Philippines,2001,1,15,22.172,95.434,"Silay City area (Negros Occidental district, Region VI province)",Riverine flood,Balugo River and tributaries,2,12000,0,81401488,511.5,70.06666667,41.69744444,winter,NoMonsoon,0
2001-0176-THA,THA,Thailand,2001,5,4,22.172,95.434,"Phrae, Sukhothai, Lampang provinces",Flash flood,Unknown,83,0,4000,63651141,511.5,70.06666667,454.353,spring,NoMonsoon,0
2001-0180-IRN,IRN,Iran (Islamic Republic of),2001,5,6,22.172,95.434,Bojnord district (Khorasan province),Flash flood,Unknown,32,1250,0,67452005,650.625,84.25,61.52216667,spring,NoMonsoon,0
2001-0187-THA,THA,Thailand,2001,3,11,22.172,95.434,"Pathiu district (Chumphon province), Muang, Bang Saphan, Bang Saphan Noi, Hua Hin, Kui Buri, Pran Buri districts (Prachuap Khirikhan province), Si Satchnalai district (Sukhothai province), Laplae district (Uttaradit province), Khanom, Pak Phanang district (Nakhon Si Thamarat province)",Flood (General),Unknown,2,6000,0,63651141,511.5,70.06666667,454.353,spring,NoMonsoon,0
2001-0188-TUR,TUR,Türkiye,2001,3,8,22.172,95.434,"Siverek, Halfeti districts (Sanliurfa province)",Riverine flood,Unknown,4,450,0,66245128,713.75,103.25,118.8255714,spring,NoMonsoon,0
2001-0241-CHN,CHN,China,2001,6,2,22.172,95.434,"Guangzhou, Maoming, Shanwei, Shenzhen, Yangjiang, Yunfu districts (Guangdong Sheng province), Hubei Sheng, Hunan Sheng provinces",Riverine flood,Unknown,29,1760000,78000,1271850000,511.5,70.06666667,2227.122359,summer,monsoon,1
2001-0243-IND,IND,India,2001,6,5,22.172,95.434,"Silchar city (Cachar district, Assam province), Patharkandi village (Karimganj district, Assam province), West Tripura district (Tripura province)",Riverine flood,Unknown,5,700000,0,1077898575,429.8333333,48.33333333,1254.5155,summer,monsoon,1
2001-0305-CHN,CHN,China,2001,4,20,22.172,95.434,Guangdong Sheng province,Flood (General),Unknown,11,30000,24000,1271850000,511.5,70.06666667,2227.122359,spring,NoMonsoon,0
2001-0309-TUR,TUR,Türkiye,2001,5,7,22.172,95.434,"Antakya area (Merkez district, Hatay province), Konya province",Riverine flood,Orontes River,3,1500,0,66245128,713.75,103.25,118.8255714,spring,NoMonsoon,0
2001-0320-TLS,TLS,Timor-Leste,2001,6,20,22.172,95.434,"Lospalos, Iliomar, Luro, Tutuala districts (Lautem province)",Riverine flood,Unknown,1,2508,0,812249,511.5,70.06666667,328.7334667,summer,monsoon,0
2001-0332-IND,IND,India,2001,7,8,22.172,95.434,"Marshagal, Mahakalpada villages (Kendrapara district, Orissa province), Kakatpur, Astaranga, Kanas, Delanga villages (Puri district, Orissa province), Banki, Kantapada villages (Cuttack district, Orissa province), Balipatna villages (Khordha district, Orissa province), Atharmalik villages (Angul district, Orissa province), Jajpur, Jagatsinghpur, Kalahandi, Koraput, Bolangir, Nayagarh, Baleshwar, Bhadrak districts (Orissa province), Dhamtari, Raipur, Mahasamund, Janjgir-Champa, Raigarh districts (Chhattisgarh province)",Riverine flood,Unknown,100,9670000,90000,1077898575,429.8333333,48.33333333,1254.5155,summer,monsoon,1
2001-0335-KOR,KOR,Republic of Korea,2001,7,14,22.172,95.434,"Anyang city (Kyonggi-do province), Seoul province",Flash flood,Unknown,62,295000,76000,47370164,511.5,70.06666667,213.3785,summer,monsoon,1
2001-0349-IND,IND,India,2001,6,15,22.172,95.434,"Hosdurg borough (Kanhangad city, Kasaragod district, Kerala province), Vertak Nagar area (Thane district, Maharashtra province), Bhandup area (Mumbai Suburban district, Maharashtra province)",Flood (General),Unknown,28,0,0,1077898575,429.8333333,48.33333333,1254.5155,summer,monsoon,0
2001-0350-JPN,JPN,Japan,2001,6,15,22.172,95.434,"Matuyamasi district (Ehime province), Iidukasi district (Hukuoka province)",Flood (General),Unknown,1,138,0,127149000,511.5,70.06666667,108.9076711,summer,monsoon,0
2001-0356-CHN,CHN,China,2001,6,27,22.172,95.434,Hangzhou district (Zhejiang Sheng province),Flood (General),Unknown,22,0,0,1271850000,511.5,70.06666667,2227.122359,summer,monsoon,0
2001-0360-CHN,CHN,China,2001,8,25,22.172,95.434,"Funing Xiang area (Wenshan Zhuang and Miao district, Yunnan Sheng province)",Riverine flood,Puting river,35,0,17000,1271850000,511.5,70.06666667,2227.122359,summer,monsoon,0
2001-0361-VNM,VNM,Viet Nam,2001,6,30,22.172,95.434,"Tien Yen, Dong Trieu, Hoanh Bo districts (Quang Ninh province)",Flood (General),Unknown,9,175,0,77969361,511.5,70.06666667,1358.849333,summer,monsoon,0
2001-0375-IRN,IRN,Iran (Islamic Republic of),2001,7,20,22.172,95.434,"Meshkinshahr district (Ardebil province), Siyah Cheshmeh district (West Azarbayejan province)",Riverine flood,Unknown,32,1000,25000,67452005,650.625,84.25,61.52216667,summer,monsoon,0
2001-0376-PAK,PAK,Pakistan,2001,7,22,22.172,95.434,"Islamabad district (Islamabad province), Rawalpindi district (Punjab province), North-West Frontier province",Flash flood,"Siran, Leh rivers",210,400000,246000,159270907,511.5,75.33333333,351.4056296,summer,monsoon,1
2001-0387-IND,IND,India,2001,7,4,22.172,95.434,"Idukki, Kottayam, Pattanamtitta, Kollam, Alappuzha districts (Kerala province)",Riverine flood,Unknown,86,40000,116924,1077898575,429.8333333,48.33333333,1254.5155,summer,monsoon,0
2001-0392-CHN,CHN,China,2001,7,25,22.172,95.434,"Mawu, Suolong villages (Min Xian area, Dingxi district, Gansu Sheng province)",Riverine flood,Unknown,46,0,5000,1271850000,511.5,70.06666667,2227.122359,summer,monsoon,0
2001-0393-BGD,BGD,Bangladesh,2001,6,5,22.172,95.434,"Nilphamari district (Rangpur province), Brahamanbaria district (Chittagong province), Sylhet province",Riverine flood,Unknown,9,500000,0,136805810,511.5,70.06666667,11968.294,summer,monsoon,1
2001-0402-YEM,YEM,Yemen,2001,7,26,22.172,95.434,"Amran, Hadramaut, Sa'ada, Al Hudaydah provinces",Flash flood,Unknown,33,0,0,20226147,706.5,89,328.7334667,summer,monsoon,0
2001-0403-KOR,KOR,Republic of Korea,2001,7,29,22.172,95.434,"Seoul, Kyonggi-do provinces",Flash flood,Unknown,8,15000,0,47370164,511.5,70.06666667,213.3785,summer,monsoon,0
2001-0407-IDN,IDN,Indonesia,2001,7,31,22.172,95.434,"Nias, Nias Selatan districts (Sumatera Utara province)",Riverine flood,Unknown,257,0,0,219097902,511.5,70.06666667,48.10376923,summer,monsoon,0
2001-0410-PRK,PRK,Democratic People's Republic of Korea,2001,8,1,22.172,95.434,"Pyonggang district (Kangwon-do province), Baechon district (Hwanghae province)",Riverine flood,Unknown,10,0,0,23815358,511.5,70.06666667,72.38114286,summer,monsoon,0
2001-0445-PHL,PHL,Philippines,2001,8,12,22.172,95.434,"Zamboanga del Sur, Zamboanga del Norte, Zamboanga Sibugay districts (Region IX province), Maguindanao district (ARMM province), Sultan Kudarat, North Cotabato districts (Region XII province), Misamis Occidental district (Region X province),",Flash flood,Unknown,37,79000,8000,81401488,511.5,70.06666667,41.69744444,summer,monsoon,0
2001-0450-THA,THA,Thailand,2001,8,8,22.172,95.434,"Nam Kor village (Lom Sak District, Phetchabun Province), Udon Thani, Chiang Mai, Chiang Rai, Lamphun, Nong Khai, Phrae, Nan provinces",Flash flood,Unknown,104,450000,24500,63651141,511.5,70.06666667,454.353,summer,monsoon,1
2001-0453-IRN,IRN,Iran (Islamic Republic of),2001,8,10,22.172,95.434,"Golestan, Khorasan, Semnan provinces",Flash flood,Unknown,412,1200000,78800,67452005,650.625,84.25,61.52216667,summer,monsoon,1
2001-0459-BGD,BGD,Bangladesh,2001,8,31,22.172,95.434,"Sunamganj, Sylhet districts (Sylhet province), Nawabganj, Rajshahi districts (Rajshahi province), Kushtia district (Khulna province)",Flood (General),Unknown,0,200000,0,136805810,511.5,70.06666667,11968.294,summer,monsoon,1
2001-0465-IND,IND,India,2001,8,15,22.172,95.434,"Aurangabad, Bhojpur, Gopalganj, Jehanabad, Muzaffarpur, Nalanda, Pashchim Champaran, Patna, Purba Champaran, Rohtas, Saran, Sitamarhi, Siwan, Vaishali districts (Bihar province)",Riverine flood,Unknown,0,400000,0,1077898575,429.8333333,48.33333333,1254.5155,summer,monsoon,1
2001-0479-THA,THA,Thailand,2001,6,27,22.172,95.434,Ranong province,Flash flood,Unknown,0,1000,0,63651141,511.5,70.06666667,454.353,summer,monsoon,0
2001-0485-KHM,KHM,Cambodia,2001,8,15,22.172,95.434,"Stung Treng, Kratie, Kampong Cham provinces",Riverine flood,Mekong and Tonle Sap rivers,56,1669182,15000,12658484,511.5,70.06666667,3965.6898,summer,monsoon,1
2001-0492-VNM,VNM,Viet Nam,2001,8,15,22.172,95.434,"Long An, Dong Thap, An Giang, Can Tho city, Phu Tho, Kien Giang, Tien Giang, Vinh Long, Soc Trang, Tra Vinh, Ben Tre provinces",Riverine flood,"Mekong, Tien and Hau",310,1570270,84000,77969361,511.5,70.06666667,1358.849333,summer,monsoon,1
2001-0502-IND,IND,India,2001,8,15,22.172,95.434,Delhi province,Flood (General),Unknown,10,0,0,1077898575,429.8333333,48.33333333,1254.5155,summer,monsoon,0
2001-0505-MYS,MYS,Malaysia,2001,8,19,22.172,95.434,"Teluk Ipil area (Seberang Perai Selatan district, Pulau Pinang province)",Flash flood,Unknown,0,10000,0,23526538,511.5,70.06666667,206.0363415,summer,monsoon,0
2001-0515-IND,IND,India,2001,8,20,22.172,95.434,"Gopalganj, Purba Champaran, Pashchim Champaran, Muzaffarpur, Vaishali, Saran districts (Bihar province)",Flood (General),Unknown,158,7000000,26000,1077898575,429.8333333,48.33333333,1254.5155,summer,monsoon,1
2001-0527-IND,IND,India,2001,9,15,22.172,95.434,"Saran, Gopalganj, Purba Champaran, Madhubani districts (Bihar province), Uttar Pradesh province",Flash flood,Unknown,48,2800000,26000,1077898575,429.8333333,48.33333333,1254.5155,autumn,monsoon,1
2001-0528-THA,THA,Thailand,2001,8,31,22.172,95.434,"Ubon Ratchathani, Yasothon provinces",Flood (General),Unknown,0,4000,0,63651141,511.5,70.06666667,454.353,summer,monsoon,0
2001-0530-TJK,TJK,Tajikistan,2001,8,28,22.172,95.434,"Shahriston, Ganchinskiy, Nauskiy districts (Sogd province)",Flood (General),Unknown,0,2190,0,6407377,511.5,70.06666667,160.48125,summer,monsoon,0
2001-0534-CHN,CHN,China,2001,9,19,22.172,95.434,"Jinyang area (Liangshan Yi district, Sichuan Sheng province), Deyang, Mianyang districts (Sichuan Sheng province)",Flash flood,Unknown,27,0,300000,1271850000,511.5,70.06666667,2227.122359,autumn,monsoon,0
2001-0545-IRN,IRN,Iran (Islamic Republic of),2001,10,1,22.172,95.434,"Mazandaran, Gilan provinces",Flash flood,Unknown,0,3000,0,67452005,650.625,84.25,61.52216667,autumn,NoMonsoon,0
2001-0571-PRK,PRK,Democratic People's Republic of Korea,2001,10,9,22.172,95.434,"Kangwon-do, Hamgyong-namdo, Hamgyong-bukto provinces",Flash flood,Unknown,114,157500,9400,23815358,511.5,70.06666667,72.38114286,autumn,NoMonsoon,1
2001-0587-VNM,VNM,Viet Nam,2001,10,20,22.172,95.434,"Quang Nam, Quang Ngai, Ha Tinh, Nghe An, Quang Tri, Phu Yen provinces",Flash flood,Unknown,20,35000,4700,77969361,511.5,70.06666667,1358.849333,autumn,NoMonsoon,0
2001-0596-PHL,PHL,Philippines,2001,10,10,22.172,95.434,"Zamboanga City area (Zamboanga Del Sur district, Region IX province)",Flash flood,Unknown,4,300,0,81401488,511.5,70.06666667,41.69744444,autumn,NoMonsoon,0
2001-0600-MYS,MYS,Malaysia,2001,10,15,22.172,95.434,"Inanam borough (Kota Kinabalu district, Sabah province), Beaufort, Papar, Penampang, Tuaran districts (Sabah province)",Flood (General),Unknown,0,5000,0,23526538,511.5,70.06666667,206.0363415,autumn,NoMonsoon,0
2001-0649-MYS,MYS,Malaysia,2001,10,30,22.172,95.434,Kuala Lumpur province,Flood (General),Unknown,0,200,0,23526538,511.5,70.06666667,206.0363415,autumn,NoMonsoon,0
2001-0654-VNM,VNM,Viet Nam,2001,11,4,22.172,95.434,Thu Duc district (Ho Chi Minh City province),Coastal flood,Unknown,0,3000,0,77969361,511.5,70.06666667,1358.849333,autumn,NoMonsoon,0
2001-0665-TUR,TUR,Türkiye,2001,12,2,22.172,95.434,"Konak district (Izmir province), Erdemli, Merkez, Tarsus districts (Icel province), Antalya, Adana provinces",Riverine flood,Unknown,5,570,25000,66245128,713.75,103.25,118.8255714,winter,NoMonsoon,0
2001-0693-MYS,MYS,Malaysia,2001,12,22,22.172,95.434,"Pahang, Kelantan, Terengganu provinces",Riverine flood,"Pahang, Galas, Lebir, Kelantan, Kemaman, Dungun, Berang Kertih",11,18000,0,23526538,511.5,70.06666667,206.0363415,winter,NoMonsoon,0
2001-0716-CHN,CHN,China,2001,12,17,22.172,95.434,Wuhai district (Nei Mongol Zizhiqu province),Riverine flood,Yellow river,0,4000,0,1271850000,511.5,70.06666667,2227.122359,winter,NoMonsoon,0
2001-0719-IDN,IDN,Indonesia,2001,12,28,22.172,95.434,"Kota Medan, Langkat, Simalungun, Kota Tebingtinggi, Deli Serdang districts (Sumatera Utara province), Gowa district (Sulawesi Selatan province)",Riverine flood,"Deli, Denai, Babura, Putih, Sulang-saling, Belumai, Percut, Asahan",15,0,0,219097902,511.5,70.06666667,48.10376923,winter,NoMonsoon,0
2001-0740-CHN,CHN,China,2001,6,15,22.172,95.434,Guangxi Zhuangzu Zizhiqu province,Riverine flood,Unknown,66,0,167000,1271850000,511.5,70.06666667,2227.122359,summer,monsoon,0
2001-0741-CHN,CHN,China,2001,6,19,22.172,95.434,"Suining Xian area (Shaoyang district, Hunan Sheng province)",Riverine flood,Unknown,166,300000,120000,1271850000,511.5,70.06666667,2227.122359,summer,monsoon,1
2001-0746-MMR,MMR,Myanmar,2001,6,2,22.172,95.434,"Meikthila, Wundwin, Mahlaing areas (Meikthila district, Mandaly province)",Riverine flood,Unknown,51,0,0,45771139,511.5,70.06666667,4552.1444,summer,monsoon,0
2001-0774-KAZ,KAZ,Kazakhstan,2001,5,13,22.172,95.434,"Glubokovskiy, Ulan districts (Vostochno-kazachstanskaya province)",Flood (General),Unknown,0,3668,0,15575550,547,68,62.81446154,spring,NoMonsoon,0
2001-0782-LAO,LAO,Lao People's Democratic Republic,2001,8,15,22.172,95.434,"Khammouan, Savannakhet, Champasak, Attapu provinces",Flood (General),Unknown,0,453000,0,5521482,511.5,70.06666667,1192.554816,summer,monsoon,1
2001-0794-IND,IND,India,2001,9,7,22.172,95.434,"Saran, Gopalganj districts (Bihar province)",Flood (General),Unknown,146,0,103000,1077898575,429.8333333,48.33333333,1254.5155,autumn,monsoon,0
2002-0005-PHL,PHL,Philippines,2002,1,4,22.172,95.434,"Surigao del Sur, Agusan del Sur districts (Region XIII province), Davao del Sur, Davao del Norte, Davao Oriental, Compostella district (Region XI province)",Riverine flood,Unknown,11,95000,392,83068889,511.5,70.06666667,41.69744444,winter,NoMonsoon,0
2002-0018-IDN,IDN,Indonesia,2002,1,8,22.172,95.434,"Dempo Utara area (Kota Pagaralam district, Sumatra Selatan province)",Riverine flood,Unknown,21,40,0,222088495,511.5,70.06666667,48.10376923,winter,NoMonsoon,0
2002-0020-IRN,IRN,Iran (Islamic Republic of),2002,1,11,22.172,95.434,"Bushehr, Fars, Khuzestan, Kerman provinces",Riverine flood,Unknown,11,0,59060,68011317,650.625,84.25,61.52216667,winter,NoMonsoon,0
2002-0035-IDN,IDN,Indonesia,2002,1,13,22.172,95.434,Kota Medan district (Sumatera Utara province),Riverine flood,Unknown,13,2000,0,222088495,511.5,70.06666667,48.10376923,winter,NoMonsoon,0
2002-0054-IDN,IDN,Indonesia,2002,1,27,22.172,95.434,"Alor, Belu districts (Nusatenggara Timur province), Bandung, Bogor, Kota Depok districts (Jawa Barat province), Barru district (Sulawesi Timur province), Bondowoso, Kota Mojokerto, Kota Surabaya, Mojokerto, Sampang, Sidoarjo, Lumajang districts (Jawa Timur province), Tangerang district (Banten province)",Riverine flood,Unknown,150,500000,350000,222088495,511.5,70.06666667,48.10376923,winter,NoMonsoon,1
2002-0176-PHL,PHL,Philippines,2002,3,21,22.172,95.434,"Surigao del Norte, Surigao del Sur districts (Region XIII province)",Riverine flood,Unknown,35,50000,1450,83068889,511.5,70.06666667,41.69744444,spring,NoMonsoon,0
2002-0185-AFG,AFG,Afghanistan,2002,3,22,22.172,95.434,"Yulmarab village (Mazar-e-Sharif district, Balkh province)",Flood (General),Unknown,0,120,0,21378117,526,70.06666667,68.6501,spring,NoMonsoon,0
2002-0186-IDN,IDN,Indonesia,2002,3,27,22.172,95.434,"Gomo, Amandraya areas (Nias Selatan district, Sumatera Utara province)",Riverine flood,Unknown,14,780,0,222088495,511.5,70.06666667,48.10376923,spring,NoMonsoon,0
2002-0193-TJK,TJK,Tajikistan,2002,3,23,22.172,95.434,"Pitomnic, Chorbog, Zamburodod, Kuchabo areas (Kulyab district, Khatlon province)",Riverine flood,Unknown,0,390,0,6531669,511.5,70.06666667,160.48125,spring,NoMonsoon,0
2002-0196-AFG,AFG,Afghanistan,2002,4,4,22.172,95.434,"Deh Miran area (Garziwan district, Faryab province)",Riverine flood,Maimana,39,4225,0,21378117,526,70.06666667,68.6501,spring,NoMonsoon,0
2002-0210-SAU,SAU,Saudi Arabia,2002,4,8,22.172,95.434,Makkah province,Riverine flood,Unknown,19,0,0,17910910,647.125,84.375,328.7334667,spring,NoMonsoon,0
2002-0213-YEM,YEM,Yemen,2002,4,11,22.172,95.434,Hadramaut province,Flood (General),Unknown,2,260,0,20835086,706.5,89,328.7334667,spring,NoMonsoon,0
2002-0218-IRN,IRN,Iran (Islamic Republic of),2002,4,14,22.172,95.434,"Bandar-e abbas district (Hormozgan province), Yazd, Esfahan provinces",Riverine flood,Unknown,11,0,0,68011317,650.625,84.25,61.52216667,spring,NoMonsoon,0
2002-0236-IDN,IDN,Indonesia,2002,4,17,22.172,95.434,"Sumba Timur, Sumba Barat districts (Nusatenggara Timur province)",Riverine flood,Unknown,19,0,0,222088495,511.5,70.06666667,48.10376923,spring,NoMonsoon,0
2002-0242-AFG,AFG,Afghanistan,2002,4,23,22.172,95.434,"Qala-e-Naw, Abkamari districts (Badghis province)",Riverine flood,Unknown,7,1200,0,21378117,526,70.06666667,68.6501,spring,NoMonsoon,0
2002-0278-CHN,CHN,China,2002,5,15,22.172,95.434,Ili Kazakh district (Xinjiang Uygur Zizhiqu province),Riverine flood,Unknown,0,561800,53000,1280400000,511.5,70.06666667,2227.122359,spring,NoMonsoon,1
2002-0291-IDN,IDN,Indonesia,2002,5,15,22.172,95.434,Kolaka district (Sulawesi Tenggara province),Riverine flood,Unknown,0,1000,0,222088495,511.5,70.06666667,48.10376923,spring,NoMonsoon,0
2002-0305-CHN,CHN,China,2002,5,22,22.172,95.434,Hunan Sheng province,Riverine flood,Yangtze,0,20000000,943000,1280400000,511.5,70.06666667,2227.122359,spring,NoMonsoon,1
2002-0315-TJK,TJK,Tajikistan,2002,5,14,22.172,95.434,"Lesapitomnik, Navobod, Angurboh, Kashar, Mechnatobod, Kurbonshaid areas (Voseysky district, Khatlon province)",Flood (General),Unknown,0,408,0,6531669,511.5,70.06666667,160.48125,spring,NoMonsoon,0
2002-0344-CHN,CHN,China,2002,5,23,22.172,95.434,"Tuokexun Xian area (Turfan district, Xinjiang Uygur Zizhiqu province), Tuoli Xian area (Tacheng district, Xinjiang Uygur Zizhiqu province), Nileke Xian area (Ili Kazakh district, Xinjiang Uygur Zizhiqu province)",Flood (General),Unknown,22,7000,50000,1280400000,511.5,70.06666667,2227.122359,spring,NoMonsoon,0
2002-0350-CHN,CHN,China,2002,6,8,22.172,95.434,"Foping Xian, Yang Xian, Ningshan Xian, Chang'an Xian, Hubei Sheng, Chongqing Shi, Guizhou Sheng, Fujian Sheng, Jiangxi Sheng, Hunan Sheng, Guangxi Zhuangzu Zizhiqu, Yunnan Sheng provinces, Suining Shi area (Suining district, Sichuan Sheng province), Shiquan Xian areas (Ankang district, Shaanxi Sheng province), Xi'an Shi areas (Xi'an district, Shaanxi Sheng province), Nanchong Shi area (Nanchong district, Sichuan Sheng province), Hanzhong Shi areas (Hanzhong district, Shaanxi Sheng province)",Flash flood,"Hanjiang, Ziwu, Xun, Yangtze, Jialinjiang",793,80000000,3100000,1280400000,511.5,70.06666667,2227.122359,summer,monsoon,1
2002-0374-IND,IND,India,2002,6,21,22.172,95.434,"Barpeta, Bongaigaon, Cachar, Darrang, Dhemaji, Dhuburi, Dibrugarh, Goalpara, Golaghat, Jorhat, Kamrup, Karimganj, Kokrajhar, Lakhimpur, Marigaon, Nagaon, Nalbari, Sibsagar, Sonitpur, Tinsukia districts (Assam province), Araria, Begusarai, Bhagalpur, Darbhanga, Gopalganj, Katihar, Khagaria, Kishanganj, Madhepura, Madhubani, Muzaffarpur, Nalanda, Pashchim Champaran, Patna, Pruba Champaran, Purnia, Saharsa, Samastipur, Saran, Sheikhpura, Sheohar, Sitamarhi, Siwan, Supaul districts (Bihar province), Lahul and Spiti district (Himachal Pradesh province), Balaghat district (Madhya Pradesh province), Tehri Garhwal district (Uttarakhand province), Adilabad, Khammam, Karimnagar districts (Andhra Pradesh province), Jalpaiguri, Kochbihar, Darjiling districts (West Bengal province), Meghalaya, Tripura, Arunachal Pradesh, Gujarat, Kerala, Manipur, Maharashrta provinces",Riverine flood,"Ganga-Padma, Brammaputra-Jumuna and the Meghna river , Torsa, Tista, Bagmati, Kosi, Gandak, Kareh, Adhwara, Ganga, Burhi Gandak, Punpun. Jiadhal, Subansiri, Bramaputra, Barak and Kathakal,",549,42000000,30772,1097600380,429.8333333,48.33333333,1254.5155,summer,monsoon,1
2002-0375-TJK,TJK,Tajikistan,2002,6,16,22.172,95.434,"Dushanbe city (Leninskiy district, Tadzhikistan Territories province)",Riverine flood,Unknown,8,0,0,6531669,511.5,70.06666667,160.48125,summer,monsoon,0
2002-0402-BGD,BGD,Bangladesh,2002,7,15,22.172,95.434,"Mymensingh, Netrakona, Sherpur districts (Dhaka province), Sunamganj district (Sylhet province), Rangpur, Nilphamari, Kurigram, Gaibandha districts (Rangpur province), Noakhali, Lakshmipur, Cox's Bazar districts (Chittagong province), Jessore, Satkhira districts (Khulna province), Barguna, Bhola, Barisal, Patuakhali districts (Barisal province), Rajshahi province",Flash flood,Unknown,10,1500000,0,138933658,511.5,70.06666667,11968.294,summer,monsoon,1
2002-0410-YEM,YEM,Yemen,2002,7,6,22.172,95.434,As Salafiyah district (Raymah province),Riverine flood,Unknown,10,0,0,20835086,706.5,89,328.7334667,summer,monsoon,0
2002-0450-TUR,TUR,Türkiye,2002,7,23,22.172,95.434,"Cayeli city (Cayeli district, Rize province), Selamet area (Guneysu district, Rize province), Rize city (Merkez district, Rize province), Karalar area (Merkez district, Yozgat province), Kars, Mus, Corum provinces",Riverine flood,Unknown,34,3000,0,67048795,713.75,103.25,118.8255714,summer,monsoon,0
2002-0454-YEM,YEM,Yemen,2002,7,24,22.172,95.434,Raymah province,Riverine flood,Unknown,13,0,0,20835086,706.5,89,328.7334667,summer,monsoon,0
2002-0461-CHN,CHN,China,2002,7,21,22.172,95.434,"Altay, Khotan, Aksu, Ili Kazakh districts (Xinjiang Uygur Zizhiqu province)",Riverine flood,Unknown,11,10000,38600,1280400000,511.5,70.06666667,2227.122359,summer,monsoon,0
2002-0470-VNM,VNM,Viet Nam,2002,7,31,22.172,95.434,"Lai Chau, Lao Cai, Ha Giang, Tuyen Quang, Bac Kan, Son La, Lam Dong provinces",Riverine flood,"Hong, Thai Binh, Lo.",10,2000,2200,78772224,511.5,70.06666667,1358.849333,summer,monsoon,0
2002-0474-KOR,KOR,Republic of Korea,2002,8,5,22.172,95.434,Seoul province,Riverine flood,"Han, Naktong",21,4000,345000,47644736,511.5,70.06666667,213.3785,summer,monsoon,0
2002-0475-TJK,TJK,Tajikistan,2002,8,7,22.172,95.434,"Dasht, Langar areas (Roshtkala district, Badakhshoni Kuni province)",Flash flood,Shokh-Darye,24,450,2836,6531669,511.5,70.06666667,160.48125,summer,monsoon,0
2002-0478-PRK,PRK,Democratic People's Republic of Korea,2002,8,5,22.172,95.434,"P'yongan-namdo, Hwanghae-namdo provinces",Riverine flood,Saenae,0,38370,0,23943973,511.5,70.06666667,72.38114286,summer,monsoon,0
2002-0481-CHN,CHN,China,2002,8,15,22.172,95.434,"Shaoguan, Meizhou, Qingyuan districts (Guangdong Sheng province), Gansu Sheng provinces",Coastal flood,Unknown,61,0,0,1280400000,511.5,70.06666667,2227.122359,summer,monsoon,0
2002-0483-CHN,CHN,China,2002,8,5,22.172,95.434,"Chenzhou Shi area (Chenzhou district, Hunan Sheng province), Guangdong Sheng, Fujian Sheng provinces",Flood (General),Unknown,165,6340000,540000,1280400000,511.5,70.06666667,2227.122359,summer,monsoon,1
2002-0490-IND,IND,India,2002,8,11,22.172,95.434,"Tehri Garhwal district (Uttaranchal province), Bihar, Assam, Manipur provinces",Riverine flood,Jaikur and Indravati rivers.,33,0,20000,1097600380,429.8333333,48.33333333,1254.5155,summer,monsoon,0
2002-0498-CHN,CHN,China,2002,8,14,22.172,95.434,"Xinping Xian area (Yuxi district, Yunnan Sheng province)",Riverine flood,Yanjin.,178,999000,4200,1280400000,511.5,70.06666667,2227.122359,summer,monsoon,1
2002-0499-PHL,PHL,Philippines,2002,8,13,22.172,95.434,"Negros Occidental district (Region VI province), Metropolitan Manila district (NCR province), Rizal district (Region IV-A province),",Coastal flood,Unknown,26,3500,0,83068889,511.5,70.06666667,41.69744444,summer,monsoon,0
2002-0500-IRN,IRN,Iran (Islamic Republic of),2002,8,10,22.172,95.434,"Golestan, Khorasan, Semnan provinces",Riverine flood,Kouseh,39,200000,4000,68011317,650.625,84.25,61.52216667,summer,monsoon,1
2002-0509-PAK,PAK,Pakistan,2002,8,15,22.172,95.434,Peshawar district (Nort-West Frontier province),Flash flood,Unknown,14,0,0,163222549,511.5,75.33333333,351.4056296,summer,monsoon,0
2002-0522-KHM,KHM,Cambodia,2002,8,18,22.172,95.434,"Kandal, Stung Treng, Prey Veng, Takeo, Kampong Chhnang, Banteay Meanchey, Svay Rieng, Kampong Speu, Kratie, Pursat, Kampot provinces",Riverine flood,Unknown,29,1470000,100,12855241,511.5,70.06666667,3965.6898,summer,monsoon,1
2002-0532-PHL,PHL,Philippines,2002,7,20,22.172,95.434,"San Pablo City area (Laguna district, Region IV-A province), Metropolitan Manila district (NCR province), Bulacan, Pampanga districts (Region III province), Pangasinan district (Region I province), Maguindanao district (ARMM province), Negros Occidental district (Region VI province), Negros Oriental district (Region VII province), Cavite district (Region IV-A province)",Coastal flood,Unknown,18,7000,0,83068889,511.5,70.06666667,41.69744444,summer,monsoon,0
2002-0536-MMR,MMR,Myanmar,2002,8,15,22.172,95.434,"Hlaingbwe, Hpa-an areas (Hpa-an district, Kyain province), Kyondo, Kya-in-Seikkyi areas (Kawkareik district, Kayin province), Kyaikmayaw, Mawlamyine areas (Mawlamyine districts, Min province), Paung area (Thaton district, Mon province), Thongwa area (Yangon(S) district, Yangon province), Singu area (Pyin-Oo-Lwin district, Mandalay province), Myawady district (Kayin province), Myitkyina, Putao districts (Kachin province), Kengtung district (Shan (E) province)",Riverine flood,Unknown,21,50000,0,46232653,511.5,70.06666667,4552.1444,summer,monsoon,0
2002-0539-IND,IND,India,2002,8,20,22.172,95.434,Balaghat district (Madhya Pradesh province),Riverine flood,Unknown,100,3000,0,1097600380,429.8333333,48.33333333,1254.5155,summer,monsoon,0
2002-0543-PAK,PAK,Pakistan,2002,8,22,22.172,95.434,"Mardan, Malakand Protected Area, Swabi, Swat districts (North-West Frontier province)",Riverine flood,Unknown,22,3000,30,163222549,511.5,75.33333333,351.4056296,summer,monsoon,0
2002-0568-IND,IND,India,2002,9,3,22.172,95.434,"Bharuch district (Gujarat province), Jalgaon, Nasik districts (Maharashtra province)",Riverine flood,"Godavari, Panzara, Tapi, Narmada Rivers",22,5000,0,1097600380,429.8333333,48.33333333,1254.5155,autumn,monsoon,0
2002-0576-YEM,YEM,Yemen,2002,8,22,22.172,95.434,"Taizz, Al Hudaydah, Hadramaut provinces",Riverine flood,Unknown,28,0,0,20835086,706.5,89,328.7334667,summer,monsoon,0
2002-0580-VNM,VNM,Viet Nam,2002,9,15,22.172,95.434,"Long An, Dong Thap, An Giang provinces",Riverine flood,Unknown,82,1138200,23900,78772224,511.5,70.06666667,1358.849333,autumn,monsoon,1
2002-0610-VNM,VNM,Viet Nam,2002,9,20,22.172,95.434,"Ha Tinh, Nghe An provinces",Riverine flood,La River,55,291500,58000,78772224,511.5,70.06666667,1358.849333,autumn,monsoon,1
2002-0613-AFG,AFG,Afghanistan,2002,8,28,22.172,95.434,Khost province,Flood (General),Unknown,35,0,0,21378117,526,70.06666667,68.6501,summer,monsoon,0
2002-0614-LAO,LAO,Lao People's Democratic Republic,2002,8,15,22.172,95.434,"Bolikhamxai, Savannakhet, Vientiane, Vientiane capital, Khammouan, Oudomxai, Louangphabang provinces",Riverine flood,Unknown,2,150000,0,5610889,511.5,70.06666667,1192.554816,summer,monsoon,1
2002-0628-PAK,PAK,Pakistan,2002,9,30,22.172,95.434,"Sodi Jey Wali, Khorah Trapri, Ahmadabad villages (Soon Sakesar valley, Khushab district, Punjab province)",Flood (General),Unknown,1,0,0,163222549,511.5,75.33333333,351.4056296,autumn,monsoon,0
2002-0629-THA,THA,Thailand,2002,9,29,22.172,95.434,Kalasin province,Flash flood,Unknown,0,1500,0,64266437,511.5,70.06666667,454.353,autumn,monsoon,0
2002-0641-THA,THA,Thailand,2002,10,15,22.172,95.434,"Tak, Chiang Mai, Chiang Rai, Lamphun, Sukhothai, Phitsanulok, Mae Hong Son, Uttaradit, Phetchabun, Phichit, Nakhon Sawan, Kampaeng Phet, Uthai Thani, Sakon Nakhon, Khon Kaen, Chaiyaphum, Nong Khai, Kalasin, Nakhon Phanom, Nong Bua Lamphu, Roi Et, Si Saket, Ubon Ratchathani provinces",Flash flood,Unknown,154,3289358,35827,64266437,511.5,70.06666667,454.353,autumn,NoMonsoon,1
2002-0650-IND,IND,India,2002,10,10,22.172,95.434,"Kannur, Kasaragod, Kozhikode, Malappuram, Thiruvananthapuram districts (Kerala province)",Riverine flood,Unknown,11,0,0,1097600380,429.8333333,48.33333333,1254.5155,autumn,NoMonsoon,0
2002-0659-CHN,CHN,China,2002,8,11,22.172,95.434,"Yongzhou, Shaoyang, Loudi, Yueyang, Yiyang, Changsha, Xiangtan, Hengyang districts (Hunan Sheng province)",Riverine flood,Unknown,16,5250000,0,1280400000,511.5,70.06666667,2227.122359,summer,monsoon,1
2002-0691-CHN,CHN,China,2002,10,28,22.172,95.434,"Shaoguan Shi area (Shaoguan district, Guangdong Sheng province)",Riverine flood,Unknown,0,50000,0,1280400000,511.5,70.06666667,2227.122359,autumn,NoMonsoon,0
2002-0729-IND,IND,India,2002,10,1,22.172,95.434,"Chennai, Coimbatore, Cuddalore districts (Tamil Nadu province",Flood (General),Unknown,20,200,0,1097600380,429.8333333,48.33333333,1254.5155,autumn,NoMonsoon,0
2002-0732-IDN,IDN,Indonesia,2002,11,19,22.172,95.434,"Aceh Barat, Aceh Barat Daya, Aceh Selatan, Naganraya, Aceh Singkil districts (Nangroe Aceh Darussalam province), Dairi, Nias, Nias Selatan, Tapanuli Tengah districts (Sumatera Utara province)",Riverine flood,Unknown,13,87000,1600,222088495,511.5,70.06666667,48.10376923,autumn,NoMonsoon,0
2002-0788-LKA,LKA,Sri Lanka,2002,12,16,22.172,95.434,"Polonnaruwa, Anuradhapra districts (North Central province), Kilinochchi district (Northern province), Puttalam district (North Western province), Eastern province",Riverine flood,Unknown,2,500000,0,19805752,511.5,70.06666667,119.3917143,winter,NoMonsoon,1
2003-0016-IDN,IDN,Indonesia,2003,1,15,22.172,95.434,"Pandeglang district (Banten province), Polewalimamasa district (Sulawesi Barat province)",Riverine flood,Unknown,3,10000,0,225048008,511.5,70.06666667,48.10376923,winter,NoMonsoon,0
2003-0021-IDN,IDN,Indonesia,2003,1,8,22.172,95.434,"Batulayrar village (Lombok Barat district, Nusatenggara Barat province)",Flood (General),Unknown,0,230,0,225048008,511.5,70.06666667,48.10376923,winter,NoMonsoon,0
2003-0067-IDN,IDN,Indonesia,2003,1,10,22.172,95.434,"Kapai Tabu Karambia, Sinipa Piliang, Sembilan Korong, Aro Empat Korong, Pasar Pandan Air Mati, Kel Koto Panjang villages (Solok district, Sumatera Barat province)",Flood (General),Unknown,10,3700,0,225048008,511.5,70.06666667,48.10376923,winter,NoMonsoon,0
2003-0074-IDN,IDN,Indonesia,2003,1,28,22.172,95.434,Cilacap district (Jawa Tengah province),Flash flood,Unknown,1,15000,0,225048008,511.5,70.06666667,48.10376923,winter,NoMonsoon,0
2003-0096-LBN,LBN,Lebanon,2003,2,15,22.172,95.434,"Baalbek, Hermel, West Bekaa, Zahle districts (Bekaa province), Akkar district (North province)",Riverine flood,Unknown,0,17000,0,4525508,511.5,70.06666667,328.7334667,winter,NoMonsoon,0
2003-0104-AFG,AFG,Afghanistan,2003,1,15,22.172,95.434,"Kandahar, Hilmand, Nimroz, Zabul, Uruzgan, Daykundi provinces",Flash flood,Unknown,10,0,0,22733049,526,70.06666667,68.6501,winter,NoMonsoon,0
2003-0118-IDN,IDN,Indonesia,2003,2,13,22.172,95.434,"Kota Jakarta Barat, Kota Jakarta Selatan districts (Dki Jakarta province), Kota Tangerang district (Banten province)",Riverine flood,Unknown,3,33000,0,225048008,511.5,70.06666667,48.10376923,winter,NoMonsoon,0
2003-0143-AFG,AFG,Afghanistan,2003,3,17,22.172,95.434,"Balkh, Kunduz provinces",Riverine flood,Unknown,11,0,0,22733049,526,70.06666667,68.6501,spring,NoMonsoon,0
2003-0179-AFG,AFG,Afghanistan,2003,4,18,22.172,95.434,"Sokhtray village (Baghran district, Helmand province), Kajaki district (Helmand province)",Flash flood,Sha Gho,30,0,0,22733049,526,70.06666667,68.6501,spring,NoMonsoon,0
2003-0212-AZE,AZE,Azerbaijan,2003,4,16,22.172,95.434,"Siazan district (Guba-Khachmaz province), Ismailli, Gobustan, Shamakhi districts (Daghlig Shirvan province), Neftchala, Salyan, Sabirabad, Imishli, Zardab, Kyurdamir, Ali Bayramli districts (Aran province)",Riverine flood,"Kuras, Arza, Balakancay, Tala, Katex, Kis",0,30000,55000,8234100,511.5,70.06666667,135.943,spring,NoMonsoon,0
2003-0227-CHN,CHN,China,2003,5,15,22.172,95.434,"Linwu Xian area (Chenzhou district, Hunan Sheng province), Meizhou, Heyuan, Shaoguan districts (Guangdong Sheng province), Ji'an, Ganzhou, Fuzhou districts (Jiangxi Sheng province)",Riverine flood,"Xiangjiang, Zhishui, Yangtze, Gan, Minjiang",38,4360000,160000,1288400000,511.5,70.06666667,2227.122359,spring,NoMonsoon,1
2003-0229-LKA,LKA,Sri Lanka,2003,5,17,22.172,95.434,"Ratnapura district (Sabaragamuwa province), Kalutara district (Western province), Nuwara Eliya district (Central province), Southern province",Flash flood,"Milwala, Polwatta Ganga, Kalu Ganga, Bentota Ganga",235,695000,29000,19951521,511.5,70.06666667,119.3917143,spring,NoMonsoon,1
2003-0232-IRN,IRN,Iran (Islamic Republic of),2003,3,26,22.172,95.434,Esfahan province,Riverine flood,Unknown,0,0,838,68769340,650.625,84.25,61.52216667,spring,NoMonsoon,0
2003-0256-AFG,AFG,Afghanistan,2003,5,26,22.172,95.434,"Doshi, Khost Wa Fereng, Nahrin districts (Baghlan province), Khanabad district (Kunduz province), Takhar, Panjsher provinces",Flash flood,Unknown,0,400,0,22733049,526,70.06666667,68.6501,spring,NoMonsoon,0
2003-0273-TJK,TJK,Tajikistan,2003,6,6,22.172,95.434,Sogd province,Riverine flood,Zeravshan,6,975,20000,6658575,511.5,70.06666667,160.48125,summer,monsoon,0
2003-0274-CHN,CHN,China,2003,6,5,22.172,95.434,"Gongliu Xian, Tekesi Xian, Nileke Xian areas (Ili Kazakh district, Xinjiang Uygur Zizhiqu province)",Riverine flood,Ili,28,0,0,1288400000,511.5,70.06666667,2227.122359,summer,monsoon,0
2003-0283-BGD,BGD,Bangladesh,2003,6,11,22.172,95.434,"Maulvibazar, Habiganj, Sylhet districts (Sylhet province), Lalmonirhat, Kurigram, Rangpur, Nilphamari, Gaibandha districts (Rangpur province), Comilla, Feni districts (Chittagong province), Sirajganj, Bogra, Pabna, Rajshahi, Nawabganj districts (Rajshahi province), Jamalpur, Tangail, Manikganj, Munshiganj, Narsingdi, Narayanganj, Kishoreganj, Rajbari, Madaripur, Chandpur, Faridpur, Dhaka districts (Dhaka province)",Riverine flood,Unknown,187,50000,0,140970351,511.5,70.06666667,11968.294,summer,monsoon,0
2003-0283-IND,IND,India,2003,6,11,22.172,95.434,"Assam, Bihar, Tripura, West Bengal provinces",Riverine flood,"Bramaputra, Ganges",142,4550000,0,1116803006,429.8333333,48.33333333,1254.5155,summer,monsoon,1
2003-0289-PHL,PHL,Philippines,2003,5,16,22.172,95.434,Cebu district (Region VII province),Flash flood,Unknown,0,3500,0,84731835,511.5,70.06666667,41.69744444,spring,NoMonsoon,0
2003-0293-TLS,TLS,Timor-Leste,2003,6,16,22.172,95.434,"Covalima, Manufahi, Viqueque, Ainaro, Manatuto, Baucau provinces",Riverine flood,Benanain,3,600,0,916878,511.5,70.06666667,328.7334667,summer,monsoon,0
2003-0301-YEM,YEM,Yemen,2003,6,19,22.172,95.434,"Hajjah, Taizz provinces",Riverine flood,Unknown,15,0,0,21456379,706.5,89,328.7334667,summer,monsoon,0
2003-0302-AFG,AFG,Afghanistan,2003,6,16,22.172,95.434,"Chashma village (Raghestan district, Badakhshan province) Fayzabad city (Fayzabad district, Badakhshan province) Darwaz district (Badakhshan province)",Riverine flood,Unknown,13,100,0,22733049,526,70.06666667,68.6501,summer,monsoon,0
2003-0303-BGD,BGD,Bangladesh,2003,6,19,22.172,95.434,"Khagrachhari, Chittagong, Feni, Cox's Bazar, Lakshmipur, Comilla districts (Chittagong province), Bhola district (Barisal province), Netrakona, Jamalpur districts (Dhaka province), Sylhet province",Flash flood,"Shitalakhya, Balu, Buriganga, Feni",65,500000,0,140970351,511.5,70.06666667,11968.294,summer,monsoon,1
2003-0315-CHN,CHN,China,2003,6,23,22.172,95.434,"Xishui, Dongshang areas (Zunyi district, Guizhou Sheng province), Changsha, Zhuzhou districts (Hunan Sheng province), Nanchang district (Jiangxi Sheng province), Zhejiang Sheng, Jiangsu Sheng, Shaanxi Sheng, Guangxi Zhuangzu Zizhiqu, Gansu Sheng, Sichuan Sheng, Hubei Sheng, Chongqing Shi provinces",Riverine flood,Yangtze,430,150000000,7890000,1288400000,511.5,70.06666667,2227.122359,summer,monsoon,1
2003-0331-CHN,CHN,China,2003,7,1,22.172,95.434,"Funan Xian, Mengcheng Xian, Yingshang Xian areas (Anhui Sheng province), Huoqiu Xian area (Lu'an district, Anhui Sheng province), Wangjiang Xian area (Anqing district, Anhui Sheng province), Xuyi Xian, Huaiyin Shi, Hongze Lake areas (Huai'an district, Jiangsu Sheng province), Xixia Xian area (Nanyang district, Henan Sheng province), Bengbu, Chuzhou districts (Anhui Sheng province), Shandong Sheng province",Riverine flood,Huaihe river,30,0,4830000,1288400000,511.5,70.06666667,2227.122359,summer,monsoon,1
2003-0337-AFG,AFG,Afghanistan,2003,7,12,22.172,95.434,"Ghandak village (Shibar district, Bamyan province)",Flash flood,Unknown,33,0,0,22733049,526,70.06666667,68.6501,summer,monsoon,0
2003-0341-NPL,NPL,Nepal,2003,7,3,22.172,95.434,"Baitadi, Kanchanpur areas (Mahakali district, Far Western province), Bajura, Kailali areas (Seti district, Far Western province), Banke, Jajarkot areas (Bheri district, Mid Western province), Humla area (Karnali district, Mid Western province), Dang, Pyuthan, Rukum areas (Rapti district, Mid Western province), Central, Eastern, Western provinces",Riverine flood,"Andheri, Kang, Bairagi, Triyuga",239,43395,0,25688758,511.5,70.06666667,328.7334667,summer,monsoon,0
2003-0343-JPN,JPN,Japan,2003,7,19,22.172,95.434,"Minamata district (Kumamoto province), Hisikarityoo district (Kagosima province), Kinkaityoo district (Nagasaki province)",Riverine flood,"Minamata, Hogawachikawa",23,800,7000,127718000,511.5,70.06666667,108.9076711,summer,monsoon,0
2003-0351-MNG,MNG,Mongolia,2003,7,21,22.172,95.434,"Bayangol, Chingeltei, Su'xbaatar, Songinoxairxan, Bayanzu'rx districts (Ulaanbaatar province), Bulgan, Teshig, Mogod districts (Bulgan province), Cogt-Ovoo district (O'mnogovi province), Xalx gol district (Dornod province), Orxontuul district (Selenge province), Ceel, Erdene districts (To'v province), Govi-Altai, Bayanxongor provinces",Flash flood,Chalchyn Gol,15,1500,270,2480374,511.5,70.06666667,27.68008333,summer,monsoon,0
2003-0359-PAK,PAK,Pakistan,2003,7,22,22.172,95.434,"Badin, Dadu, Hyderabad, Karachi, Larkana, Nawabshah, Shikarpur, Tharparkar, Thatta districts (Sindh province), Awaran, Bolan, Jaffarabad, Jhal Magsi, Kech, Khuzdar, Lasbela, Nasirabad, Zhob, Ziarat, Sibi districts (Balochistan province), Narowal, Sialkot districts (Punjab province), Buner, Charsadda, Nowshera, Swabi (North-West Frontier province)",Riverine flood,Unknown,230,1265767,0,167110248,511.5,75.33333333,351.4056296,summer,monsoon,1
2003-0387-IND,IND,India,2003,7,15,22.172,95.434,"Khavda, Banni, Natkharana, Lakhpat villages (Kachchh district, Gujarat province)",Riverine flood,Unknown,13,10000,0,1116803006,429.8333333,48.33333333,1254.5155,summer,monsoon,0
2003-0387-PAK,PAK,Pakistan,2003,7,15,22.172,95.434,"Sindh, Balochistan, Punjab provinces",Riverine flood,Unknown,0,0,0,167110248,511.5,75.33333333,351.4056296,summer,monsoon,0
2003-0392-AFG,AFG,Afghanistan,2003,7,29,22.172,95.434,"Ghalghala, Aftasyab villages (Kapisa province), Shahre Belande, Pawat villages (Panjsher province)",Riverine flood,Unknown,24,0,0,22733049,526,70.06666667,68.6501,summer,monsoon,0
2003-0423-SAU,SAU,Saudi Arabia,2003,8,8,22.172,95.434,Jizan province,Riverine flood,Unknown,0,13000,0,18786767,647.125,84.375,328.7334667,summer,monsoon,0
2003-0440-CHN,CHN,China,2003,8,24,22.172,95.434,"Ningshan Xian area (Ankang district, Shaanxi Sheng province), Hua Xian area (Weinan district, Shaanxi Sheng province), Gansu Sheng, Henan Sheng, Hubei Sheng, Shandong Sheng provinces",Riverine flood,Yellow river,123,0,2440000,1288400000,511.5,70.06666667,2227.122359,summer,monsoon,1
2003-0505-VNM,VNM,Viet Nam,2003,10,15,22.172,95.434,"Quang Ngai, Quang Nam, Binh Dinh, Quang Tri, Phu Yen, Thua Thien Hue provinces",Coastal flood,"Kon, Lai Giang and La Tinh",52,216745,32000,79563777,511.5,70.06666667,1358.849333,autumn,NoMonsoon,1
2003-0531-IDN,IDN,Indonesia,2003,11,2,22.172,95.434,"Hahorok area (Langkat district, Sumatera Utara province), Banyumas, Cilacap, Kebumen districts (Jawa Tengah province)",Flash flood,Bohorok,241,1468,0,225048008,511.5,70.06666667,48.10376923,autumn,NoMonsoon,0
2003-0538-SAU,SAU,Saudi Arabia,2003,11,11,22.172,95.434,Makkah province,Riverine flood,Unknown,12,0,0,18786767,647.125,84.375,328.7334667,autumn,NoMonsoon,0
2003-0557-VNM,VNM,Viet Nam,2003,11,11,22.172,95.434,"Ninh Thuan, Binh Dinh, Phu Yen, Khanh Hoa, Quang Nam, Dak Lak provinces",Riverine flood,"Phan Rang river, Kon river",61,185135,35000,79563777,511.5,70.06666667,1358.849333,autumn,NoMonsoon,1
2003-0561-THA,THA,Thailand,2003,10,15,22.172,95.434,"Phetchaburi, Ratchaburi, Kanchanaburi, Prachuap Khilikhan provinces",Riverine flood,Unknown,3,3000,25000,64868166,511.5,70.06666667,454.353,autumn,NoMonsoon,0
2003-0593-IDN,IDN,Indonesia,2003,11,30,22.172,95.434,"Muarojambi, Kota Jambi, Tanjungjabung Timur, Batanghari districts (Jambi province), Indragiri Hulu, Pelalawan districts (Riau province)",Riverine flood,"Bathangari, Kampar, Indragiri",8,25000,0,225048008,511.5,70.06666667,48.10376923,autumn,NoMonsoon,0
2003-0604-MYS,MYS,Malaysia,2003,11,29,22.172,95.434,"Kuala Terengganu, Kemaman, Marang, Dungun districts (Terengganu province), Kota Bharu district (Kelantan province), Kuantan district (Pahang province)",Flash flood,Unknown,5,3000,0,24679602,511.5,70.06666667,206.0363415,autumn,NoMonsoon,0
2003-0617-THA,THA,Thailand,2003,12,11,22.172,95.434,"Nakhon Si Thammarat, Songkhla, Surat Thani, Yala provinces",Flash flood,Unknown,6,104700,1400,64868166,511.5,70.06666667,454.353,winter,NoMonsoon,1
2003-0647-TLS,TLS,Timor-Leste,2003,12,15,22.172,95.434,"Maliana, Cailaco districts (Bobonaro province), Hatu-Udo, Ainaro districts (Ainaro province)",Flood (General),Unknown,0,450,0,916878,511.5,70.06666667,328.7334667,winter,NoMonsoon,0
2003-0655-MYS,MYS,Malaysia,2003,12,17,22.172,95.434,"Kampung Pengkalan, Buang Sayang, Muhibbah Hujung, Muhibbah Baru, Sinar Baru, Lokan, Sri Tanjung areas (Kinabatangan district, Sabah province), Beluran area (Labuk & Sugut district, Sabah province), Kota Marud district (Sabah province)",Riverine flood,Sungai Kinabatangan,0,2000,0,24679602,511.5,70.06666667,206.0363415,winter,NoMonsoon,0
2003-0672-VNM,VNM,Viet Nam,2003,9,10,22.172,95.434,"Nghe An, Thai Binh, Nam Dinh, Lao Cai, Ha Tinh provinces",Riverine flood,"Song Con, Thai Binh",15,1000,38000,79563777,511.5,70.06666667,1358.849333,autumn,monsoon,0
2003-0681-PAK,PAK,Pakistan,2003,9,5,22.172,95.434,"Warri, Barkand, Gandi Gari villages (Upper Dir district, North-West Frontier province)",Flash flood,Unknown,36,0,0,167110248,511.5,75.33333333,351.4056296,autumn,monsoon,0
2003-0683-IND,IND,India,2003,8,27,22.172,95.434,"Cuttack, Jagatsinghpur, Kendrapara, Jajpur, Puri, Bolangir, Sonepur, Kalahandi, Rayagada, Gajapati, Baragarh, Koraput, Nayagarh, Ganjam, Angul districts (Orissa province)",Riverine flood,"Mahanadi and tributaries, Naraj river delta",67,3000000,169000,1116803006,429.8333333,48.33333333,1254.5155,summer,monsoon,1
2003-0719-IND,IND,India,2003,7,16,22.172,95.434,Kullu district (Himachal Pradesh province),Flash flood,Parvati,150,0,0,1116803006,429.8333333,48.33333333,1254.5155,summer,monsoon,0
2003-0720-IND,IND,India,2003,8,7,22.172,95.434,"Solang village (Kullu district, Himachal Pradesh)",Flash flood,Unknown,43,0,0,1116803006,429.8333333,48.33333333,1254.5155,summer,monsoon,0
2003-0724-CHN,CHN,China,2003,9,20,22.172,95.434,"Songkouzhen, Changpingling towns (Fuzhou district, Fujian Sheng province)",Riverine flood,Unknown,13,8000,9640,1288400000,511.5,70.06666667,2227.122359,autumn,monsoon,0
2003-0774-MYS,MYS,Malaysia,2003,10,3,22.172,95.434,"Kedah, Pahang, Perak provinces",Riverine flood,"Ketil, Selama, Muda, Lembu, Baling, Bongkok, Teroi Bukit, Sedim, Kepala Batas, Taman Aman, Pantai Johor, Pinang, Muda, Kulim, Bayu, Kerian",3,13800,0,24679602,511.5,70.06666667,206.0363415,autumn,NoMonsoon,0
2003-0774-THA,THA,Thailand,2003,10,3,22.172,95.434,"Phuket, Phangnga, Satun, Trang provinces",Riverine flood,Unknown,0,0,0,64868166,511.5,70.06666667,454.353,autumn,NoMonsoon,0
2003-0775-IND,IND,India,2003,9,10,22.172,95.434,Uttar Pradesh province,Riverine flood,Unknown,37,0,0,1116803006,429.8333333,48.33333333,1254.5155,autumn,monsoon,0
2003-0776-IDN,IDN,Indonesia,2003,12,10,22.172,95.434,"Batanghari, Kota Jambi, Muarojambi, Sarolangun districts (Jambi province), Majene district (Sulawesi Barat province), Kota Manado district (Sulawesi Utara province), Indragiri Hulu district (Riau province), Musibanyuasin (Sumatera Selatan province)",Riverine flood,"Batanghari, Tondano",148,350000,0,225048008,511.5,70.06666667,48.10376923,winter,NoMonsoon,1
2003-0778-AFG,AFG,Afghanistan,2003,7,9,22.172,95.434,"Paktya, Paktika, Khost provinces",Riverine flood,Unknown,15,0,0,22733049,526,70.06666667,68.6501,summer,monsoon,0
2004-0022-AFG,AFG,Afghanistan,2004,1,15,22.172,95.434,"Guzara, Injil districts (Hirat province)",Riverine flood,Koul,0,2500,0,23560654,526,70.06666667,68.6501,winter,NoMonsoon,0
2004-0028-PHL,PHL,Philippines,2004,1,23,22.172,95.434,La Union district (Region I province),Riverine flood,Unknown,27,194,0,86394504,511.5,70.06666667,41.69744444,winter,NoMonsoon,0
2004-0050-MYS,MYS,Malaysia,2004,1,24,22.172,95.434,"Kuching, Bau, Mukah, Sibu, Samarahan districts (Sarawak province), Johor Baru, Pontian, Kota Tinggi districts (Johor province)",Riverine flood,"Sungai Sarawak, Sungai Rajang",3,6900,0,25256772,511.5,70.06666667,206.0363415,winter,NoMonsoon,0
2004-0087-PHL,PHL,Philippines,2004,2,11,22.172,95.434,"Davao del Norte, Compostela, Davao Oriental districts (Region XI province), Agusan del Sur, Agusan del Norte, Surigao Del Sur districts (Region XIII province), Misamis Oriental district (Region X province)",Riverine flood,Agusan,7,20000,0,86394504,511.5,70.06666667,41.69744444,winter,NoMonsoon,0
2004-0098-IDN,IDN,Indonesia,2004,2,18,22.172,95.434,Dki Jakarta province,Riverine flood,Ciliwung,5,13000,60000,227926649,511.5,70.06666667,48.10376923,winter,NoMonsoon,0
2004-0102-ARM,ARM,Armenia,2004,3,5,22.172,95.434,"Aragatsotn, Ararat, Gergharkunik, Armavir, Tavush provinces",Riverine flood,Hrazdan,1,0,0,3164900,511.5,70.06666667,6.4545,spring,NoMonsoon,0
2004-0102-GEO,GEO,Georgia,2004,3,5,22.172,95.434,"Aspindza district (Samtskhe-Javakheti province), Mesti district (Samergelo and Zemo (upper) Svaneti province)",Riverine flood,Unknown,0,0,0,3927340,861,110.6666667,97.98825,spring,NoMonsoon,0
2004-0102-TUR,TUR,Türkiye,2004,3,5,22.172,95.434,"Ilica, Cat districts (Erzurum province), Silifke, Merkez district (Icel province), Ardahan, Kars, Mus, Agri, Konya, Batman, Bitlis provinces",Riverine flood,"Goksu, Pular, Carsamba, Cokelez, Forkun, Kura",15,0,0,68592617,713.75,103.25,118.8255714,spring,NoMonsoon,0
2004-0119-MYS,MYS,Malaysia,2004,3,8,22.172,95.434,Johor province,Riverine flood,Unknown,0,9138,0,25256772,511.5,70.06666667,206.0363415,spring,NoMonsoon,0
2004-0178-IND,IND,India,2004,4,10,22.172,95.434,"Leimapokpam, Thiyam, Lourembam, Nambol Laitonjam villages (Bishnupur district, Manipur province), Na-Orem, Pukhrambam, Sanjenbam villages (West Imphal district, Manipur province), Oinam, Khangabok villages (Thoubal district, Manipur province)",Riverine flood,Unknown,0,0,0,1135991513,429.8333333,48.33333333,1254.5155,spring,NoMonsoon,0
2004-0180-SAU,SAU,Saudi Arabia,2004,4,14,22.172,95.434,Jizan province,Riverine flood,Unknown,5,400,0,19669480,647.125,84.375,328.7334667,spring,NoMonsoon,0
2004-0247-CHN,CHN,China,2004,5,27,22.172,95.434,Enshi Tujia and Miao (Hubei Sheng province),Flash flood,Dalongtan Reservoir on Qingjiang River,18,0,0,1296075000,511.5,70.06666667,2227.122359,spring,NoMonsoon,0
2004-0284-CHN,CHN,China,2004,6,20,22.172,95.434,"Huaihua, Yiyang, Xiangxi Tujia and Miao, Changsha , Loudi, Hengyang , Yueyang areas (Hunan Sheng province)",Riverine flood,Unknown,47,168000,361000,1296075000,511.5,70.06666667,2227.122359,summer,monsoon,1
2004-0287-CHN,CHN,China,2004,6,14,22.172,95.434,"Shuicheng Xian area (Liupanshui district, Guizhou Sheng province) Fenggang Xian area (Zunyi district, Guizhou Sheng province)",Riverine flood,Unknown,5,90000,0,1296075000,511.5,70.06666667,2227.122359,summer,monsoon,0
2004-0298-BGD,BGD,Bangladesh,2004,6,20,22.172,95.434,"Brahamanbaria, Comilla, Chandpur districts (Chittagong province), Kurigram, Rangpur, Gaibandha districts (Rangpur province), Bogra, Naogaon, Pabna, Serajganj districts (Rajshahi province), Sylhet, Dhaka provinces",Riverine flood,"Meghna, Ganges-Padma, Brahmaputra-Jamuna basins",730,36000000,2200000,142902856,511.5,70.06666667,11968.294,summer,monsoon,1
2004-0298-BTN,BTN,Bhutan,2004,7,5,22.172,95.434,"Lungtenzampa area (Chang district, Thimphu province), Lhuentse, Monggar, Pemagatshel, Samdrupjongkhar, Trashigang, Trashiyangste provinces",Riverine flood,Unknown,0,0,0,650544,511.5,70.06666667,328.7334667,summer,monsoon,0
2004-0298-IND,IND,India,2004,6,20,22.172,95.434,"Darbhanga, Madhubani, Sitamarhi, Banka, Bhagalpur, Muzaffarpur, Sheohar districts (Bihar province), West Tripura, South Tripura districts (Tripura province), Kamrup, Nalbari, Darrang, Sonitpur, Dhemaji, Lakhimpur districts (Assam province), Gujarat, Jammu and Kashmir provinces",Riverine flood,"Chanan, Gerua, Cheer, Kiul, Bagmati, Lakhandai, Sakri, Bhutahi Balan, Kosi, Gandak, Burhi, Brahmaputra, Howrah, Khowai",900,33000000,2500000,1135991513,429.8333333,48.33333333,1254.5155,summer,monsoon,1
2004-0298-NPL,NPL,Nepal,2004,7,5,22.172,95.434,"Morang, Sunsari areas (Koshi district, Eastern province), Jhapa area (Mechi district, Eastern province), Okhaldhunga, Saptari, Siraha, Udayapur areas (Sagarmatha district, Eastern province), Pyuthan, Dang areas (Rapti district, Mid Western province), Janakpur, Narayani districts (Central province)",Riverine flood,"Bagmati, Lal Bakaiy, Jhanjh, Tawa, Rapti, Samari, Koshi",185,800000,0,26016656,511.5,70.06666667,328.7334667,summer,monsoon,1
2004-0298-PAK,PAK,Pakistan,2004,7,14,22.172,95.434,"Jammu and Kashmir, Punjab provinces",Riverine flood,Unknown,5,0,0,171286000,511.5,75.33333333,351.4056296,summer,monsoon,0
2004-0299-CHN,CHN,China,2004,6,22,22.172,95.434,Guizhou Sheng province,Riverine flood,Yin Jiang river,0,556000,0,1296075000,511.5,70.06666667,2227.122359,summer,monsoon,1
2004-0303-CHN,CHN,China,2004,6,5,22.172,95.434,"Luodian, Guiding areas (Qiannan Buyei and Miao district, Guizhou Sheng province), Qiandongnan Miao and Dong district (Guizhou Sheng province)",Flash flood,Unknown,3,740,0,1296075000,511.5,70.06666667,2227.122359,summer,monsoon,0
2004-0306-CHN,CHN,China,2004,6,28,22.172,95.434,"Yibin Shi, Xingwen Xian areas (Yibin district, Sichuan Sheng province), Shandong Sheng, Guangxi Zhuangzu Zizhiqu provinces",Riverine flood,Unknown,15,0,0,1296075000,511.5,70.06666667,2227.122359,summer,monsoon,0
2004-0311-PHL,PHL,Philippines,2004,6,28,22.172,95.434,"Libungan, Alamada, Pigcawayan areas (North Cotabato district, Region XII province)",Flash flood,Libungan,15,0,0,86394504,511.5,70.06666667,41.69744444,summer,monsoon,0
2004-0321-IND,IND,India,2004,6,9,22.172,95.434,"Wayanad, Kozhikode, Kannur, Kasaragod districts (Kerala province)",Riverine flood,Unknown,45,1000,0,1135991513,429.8333333,48.33333333,1254.5155,summer,monsoon,0
2004-0325-CHN,CHN,China,2004,5,13,22.172,95.434,Jiangxi Sheng province,Riverine flood,Le'an,7,0,53500,1296075000,511.5,70.06666667,2227.122359,spring,NoMonsoon,0
2004-0328-VNM,VNM,Viet Nam,2004,4,16,22.172,95.434,"Mai Son, Bac Yen, Song Ma districts (Son La province)",Riverine flood,Unknown,9,5000,0,80338971,511.5,70.06666667,1358.849333,spring,NoMonsoon,0
2004-0339-JPN,JPN,Japan,2004,7,12,22.172,95.434,"Niigata, Hukusima provinces",Flash flood,Unknown,21,20000,1950000,127761000,511.5,70.06666667,108.9076711,summer,monsoon,1
2004-0342-TJK,TJK,Tajikistan,2004,7,13,22.172,95.434,Varzob district (Tadzhikistan Territories province),Riverine flood,Varzob,0,400000,12000,6790547,511.5,70.06666667,160.48125,summer,monsoon,1
2004-0349-AFG,AFG,Afghanistan,2004,7,13,22.172,95.434,"Shuhada, Jorm districts (Badakhshan province) , Ruy-e-Duab district (Samangan province), Khamard district (Bamyan province), Baghlan province",Riverine flood,Unknown,16,300,0,23560654,526,70.06666667,68.6501,summer,monsoon,0
2004-0354-VNM,VNM,Viet Nam,2004,7,18,22.172,95.434,"Du Tien, Du Gia villages (Yen Minh district, Ha Giang province), Bao Lam district (Cao Bang province)",Flash flood,"Hong, Luc Nam, Thuong and Thai Binh rivers and tributaries, Red River Delta",53,0,8000,80338971,511.5,70.06666667,1358.849333,summer,monsoon,0
2004-0372-CHN,CHN,China,2004,7,15,22.172,95.434,"Lushui Xian area (Nujiang Lisu district, Yunnan Sheng province), Tengchong Xian, Changning Xian and Longling Xian areas (Baoshan district, Yunnan Sheng province), Yingjiang Xian area (Dehong Dai and Jingpo district, Yunnan Sheng province), Heze, Jining, Tai'an, Linyi districts (Shandong Sheng province), Luohe, Nanyang, Pingdingshan, Sanmenxia, Xinxiang, Xuchang, Zhoukou districts (Henan Sheng province), Huaihua, Xiangxi Tujia and Miao, Zhangjiajie, Changde, Yiyang, Yueyang, Loudi, Shaoyang districts (Hunan Sheng province), Hubei Sheng, Guangxi Zhuangzu Zizhiqu, Chongqing Shi provinces",Riverine flood,Unknown,133,33648000,1100000,1296075000,511.5,70.06666667,2227.122359,summer,monsoon,1
2004-0381-KOR,KOR,Republic of Korea,2004,8,15,22.172,95.434,"Chungchongbuk-do, Chungchongnam-do, Seoul, Kyonggi-do, Chollanam-do provinces",Riverine flood,Unknown,10,1501,5548,48082519,511.5,70.06666667,213.3785,summer,monsoon,0
2004-0381-PRK,PRK,Democratic People's Republic of Korea,2004,7,24,22.172,95.434,"P'yongan-bukto, P'yongan-namdo, Chagang-do, Hwanghae-bukto, Hwanghae-namdo, Kangwon-do, Yanggang-do provinces",Riverine flood,Unknown,24,0,20000,24254943,511.5,70.06666667,72.38114286,summer,monsoon,0
2004-0401-GEO,GEO,Georgia,2004,7,15,22.172,95.434,Mestia (Samergelo and Zemo (upper) Svaneti province),Riverine flood,Unknown,1,0,2156,3927340,861,110.6666667,97.98825,summer,monsoon,0
2004-0424-TUR,TUR,Türkiye,2004,8,16,22.172,95.434,"Zonguldak city (Merkez district, Zonguldak province), Kagithane, Esenler districts (Istanbul province)",Flash flood,Nakdong and Hyeongsan rivers,2,100,0,68592617,713.75,103.25,118.8255714,summer,monsoon,0
2004-0441-THA,THA,Thailand,2004,8,6,22.172,95.434,"Na Di, Prachantakham districts (Phachinburi province), Kap Choeng, Prasat, Chom Phra, Tha Tum, Muang Surin districts (Surin province), Satuk district (Buriram province), Muang Ubon Ratchathani district (Ubon Ratchathani province), Phaya Mengrai, Wiang Chai districts (Chiang Rai province), Rasi Salai district (Si Saket province), Yasothon, Roi Et, Nakhon Nayok, Kalasin provinces",Riverine flood,"Chao Phya, Chi, Mool, Noi, Nakhon Nayok, Mun",9,500000,0,65452047,511.5,70.06666667,454.353,summer,monsoon,1
2004-0457-CHN,CHN,China,2004,9,2,22.172,95.434,"Nanchong, Bazhong, Dazhou, Mianyang, Guang'an, Guangyuan, Ya'an, Liangshan Yi districts (Sichuan Sheng province), Chongqing Shi province",Riverine flood,"Zhou, Upper Yangtze",222,8240000,471000,1296075000,511.5,70.06666667,2227.122359,autumn,monsoon,1
2004-0470-BGD,BGD,Bangladesh,2004,9,11,22.172,95.434,"Debidwar, Burichang, Cahndina, Chauddagram, Muradnagar areas (Comilla district, Chittagong province)",Riverine flood,"Gumti, Kakri",20,600000,0,142902856,511.5,70.06666667,11968.294,autumn,monsoon,1
2004-0489-IND,IND,India,2004,9,20,22.172,95.434,"Uttar Pradesh, Himachal Pradesh provinces",Flash flood,Unknown,33,0,0,1135991513,429.8333333,48.33333333,1254.5155,autumn,monsoon,0
2004-0500-KOR,KOR,Republic of Korea,2004,9,11,22.172,95.434,Cheju-do province,Riverine flood,Unknown,0,3190,1047,48082519,511.5,70.06666667,213.3785,autumn,monsoon,0
2004-0500-PRK,PRK,Democratic People's Republic of Korea,2004,9,11,22.172,95.434,"Hwanghae-namdo, Hwanghae-bukto, P'yongan-namdo provinces",Riverine flood,Unknown,0,450,0,24254943,511.5,70.06666667,72.38114286,autumn,monsoon,0
2004-0501-THA,THA,Thailand,2004,9,15,22.172,95.434,"Chiang Rai, Chiang Mai, Ubon Ratchathani provinces",Flash flood,Unknown,2,2000,0,65452047,511.5,70.06666667,454.353,autumn,monsoon,0
2004-0509-BGD,BGD,Bangladesh,2004,10,7,22.172,95.434,"Dhaka, Faridpur, Gopalganj districts (Dhaka province), Lakshmipur district (Chittagong province), Bogra, Rajshahi, Naogaon, Joypurhat, Sirajganj districts (Rajshahi province), Gaibandha, Kurigram districts (Rangpur province)",Flash flood,"Atrai, Chhoto Jamuna, Surma",11,271500,0,142902856,511.5,70.06666667,11968.294,autumn,NoMonsoon,1
2004-0509-IND,IND,India,2004,10,7,22.172,95.434,"Goalpara district (Assam province), Meghalaya, Arunachal Pradesh, West Bengal provinces",Flash flood,"Krishnai, Rongjuli and Dudhnoi, Hugli",160,0,0,1135991513,429.8333333,48.33333333,1254.5155,autumn,NoMonsoon,0
2004-0563-JPN,JPN,Japan,2004,11,11,22.172,95.434,Sizuoka province,Riverine flood,Unknown,1,2290,0,127761000,511.5,70.06666667,108.9076711,autumn,NoMonsoon,0
2004-0626-IRN,IRN,Iran (Islamic Republic of),2004,12,9,22.172,95.434,"Kalameh village (Dashtestan district, Bushehr province), Assalouyeh city (Kangan district, Bushehr province), Sarbaz city (Iranshahr district, Sistan-o baluchestan province), Tangestan district (Bushehr province), Bandar-e abbas district (Hormozgan province), Sirjan district (Kerman province)",Flash flood,"Sarbaz, Kahir",34,0,0,70256316,650.625,84.25,61.52216667,winter,NoMonsoon,0
2004-0635-MYS,MYS,Malaysia,2004,12,10,22.172,95.434,"Bera area (Temerluh district, Pahang province), Kuantan, Pekan districts (Pahang province), Kota Bharu, Gua Musang, Kuala Krai, Tanah Merah, Pasir Mas, Machang, Tumpat districts (Kelantan province), Dungun, Kemaman, Hulu Terengganu, Besut, Setiu districts (Terengganu province),",Riverine flood,"Kelantan, Lebir, Golok, Semerak, Tambatan Diraja, Dungun, Galas, Temala",13,0,10000,25256772,511.5,70.06666667,206.0363415,winter,NoMonsoon,0
2004-0635-THA,THA,Thailand,2004,12,10,22.172,95.434,"Su Kirin district (Narathiwat province), Muang Nakhon Si Thammarat, Hua Sai, Pak Phanang, Ron Phibun districts (Nakhon Si Thammarat province), Muang Phatthalung, Kong Ra districts (Phatthalung province), Than To district (Yala province)",Riverine flood,Sungai Kolok and Saiburi rivers,2,5000,175000,65452047,511.5,70.06666667,454.353,winter,NoMonsoon,0
2004-0652-LKA,LKA,Sri Lanka,2004,12,11,22.172,95.434,"Kilinochchi, Jaffna, Vavuniya, Mullattivu districts (North province), Matara district (Southern province), North Central, Eastern provinces",Riverine flood,Mahaweli,6,200000,0,20087605,511.5,70.06666667,119.3917143,winter,NoMonsoon,1
2004-0734-IND,IND,India,2004,8,1,22.172,95.434,"Uttarakhand, Gujarat, Maharashtra, Punjab, Haryana, Rajasthan provinces",Riverine flood,"Narmada, Mahi, Kailash, Bayal, Punjab, Ghaggar River",210,100000,276000,1135991513,429.8333333,48.33333333,1254.5155,summer,monsoon,0
2004-0734-PAK,PAK,Pakistan,2004,8,1,22.172,95.434,"Pasrur Tehsil area (Sialkot district, Punjab province)",Riverine flood,Indus tributaries,0,0,0,171286000,511.5,75.33333333,351.4056296,summer,monsoon,0
2004-0735-KHM,KHM,Cambodia,2004,8,24,22.172,95.434,"Kampong Cham, Kampong Chhnang, Kampong Speu, Kampong Thom, Kampot, Kandal, Kratie, Phnom Penh, Preah Vihear, Prey Veng, Stung Treng, Takeo provinces",Riverine flood,Unknown,0,0,0,13244731,511.5,70.06666667,3965.6898,summer,monsoon,0
2004-0735-VNM,VNM,Viet Nam,2004,8,24,22.172,95.434,"An Giang, Vinh Long, Dong Thap, Long An, Can Tho city, Kien Giang provinces",Riverine flood,"Mekong (Cuu Long), Tien River",34,30000,0,80338971,511.5,70.06666667,1358.849333,summer,monsoon,0
2005-0028-SAU,SAU,Saudi Arabia,2005,1,22,22.172,95.434,Madinah province,Flash flood,Unknown,29,50,0,20559890,647.125,84.375,328.7334667,winter,NoMonsoon,0
2005-0079-PAK,PAK,Pakistan,2005,2,9,22.172,95.434,"Awaran, Gwadar, Jaffarabad, Jahl Magsi, Kech, Killa Abdullah, Lasbela, Nasirabad, Pishin, Quetta districts (Balochistan province), Abbottabad, Batagram, Kohistan, Lower Dir, Upper Dir, Malakand, Mansehra, Mardan, Shangla, Swat, Chitral districts (North-West Frontier province), Muzaffarabad, Bagh, Astore districts (Jammu and Kashmir province)",Riverine flood,"Dasht, Hingol, Nehang",520,7000000,30000,175453212,511.5,75.33333333,351.4056296,winter,NoMonsoon,1
2005-0101-AFG,AFG,Afghanistan,2005,3,5,22.172,95.434,"Nimroz, Uruzgan, Farah, Ghor provinces",Riverine flood,"Sistan Wetlands, Helmand rivers and tributaries",3,0,0,24404567,526,70.06666667,68.6501,spring,NoMonsoon,0
2005-0113-IRN,IRN,Iran (Islamic Republic of),2005,3,11,22.172,95.434,Lorestan province,Riverine flood,Unknown,3,3000,0,71828455,650.625,84.25,61.52216667,spring,NoMonsoon,0
2005-0116-KAZ,KAZ,Kazakhstan,2005,2,24,22.172,95.434,Kyzylordinskaya province,Flash flood,Syr Darya,0,25000,7662,15968117,547,68,62.81446154,winter,NoMonsoon,0
2005-0116-UZB,UZB,Uzbekistan,2005,2,24,22.172,95.434,"Boymurod area (Kanimekh District district, Navoiy province), Qoshquduq area (Nurata District district, Navoiy province)",Flash flood,Unknown,0,1500,0,26356975,511.5,70.06666667,170.2173333,winter,NoMonsoon,0
2005-0169-AFG,AFG,Afghanistan,2005,3,5,22.172,95.434,"Farah city (Farah district, Farah province), Chakhansur, Charburjak districts (Nimroz province), Dehrawud, Tirinkot, Khasuruzgan, Chora districts (Uruzgan province), Chaghcharan, Taywarah, Charsadra, Shahrak districts (Ghor province), Adraskan, Pashtunzarghun, Farsi districts (Hirat province), Faryab, Paktya, Khost and Paktika provinces",Riverine flood,"Sistan Wetlands, Helmand river and tributaries",200,11000,0,24404567,526,70.06666667,68.6501,spring,NoMonsoon,0
2005-0170-PAK,PAK,Pakistan,2005,3,2,22.172,95.434,"Gwadar, Killa Abdullah, Kech districts (Balochistan province)",Riverine flood,Unknown,15,5000,0,175453212,511.5,75.33333333,351.4056296,spring,NoMonsoon,0
2005-0192-PAK,PAK,Pakistan,2005,3,20,22.172,95.434,"Kohlu, Sibi, Nasirabad districts (Balochistan province)",Flash flood,Unknown,20,0,0,175453212,511.5,75.33333333,351.4056296,spring,NoMonsoon,0
2005-0222-YEM,YEM,Yemen,2005,4,25,22.172,95.434,"Sana'a, Al Hudaydah provinces",Riverine flood,Unknown,10,215,0,22790085,706.5,89,328.7334667,spring,NoMonsoon,0
2005-0223-IDN,IDN,Indonesia,2005,4,26,22.172,95.434,"Jongar, Lawe Mengkudu, Lawe Penanggalan, Jambur Lak Lak, Badar villages (Aceh Tenggara district, Nangroe Aceh Darussalam province)",Flash flood,Lawe Alas river,47,750,0,230871650,511.5,70.06666667,48.10376923,spring,NoMonsoon,0
2005-0225-GEO,GEO,Georgia,2005,4,23,22.172,95.434,"Lentekhi district (Racha-Lechkhumi and Kvemo (lower) Svaneti province), Khoni, Tskaltubo districts (Imereti province)",Riverine flood,"Rioni, Krikhula, Lekhumi rivers",0,2500,0,3902469,861,110.6666667,97.98825,spring,NoMonsoon,0
2005-0228-SAU,SAU,Saudi Arabia,2005,4,28,22.172,95.434,"Asir, Makkah provinces",Flash flood,Unknown,34,0,0,20559890,647.125,84.375,328.7334667,spring,NoMonsoon,0
2005-0261-BGD,BGD,Bangladesh,2005,5,25,22.172,95.434,"Maulvibazar, Habiganj districts (Sylhet province)",Flash flood,"Kushiara, Manu, Dholai and the Khowai",13,50000,0,144715786,511.5,70.06666667,11968.294,spring,NoMonsoon,0
2005-0281-AFG,AFG,Afghanistan,2005,5,4,22.172,95.434,"Purchaman district (Farah province), Barakhana, Karistan, Jarmatu villages (Chaghcharan district, Ghor province), Taywarah, Tolak, Shahrak districts (Ghor province), Wardak, Logar, Kapisa provinces",Riverine flood,Amu Darya,20,500,0,24404567,526,70.06666667,68.6501,spring,NoMonsoon,0
2005-0284-PHL,PHL,Philippines,2005,5,12,22.172,95.434,"Cotabato City, Dinaig, Kabuntalen, Parang, Sultan Kudarat areas (Shariff Kabunsuan district, ARMM province)",Flood (General),"Simuay river, Cotabato river basin",1,100,0,88015962,511.5,70.06666667,41.69744444,spring,NoMonsoon,0
2005-0304-TJK,TJK,Tajikistan,2005,6,8,22.172,95.434,"Shing, Dahani Ob, Bodgoh, Vagashton, Gijdavra, Panjrood villages (Penjikenskiy district, Sogd province)",Riverine flood,Unknown,8,2877,0,6924720,511.5,70.06666667,160.48125,summer,monsoon,0
2005-0307-CHN,CHN,China,2005,6,10,22.172,95.434,"Shalanzhen villages (Ning'an Shi area, Mudanjiang district, Heilongjiang Sheng province)",Flash flood,Unknown,117,400,45000,1303720000,511.5,70.06666667,2227.122359,summer,monsoon,0
2005-0314-IND,IND,India,2005,5,27,22.172,95.434,Mokokchung district (Nagaland province),Riverine flood,Unknown,14,0,0,1154676322,429.8333333,48.33333333,1254.5155,spring,NoMonsoon,0
2005-0315-VNM,VNM,Viet Nam,2005,5,26,22.172,95.434,Vinh Thuan district (Kien Giang province),Riverine flood,Unknown,0,385,0,81088313,511.5,70.06666667,1358.849333,spring,NoMonsoon,0
2005-0322-AFG,AFG,Afghanistan,2005,6,16,22.172,95.434,"Badakhstan, Takhar, Samangan, Sar-e-Pul, Faryab, Nangarhar, Jawzjan, Kapisa, Kunar, Bamyan, Kunduz, Balkh provinces",Riverine flood,Unknown,48,0,0,24404567,526,70.06666667,68.6501,summer,monsoon,0
2005-0334-CHN,CHN,China,2005,6,28,22.172,95.434,"Dazhou, Bazhong, Guang'an, Nanchong, Yibin, Luzhou, Garze Tibetan (Sichuan Sheng province)",Riverine flood,Unknown,58,11230000,607000,1303720000,511.5,70.06666667,2227.122359,summer,monsoon,1
2005-0335-IND,IND,India,2005,6,28,22.172,95.434,"Surat, Valsad, Navsari, Bharuch, Vadodara, Surendranagar, The Dangs, Ahmedabad, Anand, Kheda, Amreli, Bhavnagar, Junagadh, Rajkot, Narmada, Jamnagar, Gandhinagar, Sabarkantha districts (Gujarat province)",Riverine flood,"Vishwamitry, Purnea, Auranga, Wanki, Ambika, Kaveri, Kharera",239,405000,2300000,1154676322,429.8333333,48.33333333,1254.5155,summer,monsoon,1
2005-0340-TUR,TUR,Türkiye,2005,7,4,22.172,95.434,"Kartal, Maltepe, Pendik districts (Istanbul province), Bolu, Sakarya provinces",Flood (General),Unknown,0,3000,0,69329557,713.75,103.25,118.8255714,summer,monsoon,0
2005-0344-CHN,CHN,China,2005,6,19,22.172,95.434,"Shaoping village (Chongzuo district, Guangxi Zhuangzu Zizhiqu province), Teng, Wuzhou, Changzhou, Wanxiu areas (Wuzhou district, Guangxi Zhuangzu Zizhiqu province), Yongfu, Yangshuo, Pingle areas (Guilin district, Guangxi Zhuangzu Zizhiqu province), Xincheng Xian, Xiangzhou Xian areas (Laibin district, Guangxi Zhuangzu Zizhiqu province), Weining Yi-Hui-Miao Zizhixi area (Bijie district, Guizhou Sheng province), Wuchuan Gelao-Miao Zizhixia area (Zunyi district, Guizhou Sheng province), Songtao Miao Zizhixian area (Tongren district, Guizhou Sheng province), Liuzhou, Hechi, Hezhou districts (Guangxi Zhuangzu Zizhiqu province), Heyuan, Shaoguan, Huizhou, Zhaoqing, Foshan districts (Guangdong Sheng province), Zheijiang Sheng, Fujian Sheng, Jiangxi Sheng, Hunan Sheng provinces",Riverine flood,Unknown,235,16700000,2160000,1303720000,511.5,70.06666667,2227.122359,summer,monsoon,1
2005-0354-IND,IND,India,2005,7,9,22.172,95.434,"Digras, Nandgavan villages (Yavatmal district, Maharashtra province)",Riverine flood,Unknown,25,0,0,1154676322,429.8333333,48.33333333,1254.5155,summer,monsoon,0
2005-0359-KGZ,KGZ,Kyrgyzstan,2005,6,10,22.172,95.434,"Nookat, Ozgon, Kara-Suu, Kara-Kulja, Alay districts (Osh province), Suzak, Bazar-Korgon districts (Jalal-Abad province), Batken province",Riverine flood,Unknown,3,0,2660,5162640,511.5,70.06666667,70.61607143,summer,monsoon,0
2005-0360-AFG,AFG,Afghanistan,2005,6,21,22.172,95.434,"Daronta village (Jalalabad district, Nangarhar province), Lalpur, Muhmand Dara, Behsud, Kama, Goshta (Nangarhar province), Laghman and Takhar provinces",Riverine flood,"Khatayan, Alingar",0,0,0,24404567,526,70.06666667,68.6501,summer,monsoon,0
2005-0360-PAK,PAK,Pakistan,2005,6,21,22.172,95.434,"Monda village (Doda district, Jammu and Kashmir province), Charsadda, Chitral, D. I. Khan, Karak, Nowshera, Mansehra, Peshawar, Shangla, Swat districts (North-West Frontier province), Dadu, Ghotki, Thatta, Jacobabad, Khairpur, Shikarpur, Sukkur districts (Sindh province), Punjab province",Riverine flood,"Upper Indus tributariesKabul, Swat, Shalam, Kunar, Chitral, Panjkora.",39,460073,0,175453212,511.5,75.33333333,351.4056296,summer,monsoon,1
2005-0361-IND,IND,India,2005,6,26,22.172,95.434,"Sangla, Kalpa, Yangthang, Sumdo, Khab, Karcham, Leo, Akpa, Kharo villages (Kinnaur district, Himachal Pradesh province), Rampur Bushahr village (Shimla district, Himachal Pradesh province), Kullu, Bilaspur, Mandi districts (Himachal Pradesh)",Riverine flood,"Sutlej, Parechu, Spiti",6,5000,23000,1154676322,429.8333333,48.33333333,1254.5155,summer,monsoon,0
2005-0370-TJK,TJK,Tajikistan,2005,7,23,22.172,95.434,"Mir Sayyid Ali Hamadani area (Kulyab district, Khatlon province), Panjrud, Shing areas (Penjikenskiy district, Sogd province), Rushanskiy district (Badakhshoni Kuni province)",Flash flood,Piandj,0,1890,50000,6924720,511.5,70.06666667,160.48125,summer,monsoon,0
2005-0371-PRK,PRK,Democratic People's Republic of Korea,2005,6,30,22.172,95.434,"Dokchon, Bukchang, Maengsan districts (P'yongan-namdo province)",Flash flood,Unknown,193,0,0,24396433,511.5,70.06666667,72.38114286,summer,monsoon,0
2005-0375-BGD,BGD,Bangladesh,2005,7,7,22.172,95.434,"Kurigram, Gaibandha, Lalmonirhat, Rangpur, Nilphamari districts (Rangpur province), Sherpur, Jamalpur, Dhaka, Narayanganj, Munshiganj, Madaripur, districts (Dhaka province), Sirajganj, Bogra districts (Rajshahi province)",Riverine flood,"Brahammaputra-Jamuna and Ganges-Padma-Meghna basins - Teesta, Dharla, Brahmaputra, Kortoa, Ghagot",23,1000000,0,144715786,511.5,70.06666667,11968.294,summer,monsoon,1
2005-0375-IND,IND,India,2005,7,7,22.172,95.434,"Yingkiong village (Upper Siang (70051) district, Arunachal Pradesh province), Seppa village (East Kameng (70040) district, Arunachal Pradesh province), Anini village (70050 district, Arunachal Pradesh province), Dibrugarh, Sonitpur, Sibsagar, Dhemaji, Tinsukia, Karimganj, Lakhimpur, Jorhat, Morigaon, Dhuburi, Goalpara, Barpeta districts (Assam province), Bahraich, Shravasti, Banda, Ballia, Lakhimpur Kheri, Kanpur, Varanasi, Mainpuri districts (Uttar Pradesh province), Haridwar, Uttarkashi, Naini Tal, Dehran Dun districts (Uttarakhand province), Muzaffarpur, Darbhanga, Madhubani districts (Bihar province), Birbhum district (West Bengal province)",Riverine flood,"Brahmaputra and tributaries. Lohit, Dikhow, Jai Bharati, Puthimari, Subansairi, Dhansiri, Durra, Burhi-Dehing, Kundli, Jiyadhol, Lali and Siang, Barak. Ganges and tributaries. Baghmati, Ganga, Sharda, Gandak, Yamuna, Varuna, Nagwa nullah, Kane, Kosi, Bagmati, Kamla, Budi Gandak, Rapti, Ghaghra, Gomti, Ken, Budhi Rapti.",70,1904000,0,1154676322,429.8333333,48.33333333,1254.5155,summer,monsoon,1
2005-0375-NPL,NPL,Nepal,2005,7,7,22.172,95.434,"Banke area (Bheri district, Mid Western province), Sunsari area (Koshi district, Eastern province)",Riverine flood,"Rapti, Bagmati and Lalbakaiya, Saptakosi",0,30000,0,26309458,511.5,70.06666667,328.7334667,summer,monsoon,0
2005-0392-KOR,KOR,Republic of Korea,2005,8,2,22.172,95.434,"Chollabuk-do, Chollanam-do, Kang-won-do, Kyongsangbuk-do, Kyongsangnam-do provinces",Flash flood,"Namdae, Dongjin",18,13010,0,48184561,511.5,70.06666667,213.3785,summer,monsoon,0
2005-0394-JPN,JPN,Japan,2005,6,28,22.172,95.434,Niigata province,Riverine flood,Unknown,0,900,0,127773000,511.5,70.06666667,108.9076711,summer,monsoon,0
2005-0396-TWN,TWN,Taiwan (Province of China),2005,6,11,22.172,95.434,"Kaohsiung, Pingtung, Tainan areas (Taiwan Sheng province)",Flash flood,Pachang,16,2700,62000,96337125,511.5,70.06666667,328.7334667,summer,monsoon,0
2005-0398-IND,IND,India,2005,7,2,22.172,95.434,"Ashoknagar, Chhatarpur, Damoh, Jabalpur, Katni, Narsinghpur, Panna, Rewa, Sagar, Satna districts (Madhya Pradesh province)",Riverine flood,"Maijee, Simrol and Katni, Tons, Ledraha, Mahanadi, Son, Banganga",62,49000,0,1154676322,429.8333333,48.33333333,1254.5155,summer,monsoon,0
2005-0399-IND,IND,India,2005,7,10,22.172,95.434,"Adilabad, Hyderabad, Karimnagar, Khammam, Mahbubnagar, Medak, Nalgonda, Nizamabad, Rangareddi, Warangal, East Godavari, Guntur, Krishna, Nellore, Prakasam, Srikakulam, Vishakhapatnam, Vizianagaram, West Godavari districts (Andhra Pradesh province)",Riverine flood,Unknown,12,10000,0,1154676322,429.8333333,48.33333333,1254.5155,summer,monsoon,0
2005-0409-IND,IND,India,2005,7,24,22.172,95.434,"Gujarat, Madhya Pradesh, Maharashtra, Goa, Orissa, Karnataka, Himachal Pradesh, Jammu and Kashmir provinces",Riverine flood,"Ghawanda, Koyna, Kal, Savitira, Karad, Pawana, Mithi, Mitha and Mula",1200,20000000,3330000,1154676322,429.8333333,48.33333333,1254.5155,summer,monsoon,1
2005-0414-IRN,IRN,Iran (Islamic Republic of),2005,7,31,22.172,95.434,"Kalaleh city (Minudasht district, Golestan province)",Riverine flood,Unknown,52,0,0,71828455,650.625,84.25,61.52216667,summer,monsoon,0
2005-0415-TUR,TUR,Türkiye,2005,8,2,22.172,95.434,"Caykara area (Caykara district, Trabzon province), Guneyce area (Ikizdere district, Rize province)",Flash flood,Unknown,7,0,0,69329557,713.75,103.25,118.8255714,summer,monsoon,0
2005-0426-IRN,IRN,Iran (Islamic Republic of),2005,8,9,22.172,95.434,"Kalaleh city (Minudasht district, Golestan province)",Riverine flood,Unknown,43,0,0,71828455,650.625,84.25,61.52216667,summer,monsoon,0
2005-0435-THA,THA,Thailand,2005,8,13,22.172,95.434,"Chiang Mai, Mae Hong Son, Chiang Rai, Phayao, Lampang, Nan, Lamphun, Nakhon Phanom, Tak provinces",Riverine flood,"Ping, Yom, Rong Chang, Pai, Lao, Nan",21,119270,121000,66017420,511.5,70.06666667,454.353,summer,monsoon,1
2005-0436-IRN,IRN,Iran (Islamic Republic of),2005,8,15,22.172,95.434,Mazandaran province,Flood (General),Unknown,11,0,0,71828455,650.625,84.25,61.52216667,summer,monsoon,0
2005-0471-IND,IND,India,2005,8,26,22.172,95.434,Azamgarh district (Uttar Pradesh province),Flash flood,"Ghaghra, Saryu rivers",27,800000,0,1154676322,429.8333333,48.33333333,1254.5155,summer,monsoon,1
2005-0474-CHN,CHN,China,2005,8,14,22.172,95.434,"Shiyan, Xiangfan, Suizhou districts (Hubei Sheng province)",Riverine flood,Han river and tributaries,28,14500,0,1303720000,511.5,70.06666667,2227.122359,summer,monsoon,0
2005-0475-CHN,CHN,China,2005,8,13,22.172,95.434,"Tieling, Fushun, Shenyang, Benxi, Jinzhou, Huludao, Chaoyang districts (Liaoning Sheng province), Jilin Sheng province",Riverine flood,Unknown,52,0,913000,1303720000,511.5,70.06666667,2227.122359,summer,monsoon,0
2005-0504-IND,IND,India,2005,7,23,22.172,95.434,"Karnataka, Andhra Pradesh provinces",Riverine flood,Krishna and Godavari and tributaries,126,100000,0,1154676322,429.8333333,48.33333333,1254.5155,summer,monsoon,0
2005-0505-CHN,CHN,China,2005,7,21,22.172,95.434,"Xiaocaobaxiang village (Yiliang Xian area, Zhaotong district, Yunnan province)",Riverine flood,Unknown,16,0,560,1303720000,511.5,70.06666667,2227.122359,summer,monsoon,0
2005-0506-MYS,MYS,Malaysia,2005,7,17,22.172,95.434,"Telipok village (Tuaran district, Sabah province), Menggatal area (Kota Kinabalu district, Sabah province)",Flash flood,Unknown,4,600,0,25836071,511.5,70.06666667,206.0363415,summer,monsoon,0
2005-0511-AFG,AFG,Afghanistan,2005,9,11,22.172,95.434,Ghaziabad district (Kunar province),Riverine flood,Unknown,12,0,0,24404567,526,70.06666667,68.6501,autumn,monsoon,0
2005-0539-IND,IND,India,2005,9,16,22.172,95.434,"Himachal Pradesh, Uttar Pradesh, Uttarakhand provinces",Riverine flood,Ganges tributaris,23,0,0,1154676322,429.8333333,48.33333333,1254.5155,autumn,monsoon,0
2005-0541-IND,IND,India,2005,9,14,22.172,95.434,"Raj Nandgaon, Durg districts (Chhattisgarh province), Baleshwar, Bhadrak, Jajpur districts (Orissa province), Bhandara, Gondiya, Nagpur districts (Maharashtra province), Balaghat, Katni, Jabalpur, Seoni districts (Madhya Pradesh province)",Riverine flood,"Budhabalanga, Subarnarekha, Baitarani, Mahanadi, Kathajod, Shivnath, Banganga",89,550000,420000,1154676322,429.8333333,48.33333333,1254.5155,autumn,monsoon,1
2005-0556-NPL,NPL,Nepal,2005,9,24,22.172,95.434,"Kanchanpur, Baitadi, Dadeldhura, Darchula areas (Mahakali district, Far Western province)",Riverine flood,"Mahakali, Shirsha, Ragoon",51,1600,0,26309458,511.5,70.06666667,328.7334667,autumn,monsoon,0
2005-0584-VNM,VNM,Viet Nam,2005,10,7,22.172,95.434,"Quang Binh, Quang Tri, Thua Thien Hue, Quang Ngai provinces",Riverine flood,Ben Hai,17,10000,15000,81088313,511.5,70.06666667,1358.849333,autumn,NoMonsoon,0
2005-0589-IDN,IDN,Indonesia,2005,10,18,22.172,95.434,"Lawe Beringan, Semadam Awal villages (Semadam area, Aceh Tenggara district, Nangroe Aceh Darussalam province), Tirtoyudo, Sumbermanjing Wetan, Dampit, Ampilgading villages (Malang district, Jawa Timur province)",Flash flood,Simpang,28,12000,0,230871650,511.5,70.06666667,48.10376923,autumn,NoMonsoon,0
2005-0590-BGD,BGD,Bangladesh,2005,10,3,22.172,95.434,"Naogaon, Joypurhat district (Rajshahi province), Gaibandha, Rangpur, Nilphamari, Dinajpur districts (Rangpur province)",Flash flood,"Jamuneshwari, Chhoto Jamuna",19,100000,0,144715786,511.5,70.06666667,11968.294,autumn,NoMonsoon,0
2005-0592-CHN,CHN,China,2005,9,29,22.172,95.434,"Shiyan district (Hubei Sheng province), Hanzhong district (Shaanxi Sheng province)",Riverine flood,Hanjiang river (Yangtze tributary),20,4610000,239000,1303720000,511.5,70.06666667,2227.122359,autumn,monsoon,1
2005-0599-IND,IND,India,2005,10,21,22.172,95.434,"East Midnapore, South 24 Parganas, Barddhaman, Nadia districts (West Bengal province), Baleshwar district (Orissa province)",Riverine flood,Ichachamati and tributaries,19,2000000,117000,1154676322,429.8333333,48.33333333,1254.5155,autumn,NoMonsoon,1
2005-0600-CHN,CHN,China,2005,10,3,22.172,95.434,"Weinan district (Shaanxi Sheng province), Hubei Sheng province",Riverine flood,Weihe (Yellow river tributary),20,0,240000,1303720000,511.5,70.06666667,2227.122359,autumn,NoMonsoon,0
2005-0603-IND,IND,India,2005,9,22,22.172,95.434,"Surat, Vadodara, Bhavnagar, Panch Mahals, Narmada districts (Gujarat province)",Riverine flood,"Vishwamitri, Tapi",15,0,0,1154676322,429.8333333,48.33333333,1254.5155,autumn,monsoon,0
2005-0627-IND,IND,India,2005,10,23,22.172,95.434,"Salem, Namakkal, Karur, Erode, Tiruchchirappalli, Vellore, Perambalur, Nagapattinam, Kanniyakumari, Dharmapuri, Madurai, Villupuram, Chennai, Cuddalore districts (Tamil Nadu province), Karaikal district (Puducherry province), Bangalore Rural, Bangalore Urban, Mysore districts (Karnataka province), Nellore, Chittoor, Vishakhapatnam, Srikakulam, Vizianagaram, Cuddapah districts (Andhra Pradesh province), West Bengal, Orissa provinces",Riverine flood,"Cauvery, Coleroon, Palar, Pennar, Papaghni, Nagavali, Vamsadhara, Bhavani",162,2000000,0,1154676322,429.8333333,48.33333333,1254.5155,autumn,NoMonsoon,1
2005-0628-VNM,VNM,Viet Nam,2005,10,20,22.172,95.434,"Binh Dinh, Quang Ngai, Phu Yen, Khanh Hoa, Gia Lai, Quang Tri provinces",Flash flood,Ba river,67,33800,12000,81088313,511.5,70.06666667,1358.849333,autumn,NoMonsoon,0
2005-0646-LKA,LKA,Sri Lanka,2005,11,21,22.172,95.434,"Colombo, Gampaha districts (Western province), Trincomalee district (Eastern province), Jaffna, Kilinochchi, Mullattivu districts (Northern province)",Riverine flood,Unknown,6,145000,0,20216524,511.5,70.06666667,119.3917143,autumn,NoMonsoon,1
2005-0669-PHL,PHL,Philippines,2005,12,5,22.172,95.434,"Naujan, Calapan, Victoria, Pola, Pinamalayn, Baco, Puerto Princesa, Barangay Biga, Barangay Malabo areas (Mindoro Oriental district, Region IV province), Aborlan, Dumaran, Taytay, Barangay Sta. Maria, Roxas, San Vicente areas (Palawan district, Region IV province), Victoria, Capalonga, Labo areas (Camarines Norte districts Region V province), Bato area (Catanduanes district, Region V province), Pagbilao, Mauban, Lucena, Candelaria areas (Quezon district, Region IV-A province), Palo area (Leyte district, Region VIII province), Dipaculao, Casiguran, Tinib areas (Aurora district, Region III province), Albay, Camarines Sur, Masbate, Sorsogon district (Region V province), Negros Occidental, Aklan, Iloilo districts (Region VI province)",Riverine flood,Bocayao Magasawang Tubig,4,192946,515,88015962,511.5,70.06666667,41.69744444,winter,NoMonsoon,1
2005-0677-IND,IND,India,2005,12,2,22.172,95.434,Tamil Nadu province,Riverine flood,Unknown,30,200000,0,1154676322,429.8333333,48.33333333,1254.5155,winter,NoMonsoon,1
2005-0690-MYS,MYS,Malaysia,2005,11,23,22.172,95.434,"Kelantan, Terengganu, Kedah, Perlis, Perak provinces",Flash flood,Unknown,9,30000,0,25836071,511.5,70.06666667,206.0363415,autumn,NoMonsoon,0
2005-0690-THA,THA,Thailand,2005,11,23,22.172,95.434,"Songkhla, Trang, Satun, Nakhon Si Thammarat, Phatthalung, Samut Prakarn, Samut Sakhon, Samut Songkham, Chumphon, Narathiwat, Pattani, Yala provinces",Flash flood,"Ta Pi, Pattani",55,700000,97000,66017420,511.5,70.06666667,454.353,autumn,NoMonsoon,1
2005-0694-VNM,VNM,Viet Nam,2005,12,4,22.172,95.434,"Khanh Hoa, Dak Lak, Phu Yen, Quang Ngai, Binh Dinh, Quang Nam, Binh Thuan, Ninh Thuan, Dak Lak provinces",Riverine flood,"Nha Trang, Kon, Cai Nha Trang, Dinh, Ve, Tra Cau, Tra Khuc, Tra Bong, Con, Ha Thanh, Lao Giang, Krong Ana, Krong Kno, Serepoc",69,0,27000,81088313,511.5,70.06666667,1358.849333,winter,NoMonsoon,0
2005-0718-IDN,IDN,Indonesia,2005,12,31,22.172,95.434,"Panti, Tanggul, Arjasa, Rambipuji, Kaliwates, Wuluhan, Patrang, Balung, Puger areas (Jember district, Jawa Timur province)",Flash flood,Kaliputih,79,7781,0,230871650,511.5,70.06666667,48.10376923,winter,NoMonsoon,0
2005-0725-AFG,AFG,Afghanistan,2005,12,28,22.172,95.434,Mazar-e-Sharif district (Balkh province),Riverine flood,Unknown,0,0,0,24404567,526,70.06666667,68.6501,winter,NoMonsoon,0
2005-0729-CHN,CHN,China,2005,5,28,22.172,95.434,"Minxian area (Dingxi district, Gansu Sheng province)",Flash flood,Unknown,8,8842,4600,1303720000,511.5,70.06666667,2227.122359,spring,NoMonsoon,0
2005-0730-CHN,CHN,China,2005,6,17,22.172,95.434,"Shunchang Xian, Nanping Shi, Jian'ou Shi areas (Nanping district, Fujian Sheng province), Ningde, Fuzhou, Longyan, Sanming districts (Fujian Sheng province)",Riverine flood,Minjiangriver and tributaries,19,650000,180700,1303720000,511.5,70.06666667,2227.122359,summer,monsoon,1
2005-0736-AFG,AFG,Afghanistan,2005,12,27,22.172,95.434,"Dehdadi district (Balkh province), Emamsaheb district (Kunduz province)",Riverine flood,Unknown,0,0,0,24404567,526,70.06666667,68.6501,winter,NoMonsoon,0
2005-0737-YEM,YEM,Yemen,2005,8,20,22.172,95.434,"Al Hudaydah, Al Jawf, Al Mahwit, Amran, Hajjah, Sa'ada, Taizz provinces",Flash flood,Unknown,12,0,0,22790085,706.5,89,328.7334667,summer,monsoon,0
2005-0746-IND,IND,India,2005,7,5,22.172,95.434,"Himachal Pradesh, Punjab, Jammu and Kashmir, Haryana provinces",Riverine flood,"Chenab, Ravi, Beas, Pabbar, Tawi, Ujh",10,2000,0,1154676322,429.8333333,48.33333333,1254.5155,summer,monsoon,0
2005-0746-PAK,PAK,Pakistan,2005,7,5,22.172,95.434,"Punjab, Sindh, Jammu and Kashmir provinces",Riverine flood,Indus river and tributaries,42,58000,0,175453212,511.5,75.33333333,351.4056296,summer,monsoon,0
2005-0751-CHN,CHN,China,2005,7,1,22.172,95.434,"Jilin district (Jilin Sheng province), Hegang, Yichun, Daqing, Qiqihar, Harbin districts (Heilongjiang Sheng province)",Riverine flood,Unknown,5,1270000,271000,1303720000,511.5,70.06666667,2227.122359,summer,monsoon,1
2005-0822-KHM,KHM,Cambodia,2005,9,8,22.172,95.434,"Kratie, Kampong Cham, Kandal, Prey Veng, Siem Reap provinces",Riverine flood,Unknown,16,0,0,13439202,511.5,70.06666667,3965.6898,autumn,monsoon,0
2005-0822-VNM,VNM,Viet Nam,2005,9,8,22.172,95.434,"Tan Hung, Vinh Hung, Moc Hoa districts (Long An province), Dong Thap, An Giang provinces",Riverine flood,"Mekong, Tien, Hau",39,30000,0,81088313,511.5,70.06666667,1358.849333,autumn,monsoon,0
2006-0037-MYS,MYS,Malaysia,2006,1,9,22.172,95.434,Johor province,Riverine flood,Unknown,0,1112,0,26417909,511.5,70.06666667,206.0363415,winter,NoMonsoon,0
2006-0040-PHL,PHL,Philippines,2006,1,26,17.02,121.82,"Nueva Ecija, Aurora districts (Region III province), Kalinga, Abra districts (CAR province), Cagayan, Isabela districts (Region II province), Quezon district (Region IV-A province)",Flash flood,"Tupingan, Pampanga, Cagayan",4,256641,9600,89508986,511.5,70.06666667,41.69744444,winter,NoMonsoon,1
2006-0065-IRQ,IRQ,Iraq,2006,2,4,34.21,45.49,"Erbil, Salah al-Din, Kirkuk, Diyala, Missan provinces",Riverine flood,Tigris,0,41890,1300,28616515,393,42,947.8885,winter,NoMonsoon,0
2006-0074-IDN,IDN,Indonesia,2006,1,26,-6.85,108.59,"Lasem, Pamotan, Sedan areas (Rembang district, Jawa Tengah province), Demak, Kota Semarang, Semarang districts (Jawa Tengah province), Indramayu district (Jawa Barat province), Dki Jakarta province",Riverine flood,"Karanggeneng, Beringin, Cimanuk, Cilalanang, Cipanas, Cipunegara",19,10000,27100,233951652,511.5,70.06666667,48.10376923,winter,NoMonsoon,0
2006-0095-YEM,YEM,Yemen,2006,2,20,14.54,44.18,"Ma'arbar city (Jahran district, Dhamar province)",Flash flood,Unknown,5,0,0,23543083,706.5,89,328.7334667,winter,NoMonsoon,0
2006-0099-IDN,IDN,Indonesia,2006,2,13,1.07,124.66,"Kota Manado, Minahasa districts (Sulawesi Utara province)",Flash flood,Rano Wangko,39,17500,25000,233951652,511.5,70.06666667,48.10376923,winter,NoMonsoon,0
2006-0113-MYS,MYS,Malaysia,2006,2,10,4.33,102.54,"Terengganu, Pahang, Kelantan provinces",Riverine flood,"Kelantan, Sungai Kolok, Dungun, Kemaman, Golok, Kinabatangan",0,4906,0,26417909,511.5,70.06666667,206.0363415,winter,NoMonsoon,0
2006-0113-THA,THA,Thailand,2006,2,10,4.33,102.54,"Narathiwat, Nakhon Si Thammarat, Chumphon, Surat Thani provinces",Riverine flood,Unknown,0,2000,0,66567687,511.5,70.06666667,454.353,winter,NoMonsoon,0
2006-0137-PHL,PHL,Philippines,2006,3,4,7.17,125.57,"Carmen area (Bohol district, Region VII province)",Flash flood,Unknown,1,1000,0,89508986,511.5,70.06666667,41.69744444,spring,NoMonsoon,0
2006-0165-YEM,YEM,Yemen,2006,4,3,15.1,43.88,"Dhamar, Al Hudaydah, Sana'a, Taizz, Sa'ada provinces",Riverine flood,Unknown,25,0,0,23543083,706.5,89,328.7334667,spring,NoMonsoon,0
2006-0192-IDN,IDN,Indonesia,2006,4,19,-7.84,111.86,"Bendungan, Trenggalek, Ogalan, Karangan, Tugu, Durenan, Gandu Sari areas (Trenggalek district, Jawa Timur province), Ponorogo district (Jawa Timur province), Karanganyar district (Jawa Tengah province)",Riverine flood,Ngasinan,22,400,0,233951652,511.5,70.06666667,48.10376923,spring,NoMonsoon,0
2006-0199-CHN,CHN,China,2006,4,9,22.172,95.434,"Jiangxi Sheng, Hubei Sheng provinces",Riverine flood,Unknown,21,0,333000,1311020000,511.5,70.06666667,2227.122359,spring,NoMonsoon,0
2006-0207-IND,IND,India,2006,4,15,17.43,82.81,"Adilabad, Hyderabad, Karimnagar, Khammam, Mahbubnagar, Medak, Nalgonda, Nizamabad, Rangareddi, Warangal, Srikakulam, Krishna districts (Andhra Pradesh province)",Flash flood,Unknown,20,0,0,1172878890,429.8333333,48.33333333,1254.5155,spring,NoMonsoon,0
2006-0208-GEO,GEO,Georgia,2006,4,15,42.27,42.83,"Chkhoushi village (Zygdidi district, Samergelo and Zemo (upper) Svaneti province), Tsalendjikha district (Samergelo and Zemo (upper) Svaneti province), Khoni district (Imereti province)",Riverine flood,"Inguri, Tskhenisqali",0,600,0,3880347,861,110.6666667,97.98825,spring,NoMonsoon,0
2006-0221-AFG,AFG,Afghanistan,2006,4,28,35.67,66.83,"Garziwan district (Faryab province), Doshi district (Baghlan province), Kohestanat district (Sar-e-Pul province)",Flash flood,Unknown,19,5000,0,25424094,526,70.06666667,68.6501,spring,NoMonsoon,0
2006-0226-MYS,MYS,Malaysia,2006,4,20,5.27,102.15,"Kampung Manjoi borough (Ipoh city, Kinta district, Perak province)",Riverine flood,Unknown,0,500,0,26417909,511.5,70.06666667,206.0363415,spring,NoMonsoon,0
2006-0245-IRN,IRN,Iran (Islamic Republic of),2006,5,8,38.69,47.88,Ardebil province,Riverine flood,Unknown,14,2800,16000,73392747,650.625,84.25,61.52216667,spring,NoMonsoon,0
2006-0250-CHN,CHN,China,2006,4,21,26.92,106.58,Guizhou Sheng province,Riverine flood,Unknown,22,36900,36000,1311020000,511.5,70.06666667,2227.122359,spring,NoMonsoon,0
2006-0262-BGD,BGD,Bangladesh,2006,5,31,22.172,95.434,"Khagrachhari district (Chittagong province), Sylhet province",Riverine flood,Jamuna and tributaries,0,76000,0,146405973,511.5,70.06666667,11968.294,spring,NoMonsoon,0
2006-0262-IND,IND,India,2006,5,31,26.6,94.02,"Assam, Tripura provinces",Riverine flood,Brahmaputra and tributaries,21,504000,0,1172878890,429.8333333,48.33333333,1254.5155,spring,NoMonsoon,1
2006-0263-IND,IND,India,2006,5,25,10.54,76.05,Kerala province,Riverine flood,Unknown,32,10800,0,1172878890,429.8333333,48.33333333,1254.5155,spring,NoMonsoon,0
2006-0264-CHN,CHN,China,2006,5,30,26.75,118.57,Fujian Sheng province,Riverine flood,"Mi, Bashili, Pearl",57,356000,393000,1311020000,511.5,70.06666667,2227.122359,spring,NoMonsoon,1
2006-0265-IND,IND,India,2006,5,31,18.73,75.23,"Maharashtra, Gujarat provinces",Riverine flood,Unknown,41,0,0,1172878890,429.8333333,48.33333333,1254.5155,spring,NoMonsoon,0
2006-0266-CHN,CHN,China,2006,5,24,30.92,112.9,Jingzhou district (Hubei Sheng province),Riverine flood,Unknown,3,0,0,1311020000,511.5,70.06666667,2227.122359,spring,NoMonsoon,0
2006-0270-THA,THA,Thailand,2006,5,22,18.18,100.15,"Nan, Phrae, Lampang, Sukhothai, Uttaradit provinces",Flash flood,"Yom, Nan, Upper CHao Praya",116,342895,25000,66567687,511.5,70.06666667,454.353,spring,NoMonsoon,1
2006-0271-AFG,AFG,Afghanistan,2006,5,19,34.52,65.56,"Chagcharan, Shahrak districts (Ghor province), Farkhar district (Takhar province), Taloqan city (Taloqan districts, Takhar province)",Riverine flood,Unknown,21,465,0,25424094,526,70.06666667,68.6501,spring,NoMonsoon,0
2006-0291-AFG,AFG,Afghanistan,2006,5,15,22.172,95.434,"Garziwan, Bilcheragh districts (Faryab province)",Riverine flood,Unknown,0,1735,0,25424094,526,70.06666667,68.6501,spring,NoMonsoon,0
2006-0297-CHN,CHN,China,2006,6,13,26.2,112.75,"Chenzhou, Zhuzhou, Loudi districts (Hunan Sheng province)",Riverine flood,Xiangjiang River,2,1410000,0,1311020000,511.5,70.06666667,2227.122359,summer,monsoon,1
2006-0298-CHN,CHN,China,2006,6,12,25.51,106.51,"Wangmo Xian area (Qianxinan Buyei and Miao district, Guizhou Sheng province), Luodian Xian area (Qiannan Buyei and Miao district, Guizhou Sheng province), Qianxi Xian area (Bijie district, Guizhou Sheng province), Anshun district (Guizhou Sheng province)",Flash flood,Unknown,50,0,141000,1311020000,511.5,70.06666667,2227.122359,summer,monsoon,0
2006-0299-TWN,TWN,Taiwan (Province of China),2006,6,10,24.07,120.79,"Nantou, Taichung, Hsinchu, Changhua, Chiayi, Kaohsiung areas (Taiwan Sheng province)",Riverine flood,Unknown,3,300,116130,96337125,511.5,70.06666667,328.7334667,summer,monsoon,0
2006-0300-CHN,CHN,China,2006,6,8,23.42,111.38,"Wuzhou, Baise districts (Guangxi Zhuangzu Zizhiqu province)",Riverine flood,Unknown,21,4600000,0,1311020000,511.5,70.06666667,2227.122359,summer,monsoon,1
2006-0311-IDN,IDN,Indonesia,2006,6,19,-5.17,120.11,"Sinjai, Jeneponto, Bulukumba, Bantaeng, Luwu Utara, Bone, Gowa, Sidenrengrappang, Selayar, Wajo, Soppeng (Sulawesi Selatan province)",Flash flood,Unknown,236,28505,55200,233951652,511.5,70.06666667,48.10376923,summer,monsoon,0
2006-0323-CHN,CHN,China,2006,6,17,24.73,116.87,"Yongding Xian area (Longyan district, Fujian Sheng province), Chayangzhen village (Meizhou district, Guangdong Sheng province)",Riverine flood,Unknown,23,5000,0,1311020000,511.5,70.06666667,2227.122359,summer,monsoon,0
2006-0328-IDN,IDN,Indonesia,2006,6,24,22.172,95.434,Kota Baru district (Kalimantan Selatan province),Flood (General),Unknown,41,0,0,233951652,511.5,70.06666667,48.10376923,summer,monsoon,0
2006-0332-IDN,IDN,Indonesia,2006,6,25,-3.29,115.49,"Tanahlaut, Kota Baru, Tanahbumbu districts (Kalimantan Selatan province)",Flash flood,"Limpur, Martapura, Riam Kiwa rivers",52,18250,0,233951652,511.5,70.06666667,48.10376923,summer,monsoon,0
2006-0334-TUR,TUR,Türkiye,2006,7,1,39.74,41.1,"Bitlis, Mus, Kirklareli, Trabzon, Rize provinces",Riverine flood,Unknown,12,0,0,70045349,713.75,103.25,118.8255714,summer,monsoon,0
2006-0336-CHN,CHN,China,2006,6,28,34.04,117.03,"Si Xian, Xiao Xian areas (Suzhou district, Anhui Sheng province), Fengyang Xian area (Chuzhou district, Anhui Sheng province), Bozhou Shi, Fuyang Shi areas (Name Unknown (12994) district, Anhui Sheng province), Dafeng Shi area (Yancheng district, Jiangsu Sheng province), Bengbu, Huaibei districts (Anhui Sheng province), Henan Sheng province",Riverine flood,43710,30,4120000,679000,1311020000,511.5,70.06666667,2227.122359,summer,monsoon,1
2006-0337-CHN,CHN,China,2006,6,28,22.172,95.434,"Zhenxiong Xian area (Zhaotong district, Yunnan Sheng province), Gulin Xian area (Luzhou district, Sichuan Sheng province), Sandu Shui Zizhixian area (Qiannan Buyei and Miao district, Guizhou Sheng province), Rongjiang Xian area (Qiandongnan Miao and Dong district, Guizhou Sheng province), Bijie, Zunyi districts (Guizhou Sheng province)",Riverine flood,Unknown,42,10000,11000,1311020000,511.5,70.06666667,2227.122359,summer,monsoon,0
2006-0339-CHN,CHN,China,2006,6,25,26.01,108.45,"Sandu Shui Zizhixian area (Qiannan Buyei and Miao district, Guizhou Sheng province), Rongjiang Xian area (Qiandongnan Miao and Dong district, Guizhou Sheng province)",Riverine flood,Duliujiang,6,270000,6500,1311020000,511.5,70.06666667,2227.122359,summer,monsoon,1
2006-0340-CHN,CHN,China,2006,6,25,27.06,111.06,"Shaoyang, Huaihua, Loudi, Zhangjiajie, Xiangxi Tujia and Miao districts (Hunan Sheng province)",Riverine flood,Unknown,29,2375000,0,1311020000,511.5,70.06666667,2227.122359,summer,monsoon,1
2006-0342-IND,IND,India,2006,6,24,25.62,83.67,"Ballia, Chandauli districts (Uttar Pradesh province)",Riverine flood,Ganges and tributaries,130,300000,0,1172878890,429.8333333,48.33333333,1254.5155,summer,monsoon,1
2006-0342-NPL,NPL,Nepal,2006,6,24,25.62,83.67,"Banke area (Bheri district, Mid Western province), Kaski area (Gandaki district, Western province)",Riverine flood,Unknown,0,0,0,26565425,511.5,70.06666667,328.7334667,summer,monsoon,0
2006-0343-IDN,IDN,Indonesia,2006,6,23,0.55,123.01,"Bolaangmongondow district (Sulawesi Utara province), Kota Gorontalo, Bonebolango, Gorontalo districts (Gorontalo province)",Riverine flood,"Pilolenga, Bone, Bolango",0,5000,0,233951652,511.5,70.06666667,48.10376923,summer,monsoon,0
2006-0361-KOR,KOR,Republic of Korea,2006,7,12,37.56,127.17,"Seoul, Kang-won-do, Kyonggi-do provinces",Flash flood,"Han, Imjin, Hantan, Namhan, Nakdong, Daedong",46,4630,0,48438292,511.5,70.06666667,213.3785,summer,monsoon,0
2006-0361-PRK,PRK,Democratic People's Republic of Korea,2006,7,12,37.56,127.17,"P'yongan-namdo, Hwanghae-bukto, Kangwon-do, Hamgyong-namdo provinces",Flash flood,Unknown,278,0,0,24524507,511.5,70.06666667,72.38114286,summer,monsoon,0
2006-0364-CHN,CHN,China,2006,7,11,47.73,128.9,Yichun district (Heilongjiang Sheng province),Riverine flood,Unknown,0,4000,0,1311020000,511.5,70.06666667,2227.122359,summer,monsoon,0
2006-0365-AFG,AFG,Afghanistan,2006,7,9,33.06,69.95,"Khost, Nuristan provinces",Riverine flood,Unknown,10,0,0,25424094,526,70.06666667,68.6501,summer,monsoon,0
2006-0365-PAK,PAK,Pakistan,2006,7,9,33.06,69.95,"Govek, Faqir, Api villages (North Waziristan Agency district, Federally Administered Tribal Areas province)",Riverine flood,Unknown,13,0,0,179682690,511.5,75.33333333,351.4056296,summer,monsoon,0
2006-0366-VNM,VNM,Viet Nam,2006,7,9,22.172,95.434,Bac Me district (Ha Giang province),Flash flood,Lo,4,0,1000,82167897,511.5,70.06666667,1358.849333,summer,monsoon,0
2006-0367-CHN,CHN,China,2006,7,7,22.35,109.4,"Qinzhou, Yulin districts (Guangxi Zhuangzu Zizhiqu province)",Riverine flood,Unknown,10,1400000,31000,1311020000,511.5,70.06666667,2227.122359,summer,monsoon,1
2006-0368-KHM,KHM,Cambodia,2006,7,6,11.43,103.53,Koh Kong province,Riverine flood,Unknown,0,5000,0,13639028,511.5,70.06666667,3965.6898,summer,monsoon,0
2006-0369-IND,IND,India,2006,7,4,22.41,71.31,"Navsari, The Dangs districts (Gujarat)",Riverine flood,Unknown,24,8400,0,1172878890,429.8333333,48.33333333,1254.5155,summer,monsoon,0
2006-0370-IND,IND,India,2006,7,3,19.17,83.65,"Gajapati, Rayagada districts (Orissa province)",Riverine flood,"Gajapati, Rayagada, Jhingiritial",33,0,0,1172878890,429.8333333,48.33333333,1254.5155,summer,monsoon,0
2006-0371-CHN,CHN,China,2006,7,2,43.32,83.77,Altay district (Xinjiang Uygur Zizhiqu province),Riverine flood,Unknown,20,2400,0,1311020000,511.5,70.06666667,2227.122359,summer,monsoon,0
2006-0378-JPN,JPN,Japan,2006,6,19,35.34,136.22,"Matumotosi, Okayasi, Minowamati districts (Nagano province), Izumosi district (Simane province), Aminotyoo, Kumihamatyoo, Oomiyatyoo, Tangotyoo, Yasakatyoo districts (Kyooto province), Tateyamamati district (Toyama province)",Riverine flood,Tenryu river,34,6200,0,127854000,511.5,70.06666667,108.9076711,summer,monsoon,0
2006-0389-IND,IND,India,2006,7,24,34.61,73.2,Jammu and Kashmir provinces,Riverine flood,"Jelum, Chenab",15,800,0,1172878890,429.8333333,48.33333333,1254.5155,summer,monsoon,0
2006-0389-PAK,PAK,Pakistan,2006,7,24,34.61,73.2,"Jammu and Kashmir, Punjab, North-West Frontier provinces",Riverine flood,"Kunhar, Kabul, Swat rivers",40,2000,0,179682690,511.5,75.33333333,351.4056296,summer,monsoon,0
2006-0390-JPN,JPN,Japan,2006,7,22,31.54,130.99,"Akunesi district (Kagoshima province), Minamatasi district (Kumamoto province)",Riverine flood,Minimata river,8,4300,0,127854000,511.5,70.06666667,108.9076711,summer,monsoon,0
2006-0392-CHN,CHN,China,2006,7,20,24.66,102.18,"Lengquanzhen village (Mengzi Xian area, Honghe Hani and Yi district, Yunnan Sheng province)",Flash flood,Unknown,35,0,0,1311020000,511.5,70.06666667,2227.122359,summer,monsoon,0
2006-0394-CHN,CHN,China,2006,7,14,39.04,106.59,Shizuishan district (Ningxia Huizu Zizhiqu province),Riverine flood,Unknown,1,1200,0,1311020000,511.5,70.06666667,2227.122359,summer,monsoon,0
2006-0414-PAK,PAK,Pakistan,2006,8,1,25.03,67.12,"Karachi Central, Karachi East, Karachi South, Karachi West districts (Sindh province)",Riverine flood,Indus,74,0,0,179682690,511.5,75.33333333,351.4056296,summer,monsoon,0
2006-0416-AFG,AFG,Afghanistan,2006,7,30,34.08,69.75,"Sherzad district (Nangarhar province), Spera districts (Khost province), Urgun, Sarrawzah, Omna districts (Paktika province), Jaghuri district (Ghazni province), Surkh-e-Parsa district (Parwan province), Paktya province",Riverine flood,Unknown,54,0,0,25424094,526,70.06666667,68.6501,summer,monsoon,0
2006-0417-IND,IND,India,2006,7,28,20.19,73.82,"Andhra Pradesh, Gujarat, Maharashtra, Chhattisgarh, Rajasthan, Madhya Pradesh, Orissa, Karnataka provinces",Riverine flood,"Narmada, Pooma, Puma, Ambika",350,0,3390000,1172878890,429.8333333,48.33333333,1254.5155,summer,monsoon,1
2006-0417-PAK,PAK,Pakistan,2006,7,28,20.19,73.82,Sindh province,Riverine flood,Unknown,0,0,0,179682690,511.5,75.33333333,351.4056296,summer,monsoon,0
2006-0424-AFG,AFG,Afghanistan,2006,7,30,22.172,95.434,"Kodee Kheel, Mam Kheel villages (Sherzad district, Nangarhar province)",Flash flood,Unknown,12,0,0,25424094,526,70.06666667,68.6501,summer,monsoon,0
2006-0429-VNM,VNM,Viet Nam,2006,7,18,22.172,95.434,"Bac Kan, Vinh Phuc, Lang Son provinces",Flash flood,Unknown,12,0,0,82167897,511.5,70.06666667,1358.849333,summer,monsoon,0
2006-0443-IND,IND,India,2006,8,15,22.172,95.434,Gujarat province,Riverine flood,Unknown,0,50000,0,1172878890,429.8333333,48.33333333,1254.5155,summer,monsoon,0
2006-0446-VNM,VNM,Viet Nam,2006,8,12,17.76,106.15,"Binh Thuan, Nghe An, Quang Binh, Quang Tri, Dak Lak, Dong Nai, Lam Dong, Cao Bang, Ha Tinh, Thua Thien Hue, Dak Lak, Dak Nong, Yen Bai, Thanh Hoa, Phu Tho provinces",Riverine flood,Dong Nai River,42,50000,8000,82167897,511.5,70.06666667,1358.849333,summer,monsoon,0
2006-0448-PHL,PHL,Philippines,2006,8,15,22.172,95.434,"Anonan village (Misamis Occidental district, Region X province), Upper Koronel village (Davao Oriental district, Region XI province), Kapatagan area (Lanao Del Norte district, Region X province)",Flood (General),Unknown,26,15000,0,89508986,511.5,70.06666667,41.69744444,summer,monsoon,0
2006-0451-KHM,KHM,Cambodia,2006,8,10,11.06,104.68,"Kampong Seila district (Koh Kong province), Phnom Penh, Kampong Speu, Kampot, Ratanak Kiri, Mondul Kiri provinces",Riverine flood,"Mokong, Tonle Sap, Steung Samrong",5,33000,0,13639028,511.5,70.06666667,3965.6898,summer,monsoon,0
2006-0451-VNM,VNM,Viet Nam,2006,8,10,11.06,104.68,"An Giang, Dong Thap provinces",Riverine flood,Unknown,60,0,0,82167897,511.5,70.06666667,1358.849333,summer,monsoon,0
2006-0469-IND,IND,India,2006,8,18,22.172,95.434,"Barmer, Jaisalmer, Kota, Udaipur districts (Rajasthan province)",Riverine flood,Unknown,135,20000,0,1172878890,429.8333333,48.33333333,1254.5155,summer,monsoon,0
2006-0481-CHN,CHN,China,2006,8,30,34.7,102.68,"Luqu Xian, Zhuoni Xian areas (Gannan Tibetan district, Gansu Sheng province)",Flash flood,Unknown,15,0,0,1311020000,511.5,70.06666667,2227.122359,summer,monsoon,0
2006-0502-BGD,BGD,Bangladesh,2006,8,24,23.23,89.27,"Jessore, Khulna, Satkhira districts (Khulna province)",Riverine flood,Unknown,0,135775,0,146405973,511.5,70.06666667,11968.294,summer,monsoon,1
2006-0530-THA,THA,Thailand,2006,8,20,18.76,100.02,"Chiang Rai, Chiang Mai, Mae Hong Son, Lamphun, Lampang, Phrae, Phayao, Uttaradit, Phetchabun, Phitsanulok, Sukhothai, Tak, Kampaeng Phet, Nakhon Sawan, Uthai Thani, Phichit, Chainat, Singburi, Ang Thong, Phra Nakhon Si Ayudhya, Lopburi, Saraburi, Pathum Thani, Nonthaburi, Nakhon Nayok, Chachoengsao, Phachinburi, Chonburi, Chanthaburi, Chaiyaphum, Khon Kaen, Surat Thani, Nakhon Si Thammarat, Phangnga provinces",Riverine flood,"Yom, Nan, Mae Rim, Wang, Doi Suthep, Noi, Chao Praya, Pa Sak, Lop Buri, Pran Buri",164,2212413,9940,66567687,511.5,70.06666667,454.353,summer,monsoon,1
2006-0544-MMR,MMR,Myanmar,2006,9,15,19.91,95.45,Mandalay province,Riverine flood,"Irrawaddy, Sittang, Chindwin, Mu",25,10000,0,47785135,511.5,70.06666667,4552.1444,autumn,monsoon,0
2006-0548-IND,IND,India,2006,8,31,32.89,73.88,Jammu and Kashmir provinces,Flash flood,"Jhelum, Sutlej, Lidder, Chenab, Tavi, Tawi, Munnawar Tawi",19,15000,0,1172878890,429.8333333,48.33333333,1254.5155,summer,monsoon,0
2006-0548-PAK,PAK,Pakistan,2006,8,31,32.89,73.88,"Punjab, Jammu and Kashmir provinces",Flash flood,Unknown,20,0,0,179682690,511.5,75.33333333,351.4056296,summer,monsoon,0
2006-0549-IND,IND,India,2006,8,29,27.59,81.52,"Balrampur, Bahraich, Lakhimpur Kheri, Shravasti, Gonda, Bara Banki districts (Uttar Pradesh province)",Riverine flood,"Rapti, Ghaghra, SAryu",42,100000,0,1172878890,429.8333333,48.33333333,1254.5155,summer,monsoon,0
2006-0563-PHL,PHL,Philippines,2006,10,4,22.172,95.434,"Pasonanca, Tugbungan, Tumaga, Putik, Guiwan, Baliwasan, San Jose Gusu, Tetuan areas (Zamboanga Del Sur district, Region IX province)",Riverine flood,Unknown,3,4250,399,89508986,511.5,70.06666667,41.69744444,autumn,NoMonsoon,0
2006-0567-CHN,CHN,China,2006,10,6,23.34,102.64,Honghe Hani and Yi (Yunnan Sheng province),Riverine flood,Unknown,27,20000,0,1311020000,511.5,70.06666667,2227.122359,autumn,NoMonsoon,0
2006-0584-SYR,SYR,Syrian Arab Republic,2006,10,29,22.172,95.434,Hassakeh province,Riverine flood,Khabour,6,0,0,19637022,696,122,254.61875,autumn,NoMonsoon,0
2006-0596-AFG,AFG,Afghanistan,2006,11,16,35.62,63.54,"Ghormach, Balamurghab districts (Badghis province)",Flash flood,Murghab,166,17575,0,25424094,526,70.06666667,68.6501,autumn,NoMonsoon,0
2006-0599-IRQ,IRQ,Iraq,2006,11,5,36.23,44.81,"Khalifan city (Soran district, Erbil province)",Flash flood,Unknown,20,18000,0,28616515,393,42,947.8885,autumn,NoMonsoon,0
2006-0601-IND,IND,India,2006,10,26,14.13,79.93,"Tamil Nadu, Andhra Pradesh provinces",Riverine flood,"Godavari, Krishna deltas",47,225000,0,1172878890,429.8333333,48.33333333,1254.5155,autumn,NoMonsoon,1
2006-0602-LKA,LKA,Sri Lanka,2006,10,26,7.32,80.03,"Galle, Matara districts (Southern province), Badulla district (Uva province), Western, North Western, Sabaragamuwa provinces",Riverine flood,Unknown,25,333000,3000,20352411,511.5,70.06666667,119.3917143,autumn,NoMonsoon,1
2006-0605-PHL,PHL,Philippines,2006,10,21,7.61,125.83,Davao del Norte district (Region XI province),Riverine flood,Unknown,2,40000,763,89508986,511.5,70.06666667,41.69744444,autumn,NoMonsoon,0
2006-0619-TUR,TUR,Türkiye,2006,10,27,37.64,39.65,"Antalya town (Merkez district, Antalya province), Mersin town (Merkez district, Icel province), Siverek, Ceylanpinar, Suruc districts (Sanliurfa province), Bismil, Cinar districts (Diyarbakir province), Cizre, Silopi, Uludere districts (Sirnak province), Merkez, Hasankeyf districts (Batman province), Beykoz, Sariyer districts (Istanbul province), Yuksekova, Semdinli districts (Hakkari province)",Flash flood,Unknown,47,63000,317000,70045349,713.75,103.25,118.8255714,autumn,NoMonsoon,0
2006-0623-PRK,PRK,Democratic People's Republic of Korea,2006,10,21,22.172,95.434,"Tongchon, Anbyon, Kosong, Chonnae, Wonsan, Munchon districts (Kangwon-do province)",Coastal flood,Unknown,0,7310,0,24524507,511.5,70.06666667,72.38114286,autumn,NoMonsoon,0
2006-0663-PAK,PAK,Pakistan,2006,12,15,22.172,95.434,Jammu and Kashmir provinces,Flood (General),Unknown,20,0,0,179682690,511.5,75.33333333,351.4056296,winter,NoMonsoon,0
2006-0680-IDN,IDN,Indonesia,2006,12,22,22.172,95.434,"Aceh Barat, Aceh Tamiang, Aceh Timur, Aceh Utara, Bener Meriah, Bireuen, Gayolues, Kota Lhokseumawe districts (Nangroe Aceh Darussalam province), Langkat, Mandailingnatal, Tapanuli Selatan districts (Sumatera Utara province), Rokanhilir, Indragiri Hulu districts (Riau province)",Flash flood,Unknown,236,618486,0,233951652,511.5,70.06666667,48.10376923,winter,NoMonsoon,1
2006-0680-MYS,MYS,Malaysia,2006,12,19,1.87,103.22,"Melaka, Negeri Sembilan, Pahang, Johor provinces",Flash flood,Unknown,6,100000,22000,26417909,511.5,70.06666667,206.0363415,winter,NoMonsoon,0
2006-0702-PHL,PHL,Philippines,2006,12,27,12.44,124.77,"Kapalong area (Davao del Norte district, Region XI province), Tago area (Surigao del Sur district, Region XIII province), Sta. Josefa area (Agusan del Sur district, Region XIII province), Mondragon, Catarman, Pambujan, San Roque, Catubig, Silvino Lobos areas (Northern Samar district, Region VIII province)",Riverine flood,"Catarman, Lawugan, Subangdaku",0,415618,3395,89508986,511.5,70.06666667,41.69744444,winter,NoMonsoon,1
2006-0712-IND,IND,India,2006,8,1,18.1,81.53,"Orissa, Andhra Pradesh, Chhattisgarh provinces",Riverine flood,Unknown,185,2000000,0,1172878890,429.8333333,48.33333333,1254.5155,summer,monsoon,1
2006-0731-IND,IND,India,2006,3,9,22.172,95.434,"Madhya Pradesh, Maharashtra, Rajasthan provinces",Riverine flood,Unknown,61,0,0,1172878890,429.8333333,48.33333333,1254.5155,spring,NoMonsoon,0
2006-0732-CHN,CHN,China,2006,5,4,22.172,95.434,"Yangjiang, Maoming, Jiangmen, Zhanjiang districts (Guangdong Sheng province), Hunan Sheng, Guizhou Sheng provinces",Riverine flood,Unknown,16,0,57000,1311020000,511.5,70.06666667,2227.122359,spring,NoMonsoon,0
2006-0733-PAK,PAK,Pakistan,2006,8,3,22.172,95.434,Mardan district (North-West Frontier province),Riverine flood,Unknown,233,0,0,179682690,511.5,75.33333333,351.4056296,summer,monsoon,0
2006-0734-IND,IND,India,2006,10,1,22.172,95.434,Madhya Pradesh province,Flash flood,Unknown,39,0,0,1172878890,429.8333333,48.33333333,1254.5155,autumn,NoMonsoon,0
2006-0736-VNM,VNM,Viet Nam,2006,10,12,22.172,95.434,"Binh Dinh, Da Nang City, Gia Lai, Ha Tinh, Kon Tum, Nghe An, Quang Binh, Quang Nam, Quang Ngai, Quang Tri, Thua Thien - Hue, An Giang, Ba Ria-Vung Tau, Bac Lieu, Ben Tre, Binh Duong, Binh Phuoc, Binh Thuan, Ca Mau, Can Tho City, Dak Lak, Dak Nong, Dong Nai, Dong Thap, Hau Giang, Ho Chi Minh City, Khanh Hoa, Kien Giang, Lam Dong, Long An, Ninh Thuan, Phu Yen, Soc Trang, Tay Ninh, Tien Giang, Tra Vinh, Vinh Long, Bac Giang, Bac Kan, Bac Ninh, Cao Bang, Dien Bien, Ha Giang, Ha Nam, Ha Noi City, Ha Tay, Hai Duong, Hai Phong City, Hoa Binh, Hung Yen, Lai Chau, Lang Son, Lao Cai, Nam Dinh, Ninh Binh, Phu Tho, Quang Ninh, Son La, Thai Binh, Thai Nguyen, Thanh Hoa, Tuyen Quang, Vinh Phuc, Yen Bai provinces",Riverine flood,Mekong Delta,60,0,0,82167897,511.5,70.06666667,1358.849333,autumn,NoMonsoon,0
2007-0012-LKA,LKA,Sri Lanka,2007,1,12,6.71,80.95,"Walapane village (Nuwara Eliya district, Central province)",Riverine flood,Unknown,18,35000,0,20492545,511.5,70.06666667,119.3917143,winter,NoMonsoon,0
2007-0021-MYS,MYS,Malaysia,2007,1,11,2.19,103.37,"Johor, Pahang provinces",Riverine flood,"Sungai Johor, Sungai Setajam, Sungai Kampung Bukit Seruk",17,137533,605000,26998389,511.5,70.06666667,206.0363415,winter,NoMonsoon,1
2007-0022-PHL,PHL,Philippines,2007,1,10,7.71,125.22,"Agusan del Norte, Agusan del Sur districts (Region XIII province), Davao del Norte, Davao del Sur districts (Region XI province), Region VI, Region VII, Region VIII provinces",Riverine flood,"Agusan, Camboayon, Baubo",9,24508,4080,91075184,511.5,70.06666667,41.69744444,winter,NoMonsoon,0
2007-0024-YEM,YEM,Yemen,2007,1,1,15.1,43.88,"Rayma, Dhamar provinces",Riverine flood,Unknown,7,2000,0,24318082,706.5,89,328.7334667,winter,NoMonsoon,0
2007-0050-IDN,IDN,Indonesia,2007,1,31,-6.22,106.83,"Kota Jakarta Barat, Kota Jakarta Selatan districts (Dki Jakarta province), Tangerang district (Banten province), Bekasi, Bogor, Kota Depok districts (Jawa Barat province)",Riverine flood,"Ciliwung, Pesangrahan, Krukut, Cisadane",68,217086,971000,237062337,511.5,70.06666667,48.10376923,winter,NoMonsoon,1
2007-0086-IDN,IDN,Indonesia,2007,3,1,-8.57,120.76,"Reok, Cibal, Wae Ri'i, Lamba Leda, Poco Renaka, Ruteng, Langke Rembong, Kota Komba, Sambi Rampas areas (Manggarai district, Nusatenggara Timur province), Manggarai Barat district (Nusatenggara Timur province) (East Nusa Tengarra province, Flores Isl.))",Flash flood,Wae Pesi,74,11530,0,237062337,511.5,70.06666667,48.10376923,spring,NoMonsoon,0
2007-0103-YEM,YEM,Yemen,2007,3,23,16.57,49.13,"Hadramaut, Ibb provinces",Flash flood,Unknown,36,600,0,24318082,706.5,89,328.7334667,spring,NoMonsoon,0
2007-0105-AFG,AFG,Afghanistan,2007,3,18,33.25,64.89,"Badghis, Uruzgan, Hilmand, Hirat, Ghor, Nimroz provinces",Riverine flood,Helmand river,104,20000,0,25909852,526,70.06666667,68.6501,spring,NoMonsoon,0
2007-0142-THA,THA,Thailand,2007,4,14,7.44,99.65,"Sai Rung, Phrai Sawan areas (Yan Ta Khao district, Trang province)",Flash flood,Unknown,38,0,0,67102394,511.5,70.06666667,454.353,spring,NoMonsoon,0
2007-0161-BGD,BGD,Bangladesh,2007,6,11,22.4,91.95,Chittagong district (Chittagong province),Riverine flood,Unknown,120,80000,14000,147989278,511.5,70.06666667,11968.294,summer,monsoon,0
2007-0161-MMR,MMR,Myanmar,2007,6,11,22.172,95.434,Rakhine province,Riverine flood,Mayu river,0,0,0,48125043,511.5,70.06666667,4552.1444,summer,monsoon,0
2007-0166-CHN,CHN,China,2007,6,1,27.2,116.14,Jiangxi Sheng province,Riverine flood,Unknown,0,250000,13000,1317885000,511.5,70.06666667,2227.122359,summer,monsoon,1
2007-0168-TUR,TUR,Türkiye,2007,5,27,39.4,43.8,"Ugurtas, Kacmaz, Karlica Demirkapi, Seyithanbey, Danakiran, Karayseyitali villages (Habur area, Hamur district, Agri province), Ercis area (Ercis district, Van province), Kalkanli area (Hizan district, Bitlis province), Bilek area (Sehitkamil district, Gaziantep province)",Riverine flood,Unknown,13,750,0,70158112,713.75,103.25,118.8255714,spring,NoMonsoon,0
2007-0172-CHN,CHN,China,2007,5,24,30.28,107.78,"Garze Tibetan, Liangshan Yi, Ya'an districts (Sichuan Sheng province), Chongqing Shi province",Flash flood,Unknown,43,2300000,78000,1317885000,511.5,70.06666667,2227.122359,spring,NoMonsoon,1
2007-0175-IDN,IDN,Indonesia,2007,5,15,-0.19,116.92,"Kutai Barat, Kutai Kartanegara districts (Kalimantan Timur province)",Riverine flood,Mahakam river,4,60000,0,237062337,511.5,70.06666667,48.10376923,spring,NoMonsoon,0
2007-0178-AFG,AFG,Afghanistan,2007,5,14,36.52,70.6,"Badakhshan, Takhar provinces",Flash flood,Unknown,23,2000,0,25909852,526,70.06666667,68.6501,spring,NoMonsoon,0
2007-0181-THA,THA,Thailand,2007,5,11,17.21,100.34,"Phichit, Phrae, Uttaradit, Nakhon Sawan, Nan, Phitsanulok provinces",Riverine flood,"Yom, Nan, Chao Phraya",0,1000,0,67102394,511.5,70.06666667,454.353,spring,NoMonsoon,0
2007-0185-AFG,AFG,Afghanistan,2007,5,5,36.29,68.85,"Samangan, Baghlan, Takhar provinces",Riverine flood,Samagan river,10,630,0,25909852,526,70.06666667,68.6501,spring,NoMonsoon,0
2007-0186-MMR,MMR,Myanmar,2007,5,3,16.91,96.13,Yangon province,Riverine flood,Unknown,5,3000,0,48125043,511.5,70.06666667,4552.1444,spring,NoMonsoon,0
2007-0187-LKA,LKA,Sri Lanka,2007,5,2,6.49,80.08,"Galle district (Southern province), Western province",Flash flood,Unknown,15,121000,50,20492545,511.5,70.06666667,119.3917143,spring,NoMonsoon,1
2007-0192-AFG,AFG,Afghanistan,2007,4,23,37.01,70.73,"Kura Bala, Murcha Dara and Alqajar villages (Shahr-e-Buzorg district, Badakhshan province), Keshem, Yamgan, Jorm, Argo, Koran wa Monjan, Baharak districts (Badakhshan province)",Flash flood,Unknown,36,0,0,25909852,526,70.06666667,68.6501,spring,NoMonsoon,0
2007-0195-KGZ,KGZ,Kyrgyzstan,2007,4,17,40.63,73.83,"Jalal-Abad, Osh provinces",Riverine flood,Unknown,0,845,200,5268385,511.5,70.06666667,70.61607143,spring,NoMonsoon,0
2007-0196-TJK,TJK,Tajikistan,2007,4,16,39.35,69.46,"Leninskiy, Tursunzade, Varzob, Kofarnohon districts (Tadzhikistan Territories province)",Riverine flood,Unknown,1,17184,0,7194477,511.5,70.06666667,160.48125,spring,NoMonsoon,0
2007-0225-IND,IND,India,2007,6,18,26.26,94.02,"Lakhimpur, Dhemaji, Cachar, Karimganj, Hailakandi, Darrang, Dibrugarh districts (Assam province)",Riverine flood,Brahmaputra and tributaries,15,200000,0,1190676021,429.8333333,48.33333333,1254.5155,summer,monsoon,1
2007-0238-IND,IND,India,2007,7,1,22.02,72.25,"Junagadh district (Daman and Diu province), Amreli, Bhavnagar, Jamnagar, Junagadh, Porbandar, Rajkot, Surendranagar districts (Gujarat province), Rajasthan, Madhya Pradesh",Riverine flood,Pooma,225,63000,0,1190676021,429.8333333,48.33333333,1254.5155,summer,monsoon,0
2007-0239-IND,IND,India,2007,7,1,21.03,77.52,"Amravati, Mumbai City, Mumbai Suburban, Raigarh, Ratnagiri, Sindhudurg, Thane districts (Maharashtra province)",Riverine flood,Unknown,62,10000,0,1190676021,429.8333333,48.33333333,1254.5155,summer,monsoon,0
2007-0240-IND,IND,India,2007,6,30,20.05,81.86,"Raipur, Bilaspur, Mahasamund, Durg districts (Chhattisgarh province)",Riverine flood,Mahanadi and tributaries,29,50000,0,1190676021,429.8333333,48.33333333,1254.5155,summer,monsoon,0
2007-0241-PAK,PAK,Pakistan,2007,6,28,34.27,71.87,"Landi Kotal, Jamrud villages (Peshawar district, North-West Frontier province), Chrasadda, Kohistan, Upper Dir districts (North-West Frontier province), Khyber Agency district (Federally Administered Tribal Areas province)",Riverine flood,"Shah Alam, Naguman, Swat, Jamrud, Kabul",130,2000,0,184493231,511.5,75.33333333,351.4056296,summer,monsoon,0
2007-0242-IRN,IRN,Iran (Islamic Republic of),2007,6,27,33.75,52.2,"Kashan, Qohrud, Jarinan areas (Kashan districts, Esfahan province)",Flash flood,Unknown,12,0,22000,74602648,650.625,84.25,61.52216667,summer,monsoon,0
2007-0248-AFG,AFG,Afghanistan,2007,6,24,35.28,71.14,"Chapadara, Dara-e-Pech districts (Kunar Province), Khoshan village (Qarabagh District, Kabul Province), Surkh-e-Parsa, Salang districts (Parwan province), Jamal Agha area (Hisa-e-Duwun-e-Kohestan district, Kapisa province), Nejrab, Hisa-e-Awal-e-Kohestan districts (Kapisa province), Emamsaheb, Qala-e-Zal districts (Kunduz province), Rukha, Onaba districts (Panjsher province), Kama District (Nangarrhar province), Wardak, Logar, Laghman provinces",Riverine flood,"Oxus, Pech, Panjsher, Kunar",113,4000,0,25909852,526,70.06666667,68.6501,summer,monsoon,0
2007-0249-PAK,PAK,Pakistan,2007,6,23,22.172,95.434,"Karachi Central, Karachi East, Karachi South, Karachi West, Malir districts (Sindh province)",Riverine flood,Unknown,228,0,0,184493231,511.5,75.33333333,351.4056296,summer,monsoon,0
2007-0250-IND,IND,India,2007,6,22,14.94,78.16,"Kurnool, Mahbubnagar, Guntur, Prakasam, East Godavari, West Godavari, Anantapur, Cuddapah districts (Andhra Pradesh province), Thrissur district (Kerala province), Belgaum, Bijapur, Bagalkot, Kodagu, Hassan, Mysore districts (Karnataka province), Mumbai City, Pune districts (Maharashtra province)",Flash flood,"Krishna, Godavari and tributaries",127,200000,0,1190676021,429.8333333,48.33333333,1254.5155,summer,monsoon,1
2007-0255-PAK,PAK,Pakistan,2007,6,16,34.98,72.23,"Baidara, Barinjal villages (Swat district, North-West Frontier province)",Flash flood,Swat,22,500,0,184493231,511.5,75.33333333,351.4056296,summer,monsoon,0
2007-0268-CHN,CHN,China,2007,6,15,22.172,95.434,"Sichuan Sheng, Anhui Sheng, Hubei Sheng, Shaanxi Sheng, Henan Sheng, Jiangsu Sheng, Shandong Sheng provinces",Riverine flood,Unknown,535,105000000,4425655,1317885000,511.5,70.06666667,2227.122359,summer,monsoon,1
2007-0283-IDN,IDN,Indonesia,2007,7,15,22.172,95.434,Donggala district (Sulawesi Tengah province),Riverine flood,Unknown,58,5000,0,237062337,511.5,70.06666667,48.10376923,summer,monsoon,0
2007-0284-PAK,PAK,Pakistan,2007,7,20,22.172,95.434,"Oshai Darray village (Upper Dir district, North -West Frontier province)",Flood (General),Unknown,80,0,0,184493231,511.5,75.33333333,351.4056296,summer,monsoon,0
2007-0307-NPL,NPL,Nepal,2007,7,23,27.78,84.08,"Mahottari, Dhanusha, Sindhuli areas (Janakpur district, Central province), Jhapa area (Mechi district, Eastern province), Sunsari area (Koshi district, Eastern province), Nawalparasi, Gulmi areas (Lumbini district, Western province), Dang area (Rapti district, Mid Western province), Solukhumbu area (Sagarmatha district, Eastern province)",Riverine flood,"Ratu, Bigahi rivers",214,640658,2400,26788492,511.5,70.06666667,328.7334667,summer,monsoon,1
2007-0309-IDN,IDN,Indonesia,2007,7,25,-3.28,120.2,"Larompong, Suli areas (Luwu district, Sulawesi Selatan province)",Riverine flood,Unknown,15,2000,0,237062337,511.5,70.06666667,48.10376923,summer,monsoon,0
2007-0311-BGD,BGD,Bangladesh,2007,7,21,23.92,91.23,"Goalanda village (Goalandaghat area, Rajbari district, Dhaka province), Aricha port (Shibalaya area, Manikganj district, Dhaka province), Bhagyakul village (Sreenagar area, Munshiganj district, Dhaka province), Bandarban, Feni, Comilla districts (Chittagong province), Sirajganj district (Rajshahi province), Rangpur province",Riverine flood,Brahmaputra-Jamuna and Ganges-Padma tributaries,1110,13771380,100000,147989278,511.5,70.06666667,11968.294,summer,monsoon,1
2007-0311-IND,IND,India,2007,7,21,23.92,91.23,"Udaipur, Amarpur cities (South Tripura district, Tripura province), Sonamura citiy (West Tripura district, Tripura province)",Riverine flood,Unknown,0,0,0,1190676021,429.8333333,48.33333333,1254.5155,summer,monsoon,0
2007-0312-IDN,IDN,Indonesia,2007,7,22,-1.74,121.49,"Morowali, Donggala, Parigimoutong, Poso, Tojounauna, Banggai, Toli-toli districts (Sulawesi Tengah province)",Riverine flood,Solato,88,3377,0,237062337,511.5,70.06666667,48.10376923,summer,monsoon,0
2007-0313-CHN,CHN,China,2007,7,18,24.1,100.16,"Tengchong Xian area (Baoshan district, Yunnan Sheng province), Fuyuan Xian area (Qujing district, Yunnan Sheng province), Yuanjiang Hani-Yi-Dai Zizhi area (Yuxi district, Yunnan Sheng province), Pu'er, Dehong Dai and Jingpo, Lincang districts (Yunnan Sheng province)",Riverine flood,Unknown,170,386000,40000,1317885000,511.5,70.06666667,2227.122359,summer,monsoon,1
2007-0314-CHN,CHN,China,2007,7,18,36.68,119.23,"Jinan, Qingdao, Yantai, Zibo districts (Shandong Sheng province)",Riverine flood,Unknown,83,112600,329000,1317885000,511.5,70.06666667,2227.122359,summer,monsoon,1
2007-0315-CHN,CHN,China,2007,7,14,43.09,88.21,"Luntai Xian, Ruoqiang Xian areas (Bayin'gholin Mongol district, Xinjiang Uygur Zizhiqu province), Huocheng Xian area (Ili Kazakh district, Xinjiang Uygur Zizhiqu province), Kanas, Burqin areas (Altay district, Xinjiang Uygur Zizhiqu province), Changji Hui, Hami, Urumqi districts (Xinjiang Uygur Zizhiqu province)",Riverine flood,Unknown,29,350000,80000,1317885000,511.5,70.06666667,2227.122359,summer,monsoon,1
2007-0316-AFG,AFG,Afghanistan,2007,7,15,34.53,66.13,Lal wa Sarjangal district (Ghor Province),Flash flood,Unknown,9,0,0,25909852,526,70.06666667,68.6501,summer,monsoon,0
2007-0318-MMR,MMR,Myanmar,2007,7,6,18.52,95.32,"Arakann, Yangon provinces",Riverine flood,Unknown,0,97628,0,48125043,511.5,70.06666667,4552.1444,summer,monsoon,0
2007-0319-JPN,JPN,Japan,2007,7,4,22.172,95.434,"Ehime, Hukuoka, Kagawa, Kagosima, Kooti, Kumamoto, Miyazaki, Nagasaki, Ooita, Saga, Tokusima provinces",Riverine flood,Unknown,2,10000,0,128001000,511.5,70.06666667,108.9076711,summer,monsoon,0
2007-0320-IND,IND,India,2007,7,3,22.63,88.49,"Bihar, Uttar Pradesh, Assam, Orissa, West Bengal provinces",Riverine flood,"Ganga, Brahmaputra, Meghana rivers",1103,18700000,0,1190676021,429.8333333,48.33333333,1254.5155,summer,monsoon,1
2007-0323-VNM,VNM,Viet Nam,2007,8,5,22.172,95.434,"Dak Lak, Lam Dong, Ha Tinh provinces",Coastal flood,Unknown,74,416000,130000,83633375,511.5,70.06666667,1358.849333,summer,monsoon,1
2007-0330-TUR,TUR,Türkiye,2007,8,3,22.172,95.434,"Aliceyrek, Akkeran, Danisment areas (Horasan district, Erzurum province)",Riverine flood,Unknown,2,150,0,70158112,713.75,103.25,118.8255714,summer,monsoon,0
2007-0333-CHN,CHN,China,2007,7,29,22.172,95.434,"Lushi Xian area (Sanmenxia district, Henan Sheng province)",Riverine flood,Unknown,96,0,0,1317885000,511.5,70.06666667,2227.122359,summer,monsoon,0
2007-0348-PAK,PAK,Pakistan,2007,8,10,22.172,95.434,"Karachi Central, Karachi East, Karachi South, Karachi West districts (Sindh province)",Flash flood,Unknown,44,0,327118,184493231,511.5,75.33333333,351.4056296,summer,monsoon,0
2007-0352-PRK,PRK,Democratic People's Republic of Korea,2007,8,7,38.53,126.61,"Kangwon-do, Hwanghae-bukto, Hamgyong-namko provinces",Riverine flood,"Taedong-gang, Imjin",610,1000000,300000,24646383,511.5,70.06666667,72.38114286,summer,monsoon,1
2007-0364-IND,IND,India,2007,8,12,31.24,76.53,Himachal Pradesh province,Riverine flood,"Tawi, Sutlej, Basantar",76,15000,0,1190676021,429.8333333,48.33333333,1254.5155,summer,monsoon,0
2007-0367-MDV,MDV,Maldives,2007,5,15,22.172,95.434,"Gaafu Dhaalu, Dhaalu, Thaa, Laamu provinces",Coastal flood,Unknown,0,1649,0,324479,511.5,70.06666667,328.7334667,spring,NoMonsoon,0
2007-0398-TLS,TLS,Timor-Leste,2007,6,15,22.172,95.434,"Covalima, Manatuto, Ermera, Manufahi, Baucau, Viqueque provinces",Riverine flood,Unknown,1,947,0,1004889,511.5,70.06666667,328.7334667,summer,monsoon,0
2007-0405-CHN,CHN,China,2007,8,22,27.72,104.07,"Yibin, Xinshizhen, Pingshan areas (Yibin district, Sichuan Sheng province), Zhaotong district (Yunnan Sheng province)",Riverine flood,Unknown,17,213000,5500,1317885000,511.5,70.06666667,2227.122359,summer,monsoon,1
2007-0406-YEM,YEM,Yemen,2007,8,1,15.08,45.73,Sana’a province,Riverine flood,Unknown,50,0,0,24318082,706.5,89,328.7334667,summer,monsoon,0
2007-0409-MMR,MMR,Myanmar,2007,8,14,22.172,95.434,"Athok village (Yekyi area, Pathein district, Ayeyawaddy province), Kachin province",Riverine flood,Irrawaddy,0,61689,0,48125043,511.5,70.06666667,4552.1444,summer,monsoon,0
2007-0410-KHM,KHM,Cambodia,2007,8,10,13.28,105.88,"Kampong Thom, Ratanak Kiri, Preah Vihear provinces",Riverine flood,Unknown,2,19000,1000,13841770,511.5,70.06666667,3965.6898,summer,monsoon,0
2007-0412-PAK,PAK,Pakistan,2007,8,12,35.95,74.34,"Rah Nolia, Rano Mera villages (Kohistan district, North-West Frontier province)",Riverine flood,Unknown,22,0,0,184493231,511.5,75.33333333,351.4056296,summer,monsoon,0
2007-0414-CHN,CHN,China,2007,8,9,36.37,118.72,"Yantai, Weihai districts (Shandong Sheng province)",Riverine flood,Unknown,26,2430000,0,1317885000,511.5,70.06666667,2227.122359,summer,monsoon,1
2007-0415-IND,IND,India,2007,8,8,22.68,70.93,Gujarat province,Riverine flood,Unknown,16,0,0,1190676021,429.8333333,48.33333333,1254.5155,summer,monsoon,0
2007-0446-THA,THA,Thailand,2007,9,5,16.82,102.48,"Phetchabun, Loei, Kalasin, Mukdahan, Chiang Rai, Phichit provinces",Riverine flood,"Mae Khong, Kwai Noi, Kam, Chi, Yom, Wangthong",10,17000,0,67102394,511.5,70.06666667,454.353,autumn,monsoon,0
2007-0447-IDN,IDN,Indonesia,2007,9,2,-1.08,116.72,"Pasir, Kota Balikpapan districts (Kalimantan Timur province)",Flood (General),Unknown,4,1000,0,237062337,511.5,70.06666667,48.10376923,autumn,monsoon,0
2007-0448-CHN,CHN,China,2007,8,31,32.78,108.87,Ankang district (Shaanxi Sheng province),Riverine flood,Unknown,11,0,26000,1317885000,511.5,70.06666667,2227.122359,summer,monsoon,0
2007-0467-IND,IND,India,2007,9,22,20.91,86.4,"Baleshwar, Kendrapara, Bhadrak, Jagatsinghpur, Jajpur, Mayurbhanj, Khordha, Cuttack, Puri, Kandhamal districts (Orissa province), Kolkata, South 24 Parganas, East Midnapore, West Midnapore, Hughli districts (West Bengal province)",Coastal flood,"Brahmani, Baitarani, Burhabalang, Budhabalanga, Suvarnarekha, Kalo, Sunei, Jalaka, Kansabansha (Orissa), Hugli, Kangsabati, Keleghai, Silabati, Subarnarekha, Dulung, Bhagirathihad, Bhagirathiis, Bhagirati (West Be,gal",80,7200000,275000,1190676021,429.8333333,48.33333333,1254.5155,autumn,monsoon,1
2007-0469-IND,IND,India,2007,9,16,15.71,79.88,"Kurnool, Cuddapah, Warangal, Nalgonda, Karimnagar, Mahbubnagar, Anantapur, Nellore, Krishna districts (Andhra Pradesh province), Gadag district (Karnataka province)",Riverine flood,"Tungabhadra, Pennar, Hundri, Kundu",94,20000,0,1190676021,429.8333333,48.33333333,1254.5155,autumn,monsoon,0
2007-0512-VNM,VNM,Viet Nam,2007,10,14,15.87,107.78,"Thua Thien - Hue, Quang Ngai, Quang Tri, Quang Nam provinces",Riverine flood,Huong,15,22000,10000,83633375,511.5,70.06666667,1358.849333,autumn,NoMonsoon,0
2007-0522-VNM,VNM,Viet Nam,2007,10,28,16.32,107.36,"Thua Thien-Hue, Quang Ngai, Quang Nam, Quan Binh provinces",Riverine flood,"Thu Bon, Vu Gia, O Lau, Thach Han, Kien Giang",83,94000,300000,83633375,511.5,70.06666667,1358.849333,autumn,NoMonsoon,0
2007-0524-IND,IND,India,2007,10,27,12.73,79.7,"Andhra Pradesh, Tamil Nadu province",Riverine flood,"Mamidikalva and other canals at Naidupet, Pannaiyar, Vellar, Gedilam, Paravanarul, Kollidam, Old Kollidam and the Manimautharu",29,50000,0,1190676021,429.8333333,48.33333333,1254.5155,autumn,NoMonsoon,0
2007-0525-PHL,PHL,Philippines,2007,10,27,13.36,123.38,"Baao, Bato, Nabua, Buhi, Bula, Pili, Bombon, Cabusao, Calabanga, Camaligan, Canaman, Gainza, Libmanan, Magarao, Milaor, Minalabac, San Fernando, Iriga City and Naga City areas (Camarines Sur district, Region V province), Libon, Ligao City, Oas, Polangui. Ligao City areas (Albay district, Region V province), Baras, Bato, San Miguel, San Andres, Caramoran areas (Catanduanes district, Region V province)",Riverine flood,Nagar,20,0,0,91075184,511.5,70.06666667,41.69744444,autumn,NoMonsoon,0
2007-0530-THA,THA,Thailand,2007,10,22,9.72,99,"Chumphon, Surat Thani provinces",Riverine flood,Unknown,2,100000,1500,67102394,511.5,70.06666667,454.353,autumn,NoMonsoon,0
2007-0531-VNM,VNM,Viet Nam,2007,10,20,11.01,105.51,"Dong Thap, An Giang, Kien Giang provinces",Flood (General),"Mekong, Tien, Hau",3,280000,0,83633375,511.5,70.06666667,1358.849333,autumn,NoMonsoon,1
2007-0553-PHL,PHL,Philippines,2007,11,18,8.796,124.833,"Iligan City area (Lanao Del Norte district, Region X province), Lugait area (Misamis Oriental district, Region X province), Surigao, Tagana-an, Placer areas (Surigao del Norte district, Region XIII province), Polomolok area (South Cotabato district, Region XIII province), Region VII (Central Visayas) province",Coastal flood,Tubod and mandulog rivers,11,16463,2520,91075184,511.5,70.06666667,41.69744444,autumn,NoMonsoon,0
2007-0554-TUR,TUR,Türkiye,2007,11,16,41.74,26.62,"Marmaris, Bodrum districts (Mugla province), Tekirdag, Edirne provinces",Riverine flood,Tunca,1,2250,0,70158112,713.75,103.25,118.8255714,autumn,NoMonsoon,0
2007-0558-VNM,VNM,Viet Nam,2007,11,10,15.3,108.44,"Khanh Hoa, Quang Ngai, Binh Dinh, Quang Nam, Thua Thien-Hue, Ninh Thuan, Quang Tri, Da Nang City provinces",Coastal flood,"Cau, Huong, Kon, Da",55,150000,350000,83633375,511.5,70.06666667,1358.849333,autumn,NoMonsoon,1
2007-0577-PHL,PHL,Philippines,2007,11,28,22.172,95.434,"Sulu, Tawi-tawi districts (ARMM province), Ilocos Norte, La Union, Pangasinan districts (Region I province), Zamboanga Del Sur, Zamboanga del Norte districts (Region IX province), Antique, Negros Occidental districts (Region VI province), Negros Oriental district (Region VII province), Misamis Oriental, Camiguin districts (Region X province)",Coastal flood,Unknown,0,33571,0,91075184,511.5,70.06666667,41.69744444,autumn,NoMonsoon,0
2007-0596-IND,IND,India,2007,8,3,20.45,86.2,"Cuttack, Puri, Khordha, Jajpur, Jagatsinghpur districts (Orissa province)",Riverine flood,"Bansadhara, Subamarekha, Jalaka, Kharasrota, Brahmani",15,500000,0,1190676021,429.8333333,48.33333333,1254.5155,summer,monsoon,1
2007-0598-KOR,KOR,Republic of Korea,2007,9,4,33.4,126.72,Cheju-do province,Flood (General),Unknown,3,1000,0,48683638,511.5,70.06666667,213.3785,autumn,monsoon,0
2007-0602-IND,IND,India,2007,7,12,27.58,95.26,"Assam, Arunachal Pradesh, Meghalaya, Manipur provinces",Riverine flood,Unknown,96,11100000,0,1190676021,429.8333333,48.33333333,1254.5155,summer,monsoon,1
2007-0603-IND,IND,India,2007,7,16,10.39,76.31,Kerala province,Riverine flood,Unknown,44,35000,101151,1190676021,429.8333333,48.33333333,1254.5155,summer,monsoon,0
2007-0609-LKA,LKA,Sri Lanka,2007,12,16,7.72,81.4,"Batticaloa, Ampara districts (Eastern province)",Riverine flood,Unknown,0,250000,0,20492545,511.5,70.06666667,119.3917143,winter,NoMonsoon,1
2007-0610-IDN,IDN,Indonesia,2007,12,25,-7.54,111.33,"Banyumas, Batang, Blora, Demak, Cilacap, Grobodan, Karanganyar, Klaten, Kota Surakarta, Kudus, Pati, Pekalongan, Pemalang, Sragen, Sukoharjo, Tegal, Wonogiri districts (Jawa Tengah province), Bojonegoro, Gresik, Jember, Jombang, Lamongan, Lumajang, Madiun, Magetan, Mojokerto, Ngawi, Pacitan, Ponogoro, Trenggalek, Tuban, Tulungagung districts (Jawa Timur province), Kota Padang district (Sumatera Barat province)",Riverine flood,"Bengawan Solo, Amprong, Madiun, Grindalu, Lusi",127,259545,0,237062337,511.5,70.06666667,48.10376923,winter,NoMonsoon,1
2007-0611-MYS,MYS,Malaysia,2007,12,7,3.89,102.93,"Johor, Kelantan, Pahang, Terengganu provinces",Riverine flood,"Segamat, Muar. Rasau, Paloh, Kelantan, Chodan, Muar, Plentong, Golok, Triang, Pahang, Gadak, Durian",29,0,363000,26998389,511.5,70.06666667,206.0363415,winter,NoMonsoon,0
2007-0611-THA,THA,Thailand,2007,12,7,3.89,102.93,"Narathiwat, Yala, Songkhla provinces",Riverine flood,"Kolok, Sai Buri, Pattani",3,65000,0,67102394,511.5,70.06666667,454.353,winter,NoMonsoon,0
2007-0661-TJK,TJK,Tajikistan,2007,7,22,22.172,95.434,Ashtskiy district (Sogd province),Flood (General),Unknown,21,0,0,7194477,511.5,70.06666667,160.48125,summer,monsoon,0
2007-0665-PHL,PHL,Philippines,2007,12,1,22.172,95.434,"Naujan, Victoria areas (Oriental Mindoro district, Region IV province)",Riverine flood,Unknown,0,12205,0,91075184,511.5,70.06666667,41.69744444,winter,NoMonsoon,0
2007-0672-AFG,AFG,Afghanistan,2007,4,30,22.172,95.434,"Wado Valley (Tala wa Barfak district, Baghlan province)",Flash flood,Unknown,1,125,0,25909852,526,70.06666667,68.6501,spring,NoMonsoon,0
2007-0683-IND,IND,India,2007,2,11,22.172,95.434,"Rajasthan, Uttar Pradesh, Madhya Pradesh, Jammu and Kashmir provinces",Flood (General),Unknown,40,0,0,1190676021,429.8333333,48.33333333,1254.5155,winter,NoMonsoon,0
2008-0013-IDN,IDN,Indonesia,2008,1,2,-6.23,106.83,"Bogor, Kota Depok districts (Jawa Barat province), Kota Jakarta Timur, Kota Jakarta Selatan districts (Dki Jakarta province), Tangerang district (Banten province)",Riverine flood,"Ciliwung, Cisadane, Sabi",0,1000,0,240157903,511.5,70.06666667,48.10376923,winter,NoMonsoon,0
2008-0042-IDN,IDN,Indonesia,2008,2,1,-6.19,106.85,"Kota Jakarta Barat, Kota Jakarta Pusat, Kota Jakarta Timur districts (Dki Jakarta province)",Riverine flood,Unknown,3,88261,0,240157903,511.5,70.06666667,48.10376923,winter,NoMonsoon,0
2008-0052-IDN,IDN,Indonesia,2008,1,30,-7.71,112.91,Pasuruan district (Jawa Timur province),Riverine flood,Unknown,3,40000,653,240157903,511.5,70.06666667,48.10376923,winter,NoMonsoon,0
2008-0067-IDN,IDN,Indonesia,2008,2,8,-7.74,114,Situbondo district (Jawa Timur province),Flash flood,"Sampeyan, Pelegangan",14,7000,0,240157903,511.5,70.06666667,48.10376923,winter,NoMonsoon,0
2008-0077-PHL,PHL,Philippines,2008,2,12,11.64,125.22,"Naujan, Baco areas (Mindoro Oriental district, Region IV province), Albay, Camarines Sur, Camarines Norte, Sorgoson, Catanduanes districts (Region V province), Capiz district (Region VI province), Eastern Samar, Northern Samar, Samar, Leyte districts (Region VIII province), Misamis Oriental, Lanao del Norte districts (Region X province), Sultan Kudarat district (Region XII province)",Riverine flood,"Samar, Bicol",63,875306,30733,92699095,511.5,70.06666667,41.69744444,winter,NoMonsoon,1
2008-0092-IDN,IDN,Indonesia,2008,2,11,-6.8,111.06,"Jepara, Pati districts (Jawa Tengah province), Ende, Ngada, Sikka, Sumba Barat, Timor Tengah Utara, Kupang districts (Nusatenggara Timur province)",Riverine flood,Unknown,11,3500,0,240157903,511.5,70.06666667,48.10376923,winter,NoMonsoon,0
2008-0095-KAZ,KAZ,Kazakhstan,2008,2,20,42.3,68.55,"Saryaghash, Ordabasy, Arys, Shymkent City area, Shardara districts (Yujno-kazachstanskaya province), Kyzylordinskaya province",Riverine flood,Syr Darya,1,13000,130000,16426525,547,68,62.81446154,winter,NoMonsoon,0
2008-0108-IDN,IDN,Indonesia,2008,3,1,-7.13,112.37,"Boyolali, Klaten, Kota Surakarta, Sukoharjo districts (Jawa Tengah province), Bojonegoro, Lamongan, Ngawi districts (Jawa Timur province)",Riverine flood,"Bengawan Solo, Mengawan Madiun",3,12000,0,240157903,511.5,70.06666667,48.10376923,spring,NoMonsoon,0
2008-0128-IDN,IDN,Indonesia,2008,3,10,0.54,101.78,"Kampar, Kota Pekanbaru, Kuantan Singingi districts (Riau province)",Riverine flood,"Siak, Rokan, Kampar, Indragiri",0,60000,0,240157903,511.5,70.06666667,48.10376923,spring,NoMonsoon,0
2008-0130-IND,IND,India,2008,3,20,10.76,78.72,"Tamil Nadu, Karnataka provinces",Flood (General),Bennihalla,37,10278,2000,1207930964,429.8333333,48.33333333,1254.5155,spring,NoMonsoon,0
2008-0132-LKA,LKA,Sri Lanka,2008,3,12,7.83,80.82,"Mannar district (Northern province), Ratnapura district (Sabaragamuwa province), Gampaha district (Western province), Puttalam district (North Western province), Uva, Eastern provinces",Riverine flood,"Kampiyankaddu, Parakramara Samidra, Nuwara Weva, Rajangane Tank, Badulu Oya",8,54323,0,20629378,511.5,70.06666667,119.3917143,spring,NoMonsoon,0
2008-0176-IDN,IDN,Indonesia,2008,4,23,4.65,95.77,Aceh Barat district (Nangroe Aceh Darussalam province),Flash flood,Unknown,0,34514,0,240157903,511.5,70.06666667,48.10376923,spring,NoMonsoon,0
2008-0185-KOR,KOR,Republic of Korea,2008,5,4,22.172,95.434,Boryeong city (Chungchongnam-do province),Coastal flood,Unknown,10,0,0,49054708,511.5,70.06666667,213.3785,spring,NoMonsoon,0
2008-0208-PAK,PAK,Pakistan,2008,5,24,22.172,95.434,"Madyan village (Swat district, North-West Frontier province)",Riverine flood,Unknown,10,0,0,189499113,511.5,75.33333333,351.4056296,spring,NoMonsoon,0
2008-0212-CHN,CHN,China,2008,5,27,22.172,95.434,"Guizhou Sheng, Hubei Sheng, Guangxi Zhuangzu Zizhiqu, Hunan Sheng, Jiangxi Sheng, Guangdong Sheng, Sichuan Sheng, Chongquing Shi, Shaanxi Sheng provinces",Riverine flood,Unknown,64,538000,0,1324655000,511.5,70.06666667,2227.122359,spring,NoMonsoon,1
2008-0224-LKA,LKA,Sri Lanka,2008,5,29,7.18,80.77,"Galle, Matara districts (Southern province), Puttalam district (North Western province), Nuwara Eliya district (Central province), Sabaragamuwa, Western provinces",Flash flood,Unknown,25,362582,0,20629378,511.5,70.06666667,119.3917143,spring,NoMonsoon,1
2008-0243-CHN,CHN,China,2008,6,7,22.172,95.434,"Guangzhou, Shenzhen, Zhuhai, Foshan, Jiangmen, Zhanjiang, Maoming, Zhaoqing, Yangjiang, Dongguan, Zhongshan, Yunfu districts (Guangdong Sheng province), Jiangxi Sheng, Guizhou Sheng, Yunnan Sheng, Zheijiang Sheng, Anhui Sheng, Hubei Sheng, Hunan Sheng, Guangxi Zhuangzu Zizhiqu provinces",Riverine flood,"Yellow river, Pearl river delta",176,1600000,2200000,1324655000,511.5,70.06666667,2227.122359,summer,monsoon,1
2008-0246-IND,IND,India,2008,6,11,25.18,91.54,"Lakhimpu, Dhemaji, Sonitpur districts (Assam province), West Bengal, Orissa, Bihar, Gujarat, Goa, Haryana, Kerala, Karnataka, Maharastra, Madhya Pradesh, Punjab, Rajasthan, Uttar Pradesh, Tamil Nadu, Arunachal Pradesh, Uttarakhand, Jharkhand provinces",Flash flood,Kelegai river,1063,7900000,123000,1207930964,429.8333333,48.33333333,1254.5155,summer,monsoon,1
2008-0262-VNM,VNM,Viet Nam,2008,5,11,12.14,107.83,"Dac Ngo village (Tuy Duc area, Dak R'Lap district, Dak Nong province)",Flash flood,Unknown,4,500,0,85175788,511.5,70.06666667,1358.849333,spring,NoMonsoon,0
2008-0263-CHN,CHN,China,2008,5,2,30.87,113.03,"Dangyang Shi area (Yichang district, Hubei Sheng province), Shayang Xian area (Jingmen district, Hubei Sheng province), Wuhan Shi area (Wuhan district, Hubei Sheng province)",Riverine flood,Unknown,3,780000,19000,1324655000,511.5,70.06666667,2227.122359,spring,NoMonsoon,1
2008-0271-NPL,NPL,Nepal,2008,7,15,22.172,95.434,"Kusaha, Laukahi, Ghuski, Shripur, Haripur, Narsingha, Madhuban, Basantapur villages (Sunsari area, Koshi district, Eastern province), Dadeldhura area (Mahakali district, Far Western province), Siraha area (Sagarmatha district, Eastern province)",Riverine flood,Saptakoshi river,65,70000,29,26990037,511.5,70.06666667,328.7334667,summer,monsoon,0
2008-0285-BGD,BGD,Bangladesh,2008,6,26,22.172,95.434,"Cox's Bazar, Chittagong districts (Chittagong province)",Riverine flood,Unknown,16,0,0,149474264,511.5,70.06666667,11968.294,summer,monsoon,0
2008-0285-IND,IND,India,2008,7,5,22.172,95.434,"Assam, Bihar, Gujarat, Goa, Haryana, Jharkhand, Kerala, Karnataka, Maharashtra, Madhya Pradesh, Punjab, Orissa, Rajasthan, Uttarakhand, Uttar Pradesh, Tamil Nadu, West Bengal provinces",Riverine flood,Unknown,0,50000,0,1207930964,429.8333333,48.33333333,1254.5155,summer,monsoon,0
2008-0293-JPN,JPN,Japan,2008,7,28,35.88,136.38,"Koobesi_Higasinadaku, Koobesi_Hyoogoku, Koobesi_Kitaku, Koobesi_Nadaku, Koobesi_Nagataku, Koobesi_Nisiku, Koobesi_Sumaku, Koobesi_Tarumiku, Koobesi_Tyuuooku districts (Hyoogo province), Kanazawasi district (Isikawa province)",Riverine flood,Togagawa river,5,50000,0,128063000,511.5,70.06666667,108.9076711,summer,monsoon,0
2008-0347-PHL,PHL,Philippines,2008,6,6,22.172,95.434,"Bansalan area (Davao del Sur district, Region XI province)",Flash flood,Unknown,1,1000,0,92699095,511.5,70.06666667,41.69744444,summer,monsoon,0
2008-0350-PAK,PAK,Pakistan,2008,8,2,33.92,71.7,"Peshawar district (North-West Frontier province), Balochistan province",Riverine flood,Unknown,36,200000,103000,189499113,511.5,75.33333333,351.4056296,summer,monsoon,1
2008-0373-VNM,VNM,Viet Nam,2008,8,26,22.172,95.434,Ha Giang province,Riverine flood,Unknown,16,0,0,85175788,511.5,70.06666667,1358.849333,summer,monsoon,0
2008-0380-IRN,IRN,Iran (Islamic Republic of),2008,9,9,53.26,-1.8,"Farsan, Ardel districts (Chaharmahal-o bakhtiyar province)",Riverine flood,Unknown,19,200,0,75514204,650.625,84.25,61.52216667,autumn,monsoon,0
2008-0383-IDN,IDN,Indonesia,2008,9,6,0.68,122.52,"Limba B, Biwau, Biawao, Donggala, Limba U2, Moodu, Heledula Utara, Heledulaa Selatan, Ipilo, Bugis, Tenilo, Dembe Jaya II, Dembe Jaya, Wongkaditi Timur areas (Gorontalo district, Gorontalo province), Kota Gorotalo, Bonebolango districts (Gorontalo province), Sumatra Utara, Sulawesi Selatan, Maluku, Riau, Sulawesi Tengah, Jawa Barat, Kalimantan Selatan, Kalimantan Tengah, Kalimantan Timur provinces",Riverine flood,Unknown,16,118000,1080,240157903,511.5,70.06666667,48.10376923,autumn,monsoon,1
2008-0385-BGD,BGD,Bangladesh,2008,8,30,21.02,90.21,"Bogra, Sirajganj districts (Rajshahi province)",Riverine flood,"Teesta, Brahmaputra, Dharta",12,600000,0,149474264,511.5,70.06666667,11968.294,summer,monsoon,1
2008-0415-IND,IND,India,2008,9,5,16.65,81.38,"Khammam, West Godavari, Krishna, Guntur districts (Andhra Pradesh province)",Riverine flood,Munneru,74,0,0,1207930964,429.8333333,48.33333333,1254.5155,autumn,monsoon,0
2008-0416-CHN,CHN,China,2008,8,7,22.62,101.55,"Jinghong Shi area (Xishuangbanna Dai district, Yunnan Sheng province)",Riverine flood,Unknown,20,810000,42000,1324655000,511.5,70.06666667,2227.122359,summer,monsoon,1
2008-0417-IRN,IRN,Iran (Islamic Republic of),2008,8,7,39.24,44.69,Maku district (West Azarbayejan province),Riverine flood,Unknown,3,1200,0,75514204,650.625,84.25,61.52216667,summer,monsoon,0
2008-0423-IND,IND,India,2008,9,14,22.172,95.434,"Orissa, Uttar Pradesh, Himachal Pradesh provinces",Riverine flood,Unknown,173,0,0,1207930964,429.8333333,48.33333333,1254.5155,autumn,monsoon,0
2008-0430-THA,THA,Thailand,2008,9,13,22.172,95.434,"Phitsanulok, Lopburi, Phra Nakhon Si Ayudhya",Riverine flood,Unknown,18,839573,16000,67619830,511.5,70.06666667,454.353,autumn,monsoon,1
2008-0431-NPL,NPL,Nepal,2008,9,22,22.172,95.434,"Bardiya, Banke areas (Bheri district, Mid Western province), Dadeldhura, Kanchanpur areas (Mahakali district, Far Western province), Kailali, Doti areas (Seti district, Far Western province), Dang, Salyan areas (Rapti district, Mid Western province),",Riverine flood,Unknown,50,180000,0,26990037,511.5,70.06666667,328.7334667,autumn,monsoon,1
2008-0452-LAO,LAO,Lao People's Democratic Republic,2008,8,12,22.172,95.434,"Louangphabang, Louang-Namtha, Bokeo, Khammouan, Vientiane, Vientiane capital, Bolikhamxai, Houaphan, Xaignabouli, Savannakhet, Champasak provinces",Riverine flood,Mekong river,6,204190,0,6148969,511.5,70.06666667,1192.554816,summer,monsoon,1
2008-0481-VNM,VNM,Viet Nam,2008,10,19,14.9,107.46,"Nghe An, Thua Thien-Hue, Quang Tri, Quang Nam, Quang Ngai, Thanh Hoa provinces",Flash flood,Unknown,29,12000,4000,85175788,511.5,70.06666667,1358.849333,autumn,NoMonsoon,0
2008-0486-IND,IND,India,2008,8,30,22.044,94.55,"Muzaffarpur, Supaul, Patna, Katihar, Nalanda, Araria, Pashchim Champaran, Sheikhpura, Saharsa, Purnia, Saran, Begusarai, Bhagalpur, Madhepura, Vaishali, Khagaria districts (Bihar province), Assam province",Riverine flood,Brahmaputra river,47,2600000,20000,1207930964,429.8333333,48.33333333,1254.5155,summer,monsoon,1
2008-0488-AFG,AFG,Afghanistan,2008,8,15,22.172,95.434,Jalalabad district (Nangarhar province),Flash flood,Unknown,0,1000,0,26482622,526,70.06666667,68.6501,summer,monsoon,0
2008-0499-YEM,YEM,Yemen,2008,10,23,15.54,49.78,"Tarim, Sah, Shibam, Al Qatn, Wadi Al Ayn districts (Hadramaut province), Al Maharah, Taizz, Lahj, Al Mahwit provinces",Flash flood,Unknown,90,25000,400000,25111941,706.5,89,328.7334667,autumn,NoMonsoon,0
2008-0501-VNM,VNM,Viet Nam,2008,10,27,20.74,106.32,"Thai Nguyen, Vinh Phuc, Hoa Binh, Ninh Binh, Thanh Hoa, Nghe An, Ha Tinh, Quang Binh, Ha Nam, Ha Noi City provinces",Riverine flood,Unknown,99,600000,479000,85175788,511.5,70.06666667,1358.849333,autumn,NoMonsoon,1
2008-0507-CHN,CHN,China,2008,10,31,22.172,95.434,"Yunnan Sheng, Guangxi Zhuangzu Zizhiqu provinces",Riverine flood,Unknown,67,411000,29000,1324655000,511.5,70.06666667,2227.122359,autumn,NoMonsoon,1
2008-0519-CHN,CHN,China,2008,10,10,19.16,109.82,"Wenchang Shi, Qionghai Shi areas (Hainan district, Hainan Sheng province), Haikou district (Hainan Sheng province)",Riverine flood,Unknown,3,50000,0,1324655000,511.5,70.06666667,2227.122359,autumn,NoMonsoon,0
2008-0523-IRQ,IRQ,Iraq,2008,9,10,36.16,45.11,"Choman district (Erbil province), Pshdar district (Sulaymaniah province)",Riverine flood,Unknown,4,0,0,28971036,393,42,947.8885,autumn,monsoon,0
2008-0526-IDN,IDN,Indonesia,2008,11,15,22.172,95.434,"Campaka, Cibeber areas (Cianjur district, Java Barat province), Sumatera Barat, Bengkulu, Sulawesi Selatan, Sulawesi Tengah, Sulawasi Barat, Sulawesi Tenggara, Jawa Tengah, Jawa Timur, Kalimantan Timur provinces",Riverine flood,Unknown,33,83000,0,240157903,511.5,70.06666667,48.10376923,autumn,NoMonsoon,0
2008-0545-PHL,PHL,Philippines,2008,11,21,17.95,147.03,"Alcala, Amulung, Enrile, Gattaran, Iguig, Lasam, Claveria, Peablanca, Solana, Tuguegarao city, Tuao, Camalaniugan, Lallo, Baggao areas (Cagayan district, Region II province), Cauayan city, Quezon, Cabagan, Delfin Albano, Ilagan, Mallig, Tumauni, San Pablo, Sta. Maria, Sto. Thomas areas (Isabela district, Region II province), Casiguran, Dinalungan, Dilasag areas (Aurora district, Region III province), Rizal, Lubuagan areas (Kalinga district, CAR province)",Flash flood,Unknown,10,239763,4088,92699095,511.5,70.06666667,41.69744444,autumn,NoMonsoon,1
2008-0547-THA,THA,Thailand,2008,11,20,7.55,100.1,"Nakhon Si Thammarat, Surat Thani, Narathiwat, Phatthalung, Songkhla, Yala, Trang, Chumphon, Pattani provinces",Flash flood,Unknown,21,700000,11500,67619830,511.5,70.06666667,454.353,autumn,NoMonsoon,1
2008-0560-IND,IND,India,2008,11,27,22.172,95.434,"Thiruvallur, Thoothukudi, Villupuram, Ramanathapuram, Tirunelveli Kattabo, Pudukkottai, Kanniyakumari, Nagapattinam, Cuddalore, Chennai districts (Tamil Nadu province), Puducherry, Karaikal districts (Puducherry province)",Flash flood,Unknown,54,803740,0,1207930964,429.8333333,48.33333333,1254.5155,autumn,NoMonsoon,1
2008-0560-LKA,LKA,Sri Lanka,2008,11,22,8.57,80.8,"Chankanai, Chavakachcheri, Delft, Jaffna, Karaveddy, Kayts, Kopay, Maruthnkerny, Nallu, Point Pedro, Sandilipay, Tellipallai, Uduvil, Velanai, Karainagar areas (Jaffna district, Northern province), Manthai East, Thumukkai, Puthukkudiyirupp, Maritemepattu, Oddusuddan areas (Mullattivu district, Northern province), Madhu, Mannar, Manthai West, Musalai, Nanaddan areas (Mannar district, Northern province), Chilampattai, Gomarankadawela, Kantalai, Kinniya, Kuchaveli, Morawewa, Muttur, Padavi Sri Pura, Seruvila, Thampalakamam, Gravets areas (Trincomalee district, Eastern province)",Flash flood,Unknown,15,360000,0,20629378,511.5,70.06666667,119.3917143,autumn,NoMonsoon,1
2008-0570-MYS,MYS,Malaysia,2008,12,1,4.94,101.8,"Cherating area (Kuantan district, Pahang province), Kelantan, Terengganu provinces",Riverine flood,Unknown,0,2000,0,27570059,511.5,70.06666667,206.0363415,winter,NoMonsoon,0
2008-0571-PHL,PHL,Philippines,2008,12,1,17.2,121.8,"Region II (Cagayan Valley), Region V (Bicol region), Region XIII (Caraga), Region XI (Davao Region), Region III (Central Luzon), Region IV-A (Calabarzon), Region IV (Southern Tagalog) provinces",Riverine flood,Unknown,29,0,0,92699095,511.5,70.06666667,41.69744444,winter,NoMonsoon,0
2008-0591-PAK,PAK,Pakistan,2008,8,9,30.74,72.63,Rajanpur district (Punjab province),Riverine flood,Unknown,37,90752,0,189499113,511.5,75.33333333,351.4056296,summer,monsoon,0
2008-0598-CHN,CHN,China,2008,7,7,22.172,95.434,"Hubei Sheng, Yunnan Sheng provinces",Riverine flood,Yangtze river,19,3000000,102000,1324655000,511.5,70.06666667,2227.122359,summer,monsoon,1
2008-0607-VNM,VNM,Viet Nam,2008,12,25,18.89,107.06,"Phu Yen, Binh Dinh, Quang Binh, Quang Nam provinces",Riverine flood,Unknown,9,20000,0,85175788,511.5,70.06666667,1358.849333,winter,NoMonsoon,0
2008-0608-PHL,PHL,Philippines,2008,8,8,22.172,95.434,"Nueva Ecija, Tarlac, Pampanga, Bulacan districts (Region III province)",Riverine flood,Unknown,0,39530,0,92699095,511.5,70.06666667,41.69744444,summer,monsoon,0
2008-0611-PHL,PHL,Philippines,2008,1,18,22.172,95.434,"Asucion area (Davao del Norte district, Region XI province), Initao, Gitagum areas (Misamis Oriental district, Region X province)",Riverine flood,Unknown,0,29184,446,92699095,511.5,70.06666667,41.69744444,winter,NoMonsoon,0
2008-0615-IND,IND,India,2008,7,20,27.5,89.79,"Lakhimpur, Jorhat districts (Assam province), Uttar Pradesh, Bihar provinces",Riverine flood,Unknown,142,225000,0,1207930964,429.8333333,48.33333333,1254.5155,summer,monsoon,1
2008-0618-IDN,IDN,Indonesia,2008,10,15,22.172,95.434,"Jawa Tengah, Gorontalo, Kalimantan Barat, Sulawesi Tengah, Bali, Bengkulu, Banten, Sumatera Utara, Jawa Barat provinces",Riverine flood,Unknown,5,11000,0,240157903,511.5,70.06666667,48.10376923,autumn,NoMonsoon,0
2008-0620-PHL,PHL,Philippines,2008,6,17,22.172,95.434,"Manay area (Davao Oriental district, Region XI province), Braulio E. Dujali area (Davao del Norte district, Region XI province)",Riverine flood,Unknown,7,2390,173,92699095,511.5,70.06666667,41.69744444,summer,monsoon,0
2008-0622-PHL,PHL,Philippines,2008,9,4,22.172,95.434,"Pigcawayan, Midsayap, Pikit areas (North Cotabato district, Region XII province), Sultan Kudarat, Mother Kabuntalan, Northern Kabuntalan, Datu Odin Sinsuat areas (Shariff Kabunsuan district, ARMM province), Sultan Sabarongis, Rajah Buauan, Mamasapano, Datu Piang, Datu Anggal Midtimbang, Datu Saudi Ampatuan areas (Maguindanao district, ARMM province)",Riverine flood,Unknown,6,365675,4137,92699095,511.5,70.06666667,41.69744444,autumn,monsoon,1
2008-0634-MYS,MYS,Malaysia,2008,12,28,6.64,101.1,"Pahang, Kelantan, Terengganu, Sarawak provinces",Flash flood,Unknown,0,6000,0,27570059,511.5,70.06666667,206.0363415,winter,NoMonsoon,0
2008-0634-THA,THA,Thailand,2008,12,29,6.64,101.1,"Phatthalung, Yala, Narathiwat provinces",Flash flood,Unknown,0,32584,344,67619830,511.5,70.06666667,454.353,winter,NoMonsoon,0
2008-0635-IDN,IDN,Indonesia,2008,12,26,-3.33,103.14,Lombok Barat district (Nusatenggara Barat province),Riverine flood,Unknown,24,15000,0,240157903,511.5,70.06666667,48.10376923,winter,NoMonsoon,0
2009-0023-PHL,PHL,Philippines,2009,1,2,22.172,95.434,"Aringay area (La Union district, Region I province), Brroke's Point, Bataraza, Balabac areas (Palawan district, Region IV province), Labo area (Camarines Norte district, Region V province), Bagamanoc, Baras, Bato, Caramoran, Gigmoto, Pandan, Panganiban, San Andres, San Miguel, Viga, Virac areas (Catanduanes district, Region V province), Pontevedra, Panitan, Sigma, Dao, Cuartero areas (Capiz district, Region VI province), Amlan area (Negros Oriental district, Region VII province), Bobon, Catarman, Lavesares, Lope de Vega, Mondragon, Palapag, San Roque areas (Northern Samar district, Region VIII province), Cayagan de Oro City area (Misamis Oriental district, Region X province), Region XIII (Caraga) province",Riverine flood,Unknown,33,537976,6354,94384250,511.5,70.06666667,41.69744444,winter,NoMonsoon,1
2009-0026-PHL,PHL,Philippines,2009,1,9,22.172,95.434,"Malibago, Gumamela, Anahaw, Bagacay, Santa Cruz villages (Labo area, Camarines Norte district, Region V province)",Riverine flood,"Labo, Busigon rivers",0,1300,0,94384250,511.5,70.06666667,41.69744444,winter,NoMonsoon,0
2009-0027-PHL,PHL,Philippines,2009,1,8,22.172,95.434,"Poblacion, Mago-ong, Samburon baranguays villages (Linamon area, Labao del Norte district, Region X province)",Flash flood,Unknown,0,1345,0,94384250,511.5,70.06666667,41.69744444,winter,NoMonsoon,0
2009-0063-IDN,IDN,Indonesia,2009,1,27,-2.63,120.26,"Blora, Sragen, Bojonegoro, Jember, Ngawi, Pasuruan districts (Jawa Timur province), Luwu district (Sulawesi Selatan province)",Flash flood,Unknown,18,12000,0,243220028,511.5,70.06666667,48.10376923,winter,NoMonsoon,0
2009-0121-IDN,IDN,Indonesia,2009,3,26,6.55,106.36,"Cireundeu village (Tangerang district, Banten province)",Riverine flood,Unknown,64,1600,0,243220028,511.5,70.06666667,48.10376923,spring,NoMonsoon,0
2009-0139-AFG,AFG,Afghanistan,2009,4,4,22.172,95.434,"Daykundi, Kandahar, Hirat, Badakhshan provinces",Flash flood,Unknown,19,2500,0,27466101,526,70.06666667,68.6501,spring,NoMonsoon,0
2009-0149-PAK,PAK,Pakistan,2009,4,14,22.172,95.434,Mardan district (North-West Frontier province),Flash flood,Unknown,14,0,0,194376534,511.5,75.33333333,351.4056296,spring,NoMonsoon,0
2009-0168-AFG,AFG,Afghanistan,2009,3,25,33.07,63.59,"Kach Guzar, Nasrat Abad, Islam Abad, Sajadia, Kala Khan, Nasaji, Baba Alisher, Yolmarab, Abotaaleb, Walihaser neighborhoods (Mazar city, Mazar-e-Sharif district, Balkh province), Sari Asyab, Asyab Sharaf, Pashma Qala villages (Chemtal district, Balkh province), Kaj Guzar village (Nahr-e-Shahi district, Balkh province), Faryab, Badakhshan, Hirat, Samangan, Takhar, Badghis, Baghlan, Sar-e-Pul, Kunduz provinces",Riverine flood,Unknown,39,60000,20000,27466101,526,70.06666667,68.6501,spring,NoMonsoon,0
2009-0176-TJK,TJK,Tajikistan,2009,4,21,38.51,71.29,"Ismoily Somony borough (Dushanbe city, Leninskiy district, Tadzhikistan Territories province), Shahrinav, Tursunzade, Darbanskiy, Garmskiy, Tojikobod districts (Tadzhikistan Territories province), Ghozimalik, Piynjskiy, Kumsangirskiy districts (Khatlon province)",Riverine flood,Unknown,21,15000,1000,7490230,511.5,70.06666667,160.48125,spring,NoMonsoon,0
2009-0194-PHL,PHL,Philippines,2009,5,18,22.172,95.434,"Sultan Kudarat district (Region XII province) Maguindanao, Shariff Kabunsuan districts (ARMM province)",Flash flood,Unknown,0,34325,0,94384250,511.5,70.06666667,41.69744444,spring,NoMonsoon,0
2009-0195-PHL,PHL,Philippines,2009,5,18,22.172,95.434,"Brgys Mahayahay, Pugaan, Tambacan, Ubaldo Laya, Pala-o, Tipanoy, Tubod barangays villages (Iligan city area, Lanao del Norte district, Region X province)",Riverine flood,Unknown,0,715,0,94384250,511.5,70.06666667,41.69744444,spring,NoMonsoon,0
2009-0219-CHN,CHN,China,2009,4,1,22.172,95.434,"Jiangxi Sheng, Hubei Sheng, Hunan Sheng, Guangdong Sheng provinces",Riverine flood,Unknown,49,5630000,0,1331260000,511.5,70.06666667,2227.122359,spring,NoMonsoon,1
2009-0227-CHN,CHN,China,2009,7,15,22.172,95.434,Guizhou Sheng province,Riverine flood,Unknown,11,0,0,1331260000,511.5,70.06666667,2227.122359,summer,monsoon,0
2009-0235-CHN,CHN,China,2009,6,19,26.85,110.28,Chongqing Shi province,Riverine flood,Unknown,11,106000,59000,1331260000,511.5,70.06666667,2227.122359,summer,monsoon,1
2009-0247-VNM,VNM,Viet Nam,2009,7,3,20.67,104.3,"Bac Kan, Cao Bang, Ha Giang, Lai Chau provinces",Riverine flood,Unknown,20,700000,0,86460018,511.5,70.06666667,1358.849333,summer,monsoon,1
2009-0262-TUR,TUR,Türkiye,2009,7,10,41,40.04,"Savsat city (Savsat district, Artvin province), Sinop town (Merkez district, Sinop province), Bogazcik area (Persembe district, Ordu province), Amasra, Kurucasile, Merkez districts (Bartin province)",Riverine flood,Unknown,7,100,0,72039206,713.75,103.25,118.8255714,summer,monsoon,0
2009-0266-PAK,PAK,Pakistan,2009,7,17,24.99,67.19,"Karachi Central, Karachi East, Karachi South, Karachi West districts (Sindh province)",Riverine flood,Unknown,52,0,0,194376534,511.5,75.33333333,351.4056296,summer,monsoon,0
2009-0267-PHL,PHL,Philippines,2009,7,17,22.172,95.434,"Valencia City area (Bukidnon district, Region X province)",Flash flood,Unknown,0,920,0,94384250,511.5,70.06666667,41.69744444,summer,monsoon,0
2009-0269-MNG,MNG,Mongolia,2009,7,16,22.172,95.434,"Bayanzu'rx, Xan-Uul districts (Ulaanbaatar province), Ceel, To'grog districts (Govi-Altai province), Dundgovi and To'v provinces",Riverine flood,Unknown,26,15000,94,2691115,511.5,70.06666667,27.68008333,summer,monsoon,0
2009-0289-PHL,PHL,Philippines,2009,7,4,22.172,95.434,"ARMM province (Maguindanao, Shariff Kabunsuan, Lanao del Sur (Malabang, Kapatagan, Balabagan, Pualas, Calanugas areas) districts)), Region XII province (North Cotabato district (Kabacan, Midsayap, Libungan, Pigcawayan, Alamada, Aleosan, Pikit areas), Saranggani district (Kiamba , Maasim, Malapatan, Maitum, Alabel, Glan), South Cotabato district (Banga, Tupi, Norala, Polomolok, General Santos City (Barangay West, Baranguay Bawing villages) areas), Sultan Kudarat district (Lambayong, Isulan, Esperanza, Bagumbayan, Sen Ninoy Aquino, Kalamasig areas)), Region XI province (Davao del Sur district (Jose Abad Santos, Sarangani areas))",Flash flood,Unknown,22,505102,22960,94384250,511.5,70.06666667,41.69744444,summer,monsoon,1
2009-0292-CHN,CHN,China,2009,7,1,25.31,112.71,"Jiangsu Sheng, Zheijiang Sheng, Anhui Sheng, Jiangxi Sheng, Hubei Sheng, Hunan Sheng, Guangxi Zhuangzu Zizhiqu, Chongqing Shi, Sichuan Sheng, Guizhou Sheng, Yunnan Sheng, Fujian Sheng provinces",Riverine flood,Unknown,90,39372000,1000000,1331260000,511.5,70.06666667,2227.122359,summer,monsoon,1
2009-0294-BGD,BGD,Bangladesh,2009,7,3,25.26,89.09,Habiganj district (Sylhet province),Riverine flood,"Surma, Khusiara rivers",6,500000,0,150873714,511.5,70.06666667,11968.294,summer,monsoon,1
2009-0303-IND,IND,India,2009,7,29,22.172,95.434,Delhi province,Flash flood,Unknown,11,0,0,1225524753,429.8333333,48.33333333,1254.5155,summer,monsoon,0
2009-0304-BGD,BGD,Bangladesh,2009,7,29,22.172,95.434,"Comilla, Chittagong districts (Chittagong province), Dhaka, Rajshahi, Barisal, Khulna, Sylhet provinces",Riverine flood,Unknown,10,0,0,150873714,511.5,70.06666667,11968.294,summer,monsoon,0
2009-0311-PHL,PHL,Philippines,2009,8,5,22.172,95.434,"Santolan, Sta Lucia, Maybunga baranguays villages (Pasig City area, Metropolitan Manila district, NCR province), Malanday village (Marikina City area, Metropolitan Manila district, NCR province)",Riverine flood,Marikina river,0,1578,0,94384250,511.5,70.06666667,41.69744444,summer,monsoon,0
2009-0335-PAK,PAK,Pakistan,2009,8,15,33.92,72.25,"Ismalia, Kalu Khan, Adina villages (Swabi district, North-West Frontier province), Shahbaz Garrhi, Garryala villages (Mardan district, North-West Frontier province)",Flash flood,Unknown,36,75000,0,194376534,511.5,75.33333333,351.4056296,summer,monsoon,0
2009-0336-LKA,LKA,Sri Lanka,2009,8,15,22.172,95.434,"Vavuniya district (Northern province), Ratnapura district (Sabaragamuwa province), Kalutara district (Western province)",Flash flood,Unknown,0,20000,0,20756435,511.5,70.06666667,119.3917143,summer,monsoon,0
2009-0352-IDN,IDN,Indonesia,2009,9,15,22.172,95.434,"Batang Gadis, Muara villages (Mandailingnatal district, Sumatera Utara province), Tapanuli Selatan district (Sumatera Utara province)",Flash flood,Unknown,38,10000,0,243220028,511.5,70.06666667,48.10376923,autumn,monsoon,0
2009-0355-TUR,TUR,Türkiye,2009,9,7,41.09,38.95,"Ikitelli, Halkali, Basaksehir villages (K.cekmece district, Istanbul province), Kilyos village (Sariyer district, Istanbul province), Silivri, Catalca districts (Istanbul province), Kumbag city (Merkez district, Tekirdag province), Saray district (Tekirdag province)",Flash flood,Unknown,40,35000,550000,72039206,713.75,103.25,118.8255714,autumn,monsoon,0
2009-0378-CHN,CHN,China,2009,8,28,26.62,105.15,"Changning area (Yibin district, Sichuan Sheng province)",Riverine flood,Unknown,12,118000,0,1331260000,511.5,70.06666667,2227.122359,summer,monsoon,1
2009-0385-AFG,AFG,Afghanistan,2009,9,3,22.172,95.434,Laghman province,Riverine flood,Unknown,11,0,0,27466101,526,70.06666667,68.6501,autumn,monsoon,0
2009-0409-IND,IND,India,2009,7,15,22.172,95.434,"Bihar, Orissa, West Bengal, Assam, Kerala, Gujarat, Karnataka provinces",Riverine flood,Unknown,992,1886000,220000,1225524753,429.8333333,48.33333333,1254.5155,summer,monsoon,1
2009-0425-AZE,AZE,Azerbaijan,2009,9,21,22.172,95.434,Hajigabul district (Aran province),Riverine flood,Unknown,0,5000,0,8947243,511.5,70.06666667,135.943,autumn,monsoon,0
2009-0429-IND,IND,India,2009,9,25,15.71,78.23,"Belgaum, Gulbarga, Bijapur, Raichur, Dharwad, Bagalkot, Bellary, Koppal, Haveri, Bidar, Gadag, Davanegere, Uttar Kannand, Dakshin Kannad districts (Karnataka province), Kurnool, Mahbubnagar, Karimnagar, Anantapur, Krishna, Cuddapah, Guntur, Khammam, Nalgonda districts (Andhra Pradesh province), Maharashtra province",Riverine flood,Tungabhadra and Krishna rivers,355,4100000,2150000,1225524753,429.8333333,48.33333333,1254.5155,autumn,monsoon,1
2009-0434-NPL,NPL,Nepal,2009,10,4,29.81,80.76,"Kanchanpur, Baitadi, Dadeldhura areas (Mahakali district, Far Western province), Kailali, Doti, Achham, Bajhang areas (Seti district, Far Western province), Bardiya, Banke areas (Bheri district, Mid Western province), Dang area (Rapti district, Mid Western province), Myagdi area (Dhawalagiri district, Western province), Jumla, Kalikot areas (Karnali district, Mid Western province)",Riverine flood,Unknown,87,257724,60000,27173035,511.5,70.06666667,328.7334667,autumn,NoMonsoon,1
2009-0436-IDN,IDN,Indonesia,2009,10,8,22.172,95.434,Toli-toli district (Sulawesi Tengah province),Flash flood,Unknown,0,2500,0,243220028,511.5,70.06666667,48.10376923,autumn,NoMonsoon,0
2009-0443-IND,IND,India,2009,10,9,22.172,95.434,Jainta Hills district (Meghalaya province),Riverine flood,Unknown,20,0,0,1225524753,429.8333333,48.33333333,1254.5155,autumn,NoMonsoon,0
2009-0483-IND,IND,India,2009,11,3,11.47,77.85,"Ooty, Coonoor cities (Nilgiris district, Tamil Nadu)",Riverine flood,Unknown,70,0,64000,1225524753,429.8333333,48.33333333,1254.5155,autumn,NoMonsoon,0
2009-0489-IRQ,IRQ,Iraq,2009,10,30,22.172,95.434,"Mergasur, Choman, Soran districts (Erbil province) Sumel district (Dahuk province)",Flash flood,Unknown,2,3000,0,30058206,393,42,947.8885,autumn,NoMonsoon,0
2009-0501-LKA,LKA,Sri Lanka,2009,11,21,7.07,79.94,Colombo district (Western province),Flash flood,Unknown,0,0,0,20756435,511.5,70.06666667,119.3917143,autumn,NoMonsoon,0
2009-0511-MYS,MYS,Malaysia,2009,11,23,5.74,100.96,"Kedah, Terengganu, Kelantan, Perak provinces",Riverine flood,"Sungai Kepala Batas, Sungai Pantai Johor rivers",0,1793,0,28124778,511.5,70.06666667,206.0363415,autumn,NoMonsoon,0
2009-0513-THA,THA,Thailand,2009,11,7,18.48,-91.05,"Songkhla, Narathiwat, Pattani, Yala, Chumphon, Surat Thani, Nakhon Si Thammarat, Phatthalung provinces",Riverine flood,Unknown,15,200000,0,68121080,511.5,70.06666667,454.353,autumn,NoMonsoon,1
2009-0522-SAU,SAU,Saudi Arabia,2009,11,24,40.23,21.24,"Jeddah, Mecca cities (Makkah province)",Riverine flood,Unknown,161,0,900000,24217654,647.125,84.375,328.7334667,autumn,NoMonsoon,0
2009-0540-IDN,IDN,Indonesia,2009,12,8,22.172,95.434,"Siau Timur area (Kepulauan-sangihe district, Sulawesi Utara province)",Flash flood,Unknown,6,700,0,243220028,511.5,70.06666667,48.10376923,winter,NoMonsoon,0
2009-0551-LKA,LKA,Sri Lanka,2009,12,14,8.02,81.27,"Batticaloa, Ampara districts (Eastern province)",Flash flood,Unknown,3,300000,0,20756435,511.5,70.06666667,119.3917143,winter,NoMonsoon,1
2009-0608-NPL,NPL,Nepal,2009,7,26,28,85.71,"Takdoo village (Bagmati district, Central province)",Riverine flood,Unknown,30,0,0,27173035,511.5,70.06666667,328.7334667,summer,monsoon,0
2009-0610-MYS,MYS,Malaysia,2009,11,20,4.99,102.36,"Hulu Terengganu, Besut, Setiu, Dungun, Marang, Kemaman districts (Terengganu province)",Riverine flood,Unknown,0,9082,0,28124778,511.5,70.06666667,206.0363415,autumn,NoMonsoon,0
2009-0611-VNM,VNM,Viet Nam,2009,9,25,15.19,108.02,"Binh Dinh, Da Nang City, Gia Lai, Ha Tinh, Kon Tum, Nghe An, Quang Binh, Quang Nam, Quang Ngai, Quang Tri, Thua Thien - Hue provinces",Riverine flood,Unknown,17,40000,0,86460018,511.5,70.06666667,1358.849333,autumn,monsoon,0
2009-0612-LAO,LAO,Lao People's Democratic Republic,2009,8,10,17.83,104.79,"Xebangfay, Nongbok, Mahaxay districts (Khammouan province)",Riverine flood,Unknown,10,0,0,6241642,511.5,70.06666667,1192.554816,summer,monsoon,0
2009-0613-CHN,CHN,China,2009,7,26,30.86,101.18,"Panzhihua city (Panzhihua district, Sichuan Sheng province), Guizhou Sheng, Jiangxi Sheng provinces",Riverine flood,Unknown,20,0,33000,1331260000,511.5,70.06666667,2227.122359,summer,monsoon,0
2009-0636-CHN,CHN,China,2009,6,7,22.172,95.434,"Hunan Sheng, Guizhou Sheng provinces",Riverine flood,Unknown,16,0,281000,1331260000,511.5,70.06666667,2227.122359,summer,monsoon,0
2009-0638-IND,IND,India,2009,8,26,22.172,95.434,"Darbhanga, Purnia, Sitamarhi, Saharsa, Madhubani districts (Bihar province)",Riverine flood,Unknown,52,0,0,1225524753,429.8333333,48.33333333,1254.5155,summer,monsoon,0
2010-0020-PHL,PHL,Philippines,2010,1,14,22.172,95.434,"Jabonga, Las Nieves, Santiago areas (Agusan del Norte district, Region XIII province), Mainit area (Surigao Del Norte district, Region XIII province), Prosperidad, San Francisco areas (Agusan del Sur district, Region XIII province), Cagdianao, Loreto areas (Dinagat district, Region XIII province)",Flash flood,Unknown,2,40198,22,96337125,511.5,70.06666667,41.69744444,winter,NoMonsoon,0
2010-0021-ISR,ISR,Israel,2010,1,19,22.172,95.434,Southern District province,Riverine flood,Unknown,2,0,0,7623600,511.5,70.06666667,5.5675,winter,NoMonsoon,0
2010-0021-PSE,PSE,State of Palestine,2010,1,18,22.172,95.434,Khan Yunis province,Riverine flood,Unknown,0,0,0,3786161,511.5,70.06666667,328.7334667,winter,NoMonsoon,0
2010-0026-IDN,IDN,Indonesia,2010,1,11,22.172,95.434,Jawa Timur province,Riverine flood,Kali Kedung river,5,28500,0,246305322,511.5,70.06666667,48.10376923,winter,NoMonsoon,0
2010-0033-PHL,PHL,Philippines,2010,1,17,22.172,95.434,"Naujan, Baco areas (Mindoro Oriental district, Region IV province)",Riverine flood,"Bucayao, Mag-asawang Tubig rivers",1,15480,0,96337125,511.5,70.06666667,41.69744444,winter,NoMonsoon,0
2010-0034-IDN,IDN,Indonesia,2010,1,22,22.172,95.434,Kolaka Utara district (Sulawasi Tenggara province),Flash flood,Rante Limbong river,10,225,0,246305322,511.5,70.06666667,48.10376923,winter,NoMonsoon,0
2010-0053-PAK,PAK,Pakistan,2010,2,8,22.172,95.434,"Batagram, Kohistan, Shangla, Swat districts (North-West Frontier province)",Riverine flood,Unknown,22,0,0,199239047,511.5,75.33333333,351.4056296,winter,NoMonsoon,0
2010-0075-IDN,IDN,Indonesia,2010,2,23,22.172,95.434,"Ciwidey village (Bandung district, Jawa Barat province)",Riverine flood,Unknown,44,0,0,246305322,511.5,70.06666667,48.10376923,winter,NoMonsoon,0
2010-0109-KAZ,KAZ,Kazakhstan,2010,2,15,45.08,79.21,"Karasay, Karatal, Zhambyl, Ili, Panfilov, Koksu, Uigur, Aqsu, Kerbulak, Taldyqorghan City area districts (Almatinskaya province)",Flash flood,Unknown,44,15500,34576,16836810,547,68,62.81446154,winter,NoMonsoon,0
2010-0174-TJK,TJK,Tajikistan,2010,4,11,22.172,95.434,"Voseysky, Shurabad, Muminobod, Bokhtar, Kulyab districts (Khatlon province), Ura-Tubinskiy district (Sogd province), Faysabadskiy, Varzob districts (Tadzhikistan Territories province)",Riverine flood,Unknown,2,1914,0,7652141,511.5,70.06666667,160.48125,spring,NoMonsoon,0
2010-0175-TJK,TJK,Tajikistan,2010,5,6,22.172,95.434,"Voseysky, Muminobod, Baljuan, Shurabad, Kulyab, Yvanskiy, Jilikul, Kurgan-Tjube, Dangara, Kolhosobadskiy districts (Khatlon province)",Riverine flood,Unknown,73,6408,204000,7652141,511.5,70.06666667,160.48125,spring,NoMonsoon,0
2010-0176-AFG,AFG,Afghanistan,2010,5,5,34.38,62.25,"Hirat, Ghor, Badghis provinces",Riverine flood,Unknown,70,40000,0,28284089,526,70.06666667,68.6501,spring,NoMonsoon,0
2010-0183-YEM,YEM,Yemen,2010,5,5,14.03,44.31,Sana'a province,Riverine flood,Unknown,7,0,0,26754387,706.5,89,328.7334667,spring,NoMonsoon,0
2010-0191-LKA,LKA,Sri Lanka,2010,5,14,6.83,80.59,"Galle, Matara districts (Southern province), Ratnapura district (Sabaragamuwa province), Anuradhapura district (North Central province), Nuwara Eliya district (Central province), Mannar, Jaffna districts (Northern province), Trincomalee district (Eastern province), Western, North Western provinces",Riverine flood,Unknown,28,606072,105000,20879089,511.5,70.06666667,119.3917143,spring,NoMonsoon,1
2010-0204-AZE,AZE,Azerbaijan,2010,5,4,22.172,95.434,"Sabirabad, Imishli, Beilagan, Agdjabedi, Hajigabul, Salyan, Zardab, Kyurdamir, Shirvan Neftchala, districts (Aran province), Terter district (Yukhari Garabakh province)",Riverine flood,Unknown,3,70000,0,9054332,511.5,70.06666667,135.943,spring,NoMonsoon,0
2010-0232-PHL,PHL,Philippines,2010,5,28,6.78,125.3,Sultan Kudarat district (Region XII province),Riverine flood,Unknown,27,40000,0,96337125,511.5,70.06666667,41.69744444,spring,NoMonsoon,0
2010-0239-CHN,CHN,China,2010,5,29,22.172,95.434,"Ankang, Hanzhong, Shangluo districts (Shaanxi Sheng province), Fujian Sheng, Sichuan Sheng, Guangxi Zhuangzu Zizhiqu, Zhejiang Sheng, Hunan Sheng, Guangdong Sheng, Guizhou Sheng, Hubei Sheng, Yunnan Sheng, Henan Sheng, Jilin Sheng, Anhui Sheng, Jiangsu Sheng, Chongqing Shi, Shangai Shi, Gansu Sheng provinces",Riverine flood,Unknown,1691,134000000,18000000,1337705000,511.5,70.06666667,2227.122359,spring,NoMonsoon,1
2010-0269-BGD,BGD,Bangladesh,2010,6,24,22.172,95.434,"Netrakona district (Dhaka province), Kurigram, Gaibandha, Lalmonirhat districts (Rangpur province), Sylhet province",Flash flood,Kushiyara river,0,75000,0,152201981,511.5,70.06666667,11968.294,summer,monsoon,0
2010-0276-IND,IND,India,2010,7,5,30.18,74.77,"Ambala, Kurukshetra districts (Haryana province), Punjab, Kerala provinces",Riverine flood,Unknown,53,0,447000,1243481564,429.8333333,48.33333333,1254.5155,summer,monsoon,0
2010-0281-PHL,PHL,Philippines,2010,6,1,22.172,95.434,"Sultan Kudarat district (Region XII province), Shariff Kabunsuan, Maguindanao districts (ARMM province)",Riverine flood,Unknown,0,200000,0,96337125,511.5,70.06666667,41.69744444,summer,monsoon,1
2010-0282-PAK,PAK,Pakistan,2010,6,22,36.03,72.08,"Uchosht village (Chitral district, North-West Frontier province)",Riverine flood,Unknown,46,0,0,199239047,511.5,75.33333333,351.4056296,summer,monsoon,0
2010-0283-IND,IND,India,2010,5,18,15.22,79.48,Andhra Pradesh province,Riverine flood,Unknown,27,50000,0,1243481564,429.8333333,48.33333333,1254.5155,spring,NoMonsoon,0
2010-0291-KAZ,KAZ,Kazakhstan,2010,3,17,22.172,95.434,"Tarbagatay, Abay, Kurshum, Zaysan, Ulan districts (Vostochno-kazachstanskaya province)",Riverine flood,Unknown,0,8000,0,16836810,547,68,62.81446154,spring,NoMonsoon,0
2010-0293-PAK,PAK,Pakistan,2010,7,21,30.51,66.95,Barkhan district (Balochistan province),Flash flood,Unknown,60,4000,0,199239047,511.5,75.33333333,351.4056296,summer,monsoon,0
2010-0297-SAU,SAU,Saudi Arabia,2010,7,23,21.51,41.92,"Taif city (Makkah province), Asir, Jizan, Najran provinces",Riverine flood,Unknown,14,0,0,23978487,647.125,84.375,328.7334667,summer,monsoon,0
2010-0301-IDN,IDN,Indonesia,2010,7,23,-2.14,114.97,"Buru district (Maluku Utara province), Tanahlaut, Tanahbumbu districts (Kalimantan Selatan province)",Riverine flood,Unknown,21,15000,0,246305322,511.5,70.06666667,48.10376923,summer,monsoon,0
2010-0311-JPN,JPN,Japan,2010,7,18,22.172,95.434,"Gifu, Simane, Hirosima provinces",Riverine flood,Unknown,10,0,0,128070000,511.5,70.06666667,108.9076711,summer,monsoon,0
2010-0320-YEM,YEM,Yemen,2010,7,10,16.73,47.92,"Al Mashannah district (Ibb province), Dhamar, Sana'a provinces",Riverine flood,Unknown,15,0,0,26754387,706.5,89,328.7334667,summer,monsoon,0
2010-0321-IND,IND,India,2010,7,13,22.172,95.434,Delhi province,Riverine flood,Unknown,11,0,0,1243481564,429.8333333,48.33333333,1254.5155,summer,monsoon,0
2010-0333-NPL,NPL,Nepal,2010,7,25,28.35,84.78,"Sunsari area (Koshi district, Eastern province), Rupandehi area (Lumbini district, Western province), Jhapa, Ilam areas (Mechi district, Eastern province), Rautahat area (Narayani district, Central province), Siraha area (Sagarmatha district, Eastern province), Parbat area (Dhawalagiri district, Western province)",Riverine flood,Unknown,12,0,0,27341952,511.5,70.06666667,328.7334667,summer,monsoon,0
2010-0338-SAU,SAU,Saudi Arabia,2010,7,10,20.61,41.17,"Al Lith, Al Qunfudhah cities (Makkah province), Najran, Jizan provinces",Riverine flood,Unknown,10,85,0,23978487,647.125,84.375,328.7334667,summer,monsoon,0
2010-0341-PAK,PAK,Pakistan,2010,7,28,22.172,95.434,"Barkhan, Bolan, Kohlu, Nasirabad, Sibi districts (Balochistan province), Mohmand Agency, Khyber Agency (Federally Administered Tribal Areas), Bannu, Batagram, Charsadda, D. I. Khan, Kohat, Kohistan, Lakki Marwat, Lower Dir, Mansehra, Nowshera, Peshawar, Shangla, Swat, Tank districts (North-West Frontier province), Khushab, Layyah, Mianwali, Muzaffargarh, Rajanpur districts (Punjab province), Bagh, Gilgit-Baltistan, Mirpur, Muzaffarabad districts (Jammu and Kashmir province), Sindh province",Flash flood,Unknown,1985,20356550,9500000,199239047,511.5,75.33333333,351.4056296,summer,monsoon,1
2010-0344-CHN,CHN,China,2010,6,15,22.172,95.434,Jilin Sheng province,Riverine flood,Unknown,152,6000000,0,1337705000,511.5,70.06666667,2227.122359,summer,monsoon,1
2010-0367-AFG,AFG,Afghanistan,2010,7,27,35.21,68.85,"Kapisa, Nangarhar, Laghman, Kunar, Logar, Ghazni provinces",Riverine flood,Unknown,65,5000,0,28284089,526,70.06666667,68.6501,summer,monsoon,0
2010-0369-PRK,PRK,Democratic People's Republic of Korea,2010,7,27,39.59,125.71,"Hungnam city (Hamhung district, Hamgyong-namdo province)",Riverine flood,Unknown,0,17000,0,24987258,511.5,70.06666667,72.38114286,summer,monsoon,0
2010-0371-PHL,PHL,Philippines,2010,7,13,22.172,95.434,"Sultan Kudarat, Pagalundan, Datu Montawal areas (Maguindanao district, ARMM province), Lambayong area (Sultan Kudarat district, Region XII province), Kabacan area (North Cotabato district, Region XII province)",Riverine flood,Simuay river,0,80920,0,96337125,511.5,70.06666667,41.69744444,summer,monsoon,0
2010-0373-IND,IND,India,2010,8,6,33.53,76.12,"Leh, Cholglamsar villages (72785 district, Jammu and Kashmir province)",Flash flood,Unknown,196,12500,0,1243481564,429.8333333,48.33333333,1254.5155,summer,monsoon,0
2010-0398-PHL,PHL,Philippines,2010,8,15,22.172,95.434,"Brgys Putik, Tugbungan, Boalan barangays villages (Zamboanga City area, Zamboanga Del Sur district, Region IX province)",Flash flood,Unknown,0,505,0,96337125,511.5,70.06666667,41.69744444,summer,monsoon,0
2010-0405-CHN,CHN,China,2010,8,13,22.172,95.434,"Mianzhu Shi area (Deyang district, Sichuan Sheng province), Longnan, Tianshui districts (Gansu Sheng province)",Riverine flood,Unknown,59,0,0,1337705000,511.5,70.06666667,2227.122359,summer,monsoon,0
2010-0415-CHN,CHN,China,2010,8,21,22.172,95.434,"Dandong city (Dandong district, Liaoning Sheng province)",Riverine flood,Yalu river,5,64000,0,1337705000,511.5,70.06666667,2227.122359,summer,monsoon,0
2010-0415-PRK,PRK,Democratic People's Republic of Korea,2010,8,21,40.365,124.97,"P'yongan-bukto, P'yongan-namdo, Chagang-do, Hamgyong-namdo, Hwanghae-namdo, Kangwon-do provinces",Riverine flood,Yalu river,0,38785,0,24987258,511.5,70.06666667,72.38114286,summer,monsoon,0
2010-0416-IND,IND,India,2010,9,5,26.235,92.25,Lakhimpur district (Assam province),Riverine flood,Singora,0,30000,0,1243481564,429.8333333,48.33333333,1254.5155,autumn,monsoon,0
2010-0452-NPL,NPL,Nepal,2010,8,21,22.172,95.434,"Sankhuwasabha, Morang, Sunsari areas (Koshi district, Eastern province), Taplegunj, Ilam, Jahpa areas (Mechi district, Eastern province), Udayapur, Saptari areas (Sagarmatha district, Eastern province), Dhading area (Bagmati district, Central province), Sindhuli, Dolakha, Dhanusha, Sarlahi areas (Janakpur district, Central province), Chitwan, Makwanpur, Rautahat, Parsa areas (Narayani district, Central province), Syangja, Kaski, Tanahu areas (Gandaki district, Western province), Baglung, Parbat, Myagdi areas (Dhawalagiri district, Western province), Gulmi, Nawalparasi areas (Lumbini district, Western province), Rukum, Dang, Pyuthan areas (Rapti district, Mid Western province), Bardiya, Banke, Jajarkot, Dailekh areas (Bheri district, Mid Western province), Kalikot, Dolpa areas (Karnali district, Mid Western province), Bajura, Achham, Kailali areas (Seti district, Far Western province), Kanchanpur, Dadeldhura areas (Mahakali district, Far Western province)",Riverine flood,Lohandra river,138,8000,0,27341952,511.5,70.06666667,328.7334667,summer,monsoon,0
2010-0488-PHL,PHL,Philippines,2010,9,10,22.172,95.434,"Polomok, Koronadal City, Banga, Tupi areas (South Cotabato district, Region XII province), Lambayong, Tacurong City areas (Sultan Kudarat district, Region XII province), Marilog, Davao City areas (Davao Del Sur district, Region XI province), Kalilangan areas (Bukidnon Region X province), Cagayan de Oro City area (Misamis Oriental district, Region X province)",Flash flood,Unknown,6,46704,3156,96337125,511.5,70.06666667,41.69744444,autumn,monsoon,0
2010-0492-IND,IND,India,2010,9,18,26.73,82.84,"Almora, Naini Tal districts (Uttarakhand province), Bihar, Uttar Pradesh provinces",Riverine flood,Unknown,200,3267183,1680000,1243481564,429.8333333,48.33333333,1254.5155,autumn,monsoon,1
2010-0493-IND,IND,India,2010,9,9,25.965,76.05,"Punjab, Haryana, Uttar Pradesh provinces",Riverine flood,Ganges,0,12500,0,1243481564,429.8333333,48.33333333,1254.5155,autumn,monsoon,0
2010-0512-IDN,IDN,Indonesia,2010,10,2,-1.22,132.81,"Wasior I, Wasior II, Rado, Moru, Maniwak, Mangurrai, Wondamawi, Wondiboy villages (Telukwondama district, Papua Barat province)",Flash flood,Unknown,291,9011,78000,246305322,511.5,70.06666667,48.10376923,autumn,NoMonsoon,0
2010-0515-VNM,VNM,Viet Nam,2010,10,1,22.172,95.434,"Ha Tinh, Quang Binh, Quang Tri, Nghe An, Thua Thien - Hue provinces",Flash flood,Unknown,84,679750,142500,87455152,511.5,70.06666667,1358.849333,autumn,NoMonsoon,1
2010-0530-CHN,CHN,China,2010,10,6,22.172,95.434,"Qionghai Shi, Wanning Shi, Ding'an Xian areas (Hainan district, Hainan Sheng province), Haikou, Sanya districts (Hainan Sheng province)",Riverine flood,Unknown,4,130000,171000,1337705000,511.5,70.06666667,2227.122359,autumn,NoMonsoon,1
2010-0539-VNM,VNM,Viet Nam,2010,10,14,22.172,95.434,"Nghe An, Ha Tinh, Quang Binh provinces",Riverine flood,Unknown,21,761000,154000,87455152,511.5,70.06666667,1358.849333,autumn,NoMonsoon,1
2010-0552-KHM,KHM,Cambodia,2010,10,20,22.172,95.434,"Banteay Meanchey, Battambang, Otdar Meanchey, Pailin, Preah Vihear, Pursat provinces",Riverine flood,Unknown,8,0,70000,14500726,511.5,70.06666667,3965.6898,autumn,NoMonsoon,0
2010-0552-THA,THA,Thailand,2010,10,10,15.03,102.2,"Chainat, Singburi, Ang Thong, Suphanburi, Phra Nakhon Si Ayudhya, Lopburi, Nakhon Sawan, Saraburi, Nakhon Nayok, Nonthaburi, Pathum Thani, Nakhon Pathom, Uthai Thani, Samut Prakarn, Chaiyaphum, Si Saket, Surin, Buriram, Khon Kaen, Kalasin, Maha Sarakham, Ubon Ratchathani, Nong Bua Lamphu, Nakhon Ratchasima, Roi Et, Songkhla, Satun, Trang, Narathiwat, Pattani, Phatthalung, Yala, Surat Thani, Nakhon Si Thammarat, Krabi, Chumphon, Ranong provinces",Riverine flood,Chao Phraya river,258,8970653,332000,68579447,511.5,70.06666667,454.353,autumn,NoMonsoon,1
2010-0573-VNM,VNM,Viet Nam,2010,10,29,12.52,108.9,"Ninh Thuan, Khanh Hoa, Phu Yen, Binh Dinh, Quang Ngai, Dak Lak provinces",Riverine flood,Unknown,31,39000,107700,87455152,511.5,70.06666667,1358.849333,autumn,NoMonsoon,0
2010-0576-IDN,IDN,Indonesia,2010,11,2,-8.672,121.6,"Toianas village (Timor Tengah Selatan district, Nusatenggara Timur province)",Flash flood,Unknown,16,200,0,246305322,511.5,70.06666667,48.10376923,autumn,NoMonsoon,0
2010-0583-LKA,LKA,Sri Lanka,2010,11,10,7.275,80.3,"Matara district (Southern province), Kegalle district (Sabaragamuwa province), Western province",Flash flood,Unknown,7,164183,0,20879089,511.5,70.06666667,119.3917143,autumn,NoMonsoon,1
2010-0585-PHL,PHL,Philippines,2010,11,1,17.71,121.8,"Isabela, Cagayan, Quirino districts (Region II province), Kalinga district (CAR province), Aurora district (Region III province)",Riverine flood,Unknown,16,450673,0,96337125,511.5,70.06666667,41.69744444,autumn,NoMonsoon,1
2010-0597-VNM,VNM,Viet Nam,2010,11,12,15.1821,108.8,"Thua Thien-Hue, Quang Ngai, Quang Nam provinces",Riverine flood,Unknown,50,10000,256000,87455152,511.5,70.06666667,1358.849333,autumn,NoMonsoon,0
2010-0629-IND,IND,India,2010,11,15,9.88,78.47,"Chennai, Cuddalore, Nagapattinam, Pudukottai, Ramanthapuram, Thanjavur, Thiruvallur, Villupuram, Thoothukudi, Tirunelveli Kattabo districts (Tamil Nadu province)",Riverine flood,Unknown,203,0,22000,1243481564,429.8333333,48.33333333,1254.5155,autumn,NoMonsoon,0
2010-0659-PHL,PHL,Philippines,2010,12,24,8.132,125.57,"Palawan district (Region IV province), Albay, Sorsogon, Catanduanes districts (Region V province), Bohol, Cebu districts (Region VII (Central Visayas) province), Eastern Samar, Leyte, Samar, Northern Samar, Southern Leyte districts (Region VIII province), Camiguin, Lanao del Norte districts (Region X (Northern Mindanao) province), Compostela, Davao Oriental, Davao del Norte, Davao del Sur districts (Region XI (Davao region) province), South Cobato district (Region XII province), Agusan del Norte, Agusan del Sur, Surigao del Norte, Surigao del Sur districts (Region XIII (Caraga) province), Maguindanao district (ARMM province)",Flash flood,Unknown,110,1972433,47411,96337125,511.5,70.06666667,41.69744444,winter,NoMonsoon,1
2010-0676-BGD,BGD,Bangladesh,2010,10,1,24.21,91.03,"Chittagong, Cox's Bazar, Feni, Lakshmipur, Noakhali districts (Chittagong province), Bagerhat, Khulna, Satkhira districts (Khulna province), Barisal province",Riverine flood,Unknown,15,500000,0,152201981,511.5,70.06666667,11968.294,autumn,NoMonsoon,1
2010-0684-IDN,IDN,Indonesia,2010,9,11,22.172,95.434,Tabalong district (Kalimantan Selatan province),Riverine flood,Kinarum river,24,0,0,246305322,511.5,70.06666667,48.10376923,autumn,monsoon,0
2011-0020-MYS,MYS,Malaysia,2011,1,28,-4.05208,104.67,Johor province,Riverine flood,"Sungai Muar, Sungai Benut, and Sungai Mengkibo rivers",2,20000,0,29162039,511.5,70.06666667,206.0363415,winter,NoMonsoon,0
2011-0021-PHL,PHL,Philippines,2011,1,25,9.40044,125.78,"Southern Leyte district (Region VIII (Eastern Visayas) province), Camiguin, Misamis Occidental, Misamis Oriental districts (Region X (Northern Mindanao) province), Compostela, Davao Oriental districts (Region XI (Davao region) province), Agusan del Norte, Agusan del Sur, Dinagat, Surigao del Norte, Surigao del Sur districts (Region XIII (Caraga) province), Masbate district (Region V (Bicol region) province), Sulu district (ARMM province)",Riverine flood,32342,23,638254,12411,98248614,511.5,70.06666667,41.69744444,winter,NoMonsoon,1
2011-0022-SAU,SAU,Saudi Arabia,2011,1,25,21.3521,39.94,Jeddah city (Makkah province),Riverine flood,Unknown,11,0,300000,25091867,647.125,84.375,328.7334667,winter,NoMonsoon,0
2011-0023-IDN,IDN,Indonesia,2011,1,16,-6.8436,108.26,"Legon Kulon, Sukasari, Pusakanegara, Pamanukan, Pusaka Jaya areas (Subang district, Jawa Barat)",Riverine flood,"Cidagung river, Cipunagara stream",0,12000,0,249470032,511.5,70.06666667,48.10376923,winter,NoMonsoon,0
2011-0024-LKA,LKA,Sri Lanka,2011,1,5,7.603,81.25,"Vavuniya district (Northern province), Central, Eastern, North Central, Sabaragamuwa, Uva provinces",Riverine flood,Unknown,47,0,200000,21009048,511.5,70.06666667,119.3917143,winter,NoMonsoon,0
2011-0042-AFG,AFG,Afghanistan,2011,2,10,35.0754,63.99,Hirat province,Riverine flood,Unknown,25,3000,0,29347708,526,70.06666667,68.6501,winter,NoMonsoon,0
2011-0044-PHL,PHL,Philippines,2011,2,1,7,124.865,"Sulu district (ARMM province), Surigao del Norte, Agusan del Norte, Surigao del Sur, Agusan del Sur districts (Region XIII province)",Riverine flood,Unknown,11,2000,0,98248614,511.5,70.06666667,41.69744444,winter,NoMonsoon,0
2011-0049-LKA,LKA,Sri Lanka,2011,2,1,8.513,80.53,"Central, Northern, North Central, Eastern, Uva provinces",Riverine flood,Unknown,18,225000,300000,21009048,511.5,70.06666667,119.3917143,winter,NoMonsoon,1
2011-0083-THA,THA,Thailand,2011,3,23,8.666,99.28,"Nakhon Si Thammarat, Phatthalung, Surat Thani, Trang, Chumphon, Songkhla, Krabi, Phangnga provinces",Flash flood,Unknown,64,716110,317000,69007208,511.5,70.06666667,454.353,spring,NoMonsoon,1
2011-0087-PHL,PHL,Philippines,2011,3,14,8.104,125.091,"Bohol district (Central Visayas province), Biliran, Eastern Samar, Leyte, Northern Samar, Samar, Southern Leyte districts (Eastern Visayas province), Lanao del Norte, Misamis Oriental districts (Northern Mindanao province), South Cotabato district (Soccsksargen province), Surigao Del Sur district (Caraga province)",Riverine flood,Unknown,16,241776,280,98248614,511.5,70.06666667,41.69744444,spring,NoMonsoon,1
2011-0088-IDN,IDN,Indonesia,2011,3,10,4.211,97.09,"Tangse area (Pidie district, Nangroe Aceh Darussalam province)",Riverine flood,Unknown,21,750,0,249470032,511.5,70.06666667,48.10376923,spring,NoMonsoon,0
2011-0094-IDN,IDN,Indonesia,2011,2,6,22.172,95.434,"Hadiwarno, Jojo, Mejobo, Tenggeles, Kesambi, Golan, Sdanag, Pladen, Bulung Cangkring, Klaling, Sidorekso, Kedungdowo, Gamong, Papringan, Mijen, Karang Rowo, Mgawon, Ngembal Rajo, Manewan, Soco, Singocandi villages (Kudus district, Jawa Tengah province)",Flash flood,Unknown,0,60,0,249470032,511.5,70.06666667,48.10376923,winter,NoMonsoon,0
2011-0178-KAZ,KAZ,Kazakhstan,2011,4,9,51.448,53.67,"Oural city (Zelyenov district, Zapadno-kazachstanskaya province), Akzhaiyk, Burly, Kaztalov, Shyngyrlau, Taskala, Terekty districts (Zapadno-kazachstanskaya province)",Riverine flood,Unknown,2,12238,67000,17066002,547,68,62.81446154,spring,NoMonsoon,0
2011-0184-IRQ,IRQ,Iraq,2011,4,22,22.172,95.434,"Mosul district (Ninewa province), Erbil, Sulaymaniyah, Kirkuk, Dahuk, Kerbala, Salah al-Din provinces",Flash flood,Unknown,6,0,0,32161424,393,42,947.8885,spring,NoMonsoon,0
2011-0202-CHN,CHN,China,2011,6,15,22.172,95.434,"Wenchengzhen village (Yushan Xian area, Shangrao district, Jiangxi Sheng province), Fengcheng area (Yichun district, Jiangxi Sheng province), Wangmo area (Qianxinan Buyei and Miao district, Guizhou Sheng province), Luaihua, Loudi, Xiangxi Tujia and Miao districts (Hunan Sheng province)",Riverine flood,Unknown,16,60000,0,1345035000,511.5,70.06666667,2227.122359,summer,monsoon,0
2011-0204-PHL,PHL,Philippines,2011,5,31,8.306,125.21,"Bukidnon district (Region X province), Compostela, Davao Del Sur districts (Region XI province), North Cotabato, Sultan Kudarat districts (Region XII province), Maguindanao district (ARMM province)",Riverine flood,"Bulatukan, Pulabgui, Pagalungan, Simuay, Rio Grande, Tunggol, Maradugao, Malatipay, Saguirayan rivers",12,944778,10666,98248614,511.5,70.06666667,41.69744444,spring,NoMonsoon,1
2011-0212-CHN,CHN,China,2011,7,11,27.0633,108.11,"Jiangsu Sheng, Anchui Sheng, Jiangxi Sheng, Hunan Sheng, Guangdong Sheng, Sichuan Sheng, Yunnan Sheng, Xizang Zizhiqu provinces",Riverine flood,Unknown,6,1600000,54130,1345035000,511.5,70.06666667,2227.122359,summer,monsoon,1
2011-0215-NPL,NPL,Nepal,2011,7,2,28.9081,82.28,"Accham area (Seti district, Far Western province)",Riverine flood,Unknown,15,0,0,27464494,511.5,70.06666667,328.7334667,summer,monsoon,0
2011-0218-LAO,LAO,Lao People's Democratic Republic,2011,6,23,19.3801,101.56,"Xiangkhouang, Vientiane, Bolikhamxai, Khammouan, Xaignabouli provinces",Riverine flood,Unknown,14,37000,0,6426590,511.5,70.06666667,1192.554816,summer,monsoon,0
2011-0221-PHL,PHL,Philippines,2011,6,28,7.398,126.05,"Davao City area (Davao Del Sur district, Region XI (Davao Region) province), Cotabato City area (Shariff Kabunsuan district, Autonomous region in Muslim Mindanao (ARMM) province), Metropolitan Manila district (National Capital region (NCR) province), Bulacan, Pampanga, Bataan, Tarlac, Zambales districts (Region III (Central Luzon) province), Batangas district (Region IV-A (Calabarzon) province), Albay district (Region V (Bicol) province), La Union, Pangasinan districts (Region I (Ilocos Region) province), Region X (Northern Mindanao), Region XII (Soccsksargen) provinces",Flash flood,Matina river,31,121005,251,98248614,511.5,70.06666667,41.69744444,summer,monsoon,1
2011-0227-CHN,CHN,China,2011,6,1,27.89,14.47,"Kaihua Xian, Changshan Xian areas (Quzhou district, Zhejiang Sheng province), Xianning, Wuhan districts (Hubei Sheng province), Shangrao district (Jiangxi Sheng province), Huangshan district (Anhui Sheng province), Yueyang districts (Hunan Sheng province), Sichuan Sheng, Chongqing Shi, Guizhou Sheng provinces",Riverine flood,Unknown,467,67900000,6400000,1345035000,511.5,70.06666667,2227.122359,summer,monsoon,1
2011-0250-KOR,KOR,Republic of Korea,2011,7,8,22.172,95.434,"Chollabuk-do, Chollanam-do, Kyongsangbuk-do, Kyongsangnam-do, Chungchongbuk-do, Chungchongnam-do provinces",Riverine flood,Unknown,9,0,0,49936638,511.5,70.06666667,213.3785,summer,monsoon,0
2011-0262-BGD,BGD,Bangladesh,2011,7,21,22.564,89.05,"Cox's Bazar, Chittagong, Bandarban districts (Chittagong province), Satkhira, Jessore, Narail, Bagerhat, Chuadanga, Kushtia districts (Khulna province), Bogra, Sirajganj, Pabna, Naogaon districts (Rajshahi province), Lalmonirhat, Thakurgaon, Kurigram, Gaibandha districts (Rangpur province), Sherpur, Netrakona, Rajbari, Manikganj districts (Dhaka province)",Flash flood,Unknown,10,1570559,0,153591076,511.5,70.06666667,11968.294,summer,monsoon,1
2011-0284-PRK,PRK,Democratic People's Republic of Korea,2011,6,23,22.172,95.434,"Hwanghae-namdo, Hwanghae-bukto, Kaesong-si, Hamgyong-namdo provinces",Riverine flood,Unknown,30,21160,0,25097874,511.5,70.06666667,72.38114286,summer,monsoon,0
2011-0295-GEO,GEO,Georgia,2011,6,12,22.172,95.434,Shida Kartli province,Flash flood,Unknown,7,1750,0,3756441,861,110.6666667,97.98825,summer,monsoon,0
2011-0296-TJK,TJK,Tajikistan,2011,6,11,22.172,95.434,"Ashtskiy, Ganchinskiy, Penjikenskiy districts (Sogd province)",Riverine flood,Unknown,0,2130,0,7824785,511.5,70.06666667,160.48125,summer,monsoon,0
2011-0301-PHL,PHL,Philippines,2011,8,5,22.172,95.434,"Buntalala, Calubihan, Desamparados, Lanit boroughs (Jaro area, Iloilo City area, Iloilo district, Region VI province), Calajunan borough (Manduriao area, Iloilo City area, Iloilo district, Region VI province), Sooc borough (Arevalo area, Iloilo City area, Iloilo district, Region VI province)",Riverine flood,Unknown,0,2060,0,98248614,511.5,70.06666667,41.69744444,summer,monsoon,0
2011-0317-NPL,NPL,Nepal,2011,6,15,22.172,95.434,"Mid Western, Far Western, Central, Eastern provinces",Riverine flood,Unknown,89,1826,0,27464494,511.5,70.06666667,328.7334667,summer,monsoon,0
2011-0324-LAO,LAO,Lao People's Democratic Republic,2011,8,1,22.172,95.434,"Savannakhet, Khammouan, Champasak provinces",Flash flood,Unknown,34,430000,0,6426590,511.5,70.06666667,1192.554816,summer,monsoon,1
2011-0326-THA,THA,Thailand,2011,8,5,17.038,102.82,"Phrae, Mae Hong Son, Sukhothai, Chiang Mai, Tak, Nakhon Pathom, Roi Et, Phichit, Udon Thani, Sakon Nakhon, Uttaradit, Phitsanulok, Kampaeng Phet, Nakhon Sawan, Phetchabun, Nakhon Nayok, Phra Nakhon Si Ayudhya, Kalasin, Ubon Ratchathani, Uthai Thani, Chainat, Singburi, Ang Thong, Lopburi, Saraburi, Suphanburi, Pathum Thani, Nonthaburi, Khon Kaen, Si Saket, Surin, Chachoengsao, Phachinburi, Maha Sarakham, Samut Sakhon provinces",Riverine flood,Unknown,813,9500000,40000000,69007208,511.5,70.06666667,454.353,summer,monsoon,1
2011-0327-IND,IND,India,2011,8,10,22.306,88.34,West Bengal province,Riverine flood,Unknown,47,700000,275000,1261224954,429.8333333,48.33333333,1254.5155,summer,monsoon,1
2011-0331-PRK,PRK,Democratic People's Republic of Korea,2011,7,25,22.172,95.434,"Hwanghae-namdo, Hwanghae-bukto, Kangwon-do, Kaesong-si provinces",Riverine flood,Unknown,34,29933,0,25097874,511.5,70.06666667,72.38114286,summer,monsoon,0
2011-0347-PAK,PAK,Pakistan,2011,8,12,25.012,69.07,"Badin, Dadu, Ghotki, Hyderabad, Jacobabad, Karachi Central, Karachi East, Karachi South, Karachi West, Khaipur, Larkana, Malir, Mirpur Khas, Naushahro Feroze, Nawabshah, Sanghar, Shikarpur, Sukkur, Tharparkar, Thatta, Umer Kot districts (Sindh province)",Riverine flood,Unknown,509,5400000,2500000,203746065,511.5,75.33333333,351.4056296,summer,monsoon,1
2011-0359-VNM,VNM,Viet Nam,2011,9,14,22.172,95.434,Lao Cai province,Riverine flood,Unknown,24,300000,44000,88468314,511.5,70.06666667,1358.849333,autumn,monsoon,1
2011-0364-KHM,KHM,Cambodia,2011,8,10,12.004,105.5,"Kandal, Kampong Thom, Prey Veng, Kampong Cham, Kratie, Battambang, Kampong Chhnang, Preah Vihear, Pursat provinces",Riverine flood,Mekong river,247,1640000,521000,14722584,511.5,70.06666667,3965.6898,summer,monsoon,1
2011-0367-PHL,PHL,Philippines,2011,9,19,22.172,95.434,"Landan, Upper Klinan, Klinan 6, Maligo Barangays villages (Polomolok area, South Cotabato district, Region XII province)",Flash flood,Unknown,0,274,115,98248614,511.5,70.06666667,41.69744444,autumn,monsoon,0
2011-0370-CHN,CHN,China,2011,9,1,22.172,95.434,"Luanchuan, Song Xian areas (Luoyang district, Henan Sheng province), Weinan, Xi'an districts (Shaanxi Sheng province), Sichuan Sheng, Chongqing Sheng, Hubei Sheng, Shandong Sheng, Shanxi Sheng, Gansu Sheng, Qinghai Sheng provinces",Riverine flood,Unknown,117,20000000,4250000,1345035000,511.5,70.06666667,2227.122359,autumn,monsoon,1
2011-0371-IND,IND,India,2011,9,23,20.651,86,"Angul, Baleshwar, Baragarh, Bhadrak, Boudh, Cuttack, Deogarh, Dhenkanal, Jajpur, Jagatsinghpur, Jharsuguda, Kendrapara, Khordha, Mayurbhanj, Nayagarh, Nuapada, Puri, Sambalpur districts (Orissa province)",Riverine flood,Unknown,239,3443989,930000,1261224954,429.8333333,48.33333333,1254.5155,autumn,monsoon,1
2011-0380-PHL,PHL,Philippines,2011,10,7,22.172,95.434,"Bobuntogan village (Jasaan area, Misamis Oriental district, Region X province)",Flash flood,Unknown,0,185,0,98248614,511.5,70.06666667,41.69744444,autumn,NoMonsoon,0
2011-0394-VNM,VNM,Viet Nam,2011,9,15,22.172,95.434,"An Giang, Dong Thap, Long An, Can Tho city, Vinh Long, Hau Giang, Kien Giang provinces",Riverine flood,Unknown,85,600000,175002,88468314,511.5,70.06666667,1358.849333,autumn,monsoon,1
2011-0396-VNM,VNM,Viet Nam,2011,10,21,22.172,95.434,"Quang Tri, Quang Binh, Thua Thien-Hue, Quang Nam provinces",Riverine flood,Unknown,13,461570,0,88468314,511.5,70.06666667,1358.849333,autumn,NoMonsoon,1
2011-0400-MMR,MMR,Myanmar,2011,10,19,22.172,95.434,"Saw area (Gangaw district, Magway province), Setoktara area (Minbu district, Magway province), Pakokku district (Magway province), Sagaing, Mandalay provinces",Flash flood,Unknown,151,35734,1700,49419820,511.5,70.06666667,4552.1444,autumn,NoMonsoon,0
2011-0421-CHN,CHN,China,2011,8,1,37.417,109.53,"Beijing Shi, Shanxi Sheng, Nei Mongol Zizhiqu, Jilin Sheng, Heilongjiang Sheng, Jiangsu Sheng, Henan Sheng, Yunnan Sheng, Xinjinag Uygur Zizhiqu",Riverine flood,Unknown,22,3800000,0,1345035000,511.5,70.06666667,2227.122359,summer,monsoon,1
2011-0422-IND,IND,India,2011,8,15,26.59,92.18,"Dhemaji district (Assam province), East Garo Hills, South Garo Hills, West Garo Hills districts (Meghalaya province)",Riverine flood,Unknown,7,11000,0,1261224954,429.8333333,48.33333333,1254.5155,summer,monsoon,0
2011-0424-IND,IND,India,2011,8,15,26.376,86.24,"Barpeta, Bongaigaon, Darrang, Dhemaji, Dhuburi, Golaghat, Jorhat, Karbi Anglong, Sibsagar, Lakhimpur, Nagaon, Sonitpur districts, (Assam province), Begusarai, Bhagalpur, Bhojpur, Buxar, Gopalganj, Katihar, Khagaria, Kishanganj, Lakhisarai, Madhubani, Madhepura, Muzaffarpur, Patna, Purnia, Samastipur, Saran, Saharsa, Sitamarhi, Supaul, Vaishali, Pashchim Champaran districts (Bihar province), Azamgarh, Aligarh, Ambedkar Nagar, Badaun, Ballia, Bara Banki, Bahraich, Bareilly, Bijnor, Faizabad, Farrukhabad, Ghazipur, Gonda, Gorakhpur, Hardoi, Jyotiba Phule Nagar, Kannauj, Kanpur, Kushinagar, Lakhimpur Kheri, Meerut, Muzaffarnagar, Moradabad, Pilibhit, Rampur, Shahjahanpur, Sitapur, Unnao districts (Uttar Pradesh province)",Riverine flood,"Bagmati, Burgi, Dhansiri, Gandak, Ganges, Ghanghra, Kosi, Pupun rivers",204,5549080,0,1261224954,429.8333333,48.33333333,1254.5155,summer,monsoon,1
2011-0426-KOR,KOR,Republic of Korea,2011,7,27,37.851,126.87,"Chuncheon city (Kang-won-do province), Seoul, Kyonggi-do provinces",Riverine flood,Unknown,53,29000,52000,49936638,511.5,70.06666667,213.3785,summer,monsoon,0
2011-0428-IND,IND,India,2011,7,23,28.524,80.93,"Gonda, Balrampur, Faizabad, Bara Banki districts (Uttar Pradesh province), Rajasthan province",Riverine flood,Unknown,19,200000,0,1261224954,429.8333333,48.33333333,1254.5155,summer,monsoon,1
2011-0468-PHL,PHL,Philippines,2011,11,14,22.172,95.434,"Cagayan, Isabela districts (Region II province), Aurora district (Region III province), Capiz, Aklan districts (Region VI province)",Riverine flood,Unknown,5,16178,183,98248614,511.5,70.06666667,41.69744444,autumn,NoMonsoon,0
2011-0469-PHL,PHL,Philippines,2011,11,9,8.085,125.93,"Carmen, Braulio E. Dujali areas (Davao del Norte district, Region XI province)",Flash flood,Unknown,0,8610,178881,98248614,511.5,70.06666667,41.69744444,autumn,NoMonsoon,0
2011-0473-IND,IND,India,2011,9,5,22.172,95.434,Orissa province,Riverine flood,Unknown,42,2100000,432000,1261224954,429.8333333,48.33333333,1254.5155,autumn,monsoon,1
2011-0540-PHL,PHL,Philippines,2011,12,25,22.172,95.434,"Catanduanes district (Region V (Bicol) province), Aklan, Capiz, Negros Occidental districts (Region VI (Western Visayas) province), Cebu district (Region VII (Central Visayas) province), Leyte, Southern Leyte districts (Region VIII (Eastern Visayas) province), Bukidnon district (Region X (Northern Mindanao) province), Compostela, Davao del Norte district (Region XI (Davao Region) province), Agusan del Sur, Dinagat, Surigao del Norte, Surigao del Sur districts (Region XIII (Caraga) province)",Riverine flood,Unknown,12,171800,0,98248614,511.5,70.06666667,41.69744444,winter,NoMonsoon,1
2011-0542-PHL,PHL,Philippines,2011,12,21,22.172,95.434,"Casiguran, Dilasag areas (Aurora district, Region III), Isabela, Cagayan districts (Region II province)",Riverine flood,Unknown,10,39520,0,98248614,511.5,70.06666667,41.69744444,winter,NoMonsoon,0
2011-0562-PHL,PHL,Philippines,2011,5,5,22.172,95.434,"Enrique B. Magalona, Victorias City areas (Negros Occidental district (Region VI province)",Flash flood,Unknown,0,30858,0,98248614,511.5,70.06666667,41.69744444,spring,NoMonsoon,0
2011-0575-IDN,IDN,Indonesia,2011,4,1,-4.39,137.83,Paniai district (Papua province),Riverine flood,Unknown,18,3000,0,249470032,511.5,70.06666667,48.10376923,spring,NoMonsoon,0
2011-0588-PHL,PHL,Philippines,2011,7,20,22.172,95.434,"Zamboanga city (Zamboanga Del Sur district, Region IX province)",Flash flood,Unknown,0,469,0,98248614,511.5,70.06666667,41.69744444,summer,monsoon,0
2011-0590-LKA,LKA,Sri Lanka,2011,5,29,22.172,95.434,"Kegalle district (Sabaragamuwa province), Galle district (Southern province), Gampaha, Colombo, Kalutara districts (Western province)",Riverine flood,Unknown,0,8600,0,21009048,511.5,70.06666667,119.3917143,spring,NoMonsoon,0
2011-0592-PHL,PHL,Philippines,2011,3,31,22.172,95.434,Compostela district (Region XI province),Flash flood,Unknown,2,871,0,98248614,511.5,70.06666667,41.69744444,spring,NoMonsoon,0
2011-0603-IDN,IDN,Indonesia,2011,12,18,-7.379,110.24,"Tieng village (Wonosobo district, Jawa Tengah province)",Riverine flood,Unknown,10,54,0,249470032,511.5,70.06666667,48.10376923,winter,NoMonsoon,0
2011-0632-AFG,AFG,Afghanistan,2011,5,1,22.172,95.434,Baghlan province,Riverine flood,Unknown,37,0,0,29347708,526,70.06666667,68.6501,spring,NoMonsoon,0
2011-0645-IDN,IDN,Indonesia,2011,3,17,22.172,95.434,Paniai district (Papua province),Riverine flood,Paniai lake,13,0,0,249470032,511.5,70.06666667,48.10376923,spring,NoMonsoon,0
2011-0647-IND,IND,India,2011,6,15,22.172,95.434,"Uttar Pradesh, Uttarakhand province",Riverine flood,Unknown,50,0,20000,1261224954,429.8333333,48.33333333,1254.5155,summer,monsoon,0
2011-0663-JPN,JPN,Japan,2011,7,29,22.172,95.434,"Yasudamati, Kamosi districts (Niigata province), Hukusima province",Flood (General),Unknown,6,2000,0,127833000,511.5,70.06666667,108.9076711,summer,monsoon,0
2012-0009-PHL,PHL,Philippines,2012,1,17,22.172,95.434,"Agusan del Sur, Surigao del Sur districts (Region XIII province), Leyte district (Region VIII province), Compostela, Davao del Norte districts (Region XI province), Negros Occidental district (Region VI province), Region IV province",Riverine flood,Unknown,4,88570,0,100175512,511.5,70.06666667,41.69744444,winter,NoMonsoon,0
2012-0042-PHL,PHL,Philippines,2012,2,14,22.172,95.434,"Jabonga area (Agusan del Norte district, Region XIII province), Kauswagan and Bacolod areas (Lanao del Norte district, Region X province)",Riverine flood,Unknown,0,569,0,100175512,511.5,70.06666667,41.69744444,winter,NoMonsoon,0
2012-0059-KAZ,KAZ,Kazakhstan,2012,2,18,22.172,95.434,"Ordabasy, Arys, Otyrar, Kazygurt, Baydibek, Sayram, Tolebi districts (Yujno-kazachstanskaya province)",Riverine flood,Unknown,0,9400,0,17306106,547,68,62.81446154,winter,NoMonsoon,0
2012-0066-PSE,PSE,State of Palestine,2012,2,28,22.172,95.434,"Gaza, Hebron, Jenin, Salfit, Ramallah, Jerusalem provinces",Riverine flood,Unknown,0,1500,0,3979998,511.5,70.06666667,328.7334667,winter,NoMonsoon,0
2012-0078-PHL,PHL,Philippines,2012,2,20,8.22392,125.27,"Lambayong area (Sultan Kudarat district, Region XII province), Agusan del Norte, Surigao del Norte districts (Region XIII province)",Riverine flood,Unknown,0,25000,0,100175512,511.5,70.06666667,41.69744444,winter,NoMonsoon,0
2012-0102-AFG,AFG,Afghanistan,2012,4,10,22.172,95.434,"Olya Cheshma village (Khanabad district, Kunduz province)",Flash flood,Unknown,0,230,0,30560034,526,70.06666667,68.6501,spring,NoMonsoon,0
2012-0112-TJK,TJK,Tajikistan,2012,2,15,22.172,95.434,"Varzob, Kofarnohon, Tojikobod, Jirgatalskiy, Garmskiy districts (Tadzhikistan Territories province), Penjikenskiy, Kuhistoni Mastchohskiy districts (Sogd province), Kurgan-Tjube, Voseysky, Kulyab districts (Khatlon province), Shugnanskiy, Ishkashimskiy districts (Badakhshoni Kuni province)",Riverine flood,Unknown,0,5556,760,8014084,511.5,70.06666667,160.48125,winter,NoMonsoon,0
2012-0136-CHN,CHN,China,2012,5,8,32.452,106.493,"Longnan, Dingxi, Tianshui, Jiuquan, Linxia Hui districts (Gansu Sheng province), Changsha, Zhuzhou, Shaoyang districts (Hunan Sheng province)",Riverine flood,Unknown,53,185000,316333,1354190000,511.5,70.06666667,2227.122359,spring,NoMonsoon,1
2012-0143-AFG,AFG,Afghanistan,2012,5,18,34.2696,64.19,"Sar-e-Pul city (Sar-e-Pul district), Sayad, Sozmaqala, Kohestanat disctricts (Sar-e-Pul province)",Riverine flood,Unknown,74,27469,0,30560034,526,70.06666667,68.6501,spring,NoMonsoon,0
2012-0154-AFG,AFG,Afghanistan,2012,5,20,22.172,95.434,"Chobbash, Turkmania, Saltuq Afghania, Shakarak Bazar, Labe Jare Taghan, Qurbaqa Arigh villages (Khwaja Dukoh district, Jawzan province)",Flash flood,Unknown,0,13150,0,30560034,526,70.06666667,68.6501,spring,NoMonsoon,0
2012-0165-GEO,GEO,Georgia,2012,5,12,42.0681,44.52,"Tbilissi district (Tbilisi province), Ducheti, Mtskheta districts (Mtskheta-Mtianeti province), Akhmeta, Gurdjaani, Lagodekhi districts (Kakheti province)",Flash flood,Unknown,5,100000,3000,3728874,861,110.6666667,97.98825,spring,NoMonsoon,0
2012-0171-PHL,PHL,Philippines,2012,6,11,22.172,95.434,"Kalamansig area (Sultan Kudarat district, Region XII province)",Flash flood,Unknown,0,12300,0,100175512,511.5,70.06666667,41.69744444,summer,monsoon,0
2012-0172-PHL,PHL,Philippines,2012,6,9,6.873,124.78,"Glen area (Saranggani district, Region XII province), Maguindanao district (ARMM province), North Cotabato, Sultan Kudarat districts (Region XII province)",Flash flood,Unknown,1,700,0,100175512,511.5,70.06666667,41.69744444,summer,monsoon,0
2012-0173-CHN,CHN,China,2012,6,22,33.4553,106.94,"Nei Mongol Zizhiqu, Zheijiang Sheng, Fujian Sheng, Jiangxi Sheng, Hubei Sheng, Hunan Sheng, Guangdong Sheng, Guangxi Zhuangzu Zizhiqu, Chongqing Shi, Sichuan Sheng, Guizhou Sheng, Shaanxi Sheng, Shandong Sheng provinces",Riverine flood,Unknown,91,17440000,1200000,1354190000,511.5,70.06666667,2227.122359,summer,monsoon,1
2012-0175-BGD,BGD,Bangladesh,2012,6,24,22.172,92.1,"Chittagong, Bandarban, Cox's Bazar districts (Chittagong province), Sylhet district (Sylhet province)",Riverine flood,Unknown,139,5148475,0,155070101,511.5,70.06666667,11968.294,summer,monsoon,1
2012-0178-TWN,TWN,Taiwan (Province of China),2012,6,9,24.0587,120.94,Taiwan Sheng province,Riverine flood,Unknown,6,35000,16900,96337125,511.5,70.06666667,328.7334667,summer,monsoon,0
2012-0179-IND,IND,India,2012,6,26,26.566,92.44,"Anjaw (70044), Lohit, Changlang, 70045, 70050, Lower Dibang Valley, East Siang, Upper Siang (70051) districts (Arunachal Pradesh province), Assam province",Riverine flood,Brahmaputra,120,2200000,0,1278674502,429.8333333,48.33333333,1254.5155,summer,monsoon,1
2012-0183-AFG,AFG,Afghanistan,2012,5,12,37.0528,70,Takhar province,Riverine flood,Unknown,20,0,0,30560034,526,70.06666667,68.6501,spring,NoMonsoon,0
2012-0186-NPL,NPL,Nepal,2012,5,5,28.524,83.83,"Kaski area (Gandaki district, Western province)",Riverine flood,Seti river,72,0,1000,27534915,511.5,70.06666667,328.7334667,spring,NoMonsoon,0
2012-0188-SAU,SAU,Saudi Arabia,2012,4,14,20.5946,51.01,"Asir, Baha, Hail, Jizan, Madinah, Makkah, Tabuk provinces",Riverine flood,Unknown,19,0,0,26168861,647.125,84.375,328.7334667,spring,NoMonsoon,0
2012-0194-TUR,TUR,Türkiye,2012,7,4,22.172,95.434,"Samsun, Canik areas (Merkez district, Samsun province)",Riverine flood,Unknown,13,0,0,75175827,713.75,103.25,118.8255714,summer,monsoon,0
2012-0195-JPN,JPN,Japan,2012,7,12,22.172,95.434,"Kumamoto, Ooita provinces",Riverine flood,Unknown,30,48135,1400000,127629000,511.5,70.06666667,108.9076711,summer,monsoon,1
2012-0197-CHN,CHN,China,2012,4,28,22.172,95.434,"Min Xian, Zhang Xian, Weiyuan Xian areas (Dingxi district, Gansu Sheng province), Hunan Sheng, Jiangxi provinces",Riverine flood,Unknown,132,13119000,2500000,1354190000,511.5,70.06666667,2227.122359,spring,NoMonsoon,1
2012-0199-CHN,CHN,China,2012,7,11,22.172,95.434,Dazhou district (Sichuan Sheng province),Riverine flood,Unknown,0,220000,0,1354190000,511.5,70.06666667,2227.122359,summer,monsoon,1
2012-0200-CHN,CHN,China,2012,7,15,22.172,95.434,Shaanxi Sheng province,Riverine flood,Unknown,0,53000,0,1354190000,511.5,70.06666667,2227.122359,summer,monsoon,0
2012-0226-AFG,AFG,Afghanistan,2012,6,18,22.172,95.434,"Chaghcharan, Shahrak, Charsada, Do Layna, Dawlat Yar, Tolak districts (Ghor province)",Riverine flood,Unknown,35,1845,0,30560034,526,70.06666667,68.6501,summer,monsoon,0
2012-0258-PRK,PRK,Democratic People's Republic of Korea,2012,7,18,22.172,95.434,"Kaechon, Sunchon, Songchan, Sinyang, Pyongsong, Hoichang districts (Pyongyang-namdo province), Kujang, Unsan, Taechon, Sakju, Changsong, Tongchang, Daegwan districts (Pyongyang-bukto province), Sinchon, Anak, Jaeryong districts (Hwanghae-namdo province), Unpa district (Hwanghae-bukto province), Wonsan, Anbyon, Kosong, Pangyo districts (Kangwon-do province), Pukchong, Danchon, Jongpyong, Kumya districts (Hamgyong-namdo province), Kimchaek, Myongchon, Chongjin, Kilju districts (Hamgyong-bukto province), Samsu district (Yanggang-do province), Chagang-do, P'yongyang-si provinces",Riverine flood,Unknown,88,92945,11400,25211728,511.5,70.06666667,72.38114286,summer,monsoon,0
2012-0266-IDN,IDN,Indonesia,2012,7,24,22.172,95.434,"Galala, Lateri, Passo, Laha, Tawiri, South Leitimur, Batu Gajah, Mangga Dua, Karang Panjang, Batu Merah, Kebun Cengkeh, Ahuru villages (Kota Ambon district, Maluku province)",Riverine flood,Unknown,8,625,0,252698525,511.5,70.06666667,48.10376923,summer,monsoon,0
2012-0272-PHL,PHL,Philippines,2012,8,6,22.172,95.434,"Metropolitan Manila district (National Capital region (NCR) province), Ilocos Sur, La Union, Pangasinan districts (Region I (Ilocos Region) province), Bataan, Bulacan, Nueva Ecija, Pampanga, Tarlac, Zambales districts (Region III (Central Luzon) province), Batangas, Cavite, Laguna, Rizal districts (Region IV-A (Calabarzon) province), Mindoro Occidental, Mindoro Oriental districts (Region IV (Southern Tagalog) province), Iloilo district (Region VI (Western Visayas) province)",Riverine flood,Unknown,112,4451711,72330,100175512,511.5,70.06666667,41.69744444,summer,monsoon,1
2012-0292-CHN,CHN,China,2012,7,21,22.172,95.434,"Fangshan Qu, Chaoyang Qu, Fengtai Qu, Shijingshan Qu, Tongzhou Qu, Beijing Shi areas (Name Unknown district (13000), Beijing Shi province), Huairou Xian, Daxing Xian, Miyun Xian areas (Name Unknown district (13001), Beijing Shi province)",Riverine flood,Unknown,151,1000000,8000000,1354190000,511.5,70.06666667,2227.122359,summer,monsoon,1
2012-0319-MMR,MMR,Myanmar,2012,7,15,16.5919,97.85,"Kawkareik, Kya-in-Seikkyi, Hpa-an areas (Kawkareik district, Kayin province)",Riverine flood,"Salaween, Darka rivers",2,85000,0,49837446,511.5,70.06666667,4552.1444,summer,monsoon,0
2012-0322-IND,IND,India,2012,8,21,22.172,95.434,"Jaipur, Dhaulpur, Dausa, Tonk, Jhunjhunun, Sikar, Hanumangarh, Bikaner districts (Rajasthan province), Anjaw (70044), 70045, 70050, Lower Dibang Valley, Upper Siang (70051) districts (Arunachal Pradesh province)",Riverine flood,Unknown,37,0,0,1278674502,429.8333333,48.33333333,1254.5155,summer,monsoon,0
2012-0325-PAK,PAK,Pakistan,2012,9,4,22.172,95.434,Jammu and Kashmir provinces,Flash flood,Unknown,12,0,0,207667125,511.5,75.33333333,351.4056296,autumn,monsoon,0
2012-0334-IND,IND,India,2012,8,4,30.1135,78.85,"Palchan village (Kullu district, Himachal Pradesh province), Uttarkashi, Rudra Prayag, Chamoli districts (Uttarakhand province), Moradabad district (Uttar Pradesh province), Kathua village (72780 district, Jammu and Kashmir province)",Riverine flood,Unknown,30,1200,110000,1278674502,429.8333333,48.33333333,1254.5155,summer,monsoon,0
2012-0351-VNM,VNM,Viet Nam,2012,9,2,38.19,126.24,"Ninh Binh, Ha Tinh, Thanh Hoa, Nghe An provinces",Riverine flood,Unknown,34,0,30000,89510356,511.5,70.06666667,1358.849333,autumn,monsoon,0
2012-0354-IND,IND,India,2012,9,16,31.3,76.85,"Rudra Prayag, Bageshwar districts (Uttarakhand province)",Riverine flood,Unknown,45,200,20000,1278674502,429.8333333,48.33333333,1254.5155,autumn,monsoon,0
2012-0363-PAK,PAK,Pakistan,2012,8,15,28.04,68.77,"Jaffarabad, Jhal Magsi, Nasirabad districts (Balochistan province), Dera Ghazi Kan, Rajanpur districts (Punjab province), Dadu, Ghotki, Jacobabad, Larkana (Sindh province), Jammu and Kashmir provinces",Riverine flood,Unknown,480,5046462,2500000,207667125,511.5,75.33333333,351.4056296,summer,monsoon,1
2012-0375-THA,THA,Thailand,2012,8,15,17.09,99.64,"Tak, Sukhothai, Phitsanulok, Phichit, Chainat, Ang Thong, Phra Nakhon Si Ayudhya, Suphanburi, Phachinburi, Sa Kaeo, Nakhon Pathom, Chonburi, Rayong, Chachoengsao, Chaiyaphum provinces",Riverine flood,Unknown,0,235545,0,69436098,511.5,70.06666667,454.353,summer,monsoon,1
2012-0378-IDN,IDN,Indonesia,2012,9,12,22.172,95.434,"Pauh, Nanggalo, Lubeg, Kuranji areas (Kota Padang district, Sumatera Barat province)",Flash flood,Unknown,0,1150,0,252698525,511.5,70.06666667,48.10376923,autumn,monsoon,0
2012-0382-BGD,BGD,Bangladesh,2012,9,21,22.172,95.434,"Barisal, Bhola, Patuakhali districts (Barisal province), Dhaka, Faridpur, Jamalpur, Madaripur, Manikganj, Rajbari, Shariatpur, Tangail districts (Dhaka province), Bogra, Pabna, Sirajganj districts (Rajshahi province), Gaibandha, Kurigram districts (Rangpur province)",Riverine flood,Unknown,0,250000,0,155070101,511.5,70.06666667,11968.294,autumn,monsoon,1
2012-0382-IND,IND,India,2012,9,19,26.8,93.63,"Barpeta, Bongaigaon, Darrang, Dhemaji, Dhuburi, Dibrugarh, Goalpara, Golaghat, Jorhat, Kamrup, Lakhimpur, Marigaon, Nagaon, Nalbari, Papum Pare, Sibsagar, Sonitpur, Tinsukia districts (Assam province), Bhagalpur, Darbhanga, Katihar, Khagaria, Muzaffarpur, Patna, Siwan, Supaul districts (Bihar province), Sahibganj district (Jharkhand province), North Sikkim district (Sikkim province), Ballia, Bara Banki, Faizabad districts (Uttar Pradesh province), Murshidabad district (West Bengal province), West Siang, East Siang, Lohit, Papum Pare districts (Arunachal Pradesh province)",Riverine flood,Unknown,21,2000000,98000,1278674502,429.8333333,48.33333333,1254.5155,autumn,monsoon,1
2012-0396-PHL,PHL,Philippines,2012,3,27,22.172,95.434,Region VI (Western Visayas) province,Riverine flood,Unknown,11,0,2000,100175512,511.5,70.06666667,41.69744444,spring,NoMonsoon,0
2012-0416-KGZ,KGZ,Kyrgyzstan,2012,4,23,22.172,95.434,"Osh, Batken, Jalal-Abad, Naryn provinces",Riverine flood,Unknown,0,11000,0,5652076,511.5,70.06666667,70.61607143,spring,NoMonsoon,0
2012-0426-IDN,IDN,Indonesia,2012,11,7,22.172,95.434,"Serdang Bedagai, Nias districts (Sumatra Utara province), Mamasa district (Sulawesi Barat province)",Riverine flood,"Batu Ginging, Kuala Namu, Pekong, Ular",13,15210,0,252698525,511.5,70.06666667,48.10376923,autumn,NoMonsoon,0
2012-0432-IDN,IDN,Indonesia,2012,8,25,22.172,95.434,"Parigimoutong, Kota Palu districts (Sulawesi Tengah province)",Flash flood,Unknown,4,1040,0,252698525,511.5,70.06666667,48.10376923,summer,monsoon,0
2012-0471-IRN,IRN,Iran (Islamic Republic of),2012,10,12,36.53,54.26,"Behshahr, Sari, Gaemshahr, Babol districts (Mazandaran province)",Riverine flood,Unknown,7,1000,0,79370580,650.625,84.25,61.52216667,autumn,NoMonsoon,0
2012-0475-PAK,PAK,Pakistan,2012,8,23,35.03,73.52,"North-West Frontier, Jammu and Kashmir provinces",Riverine flood,Unknown,26,1200,0,207667125,511.5,75.33333333,351.4056296,summer,monsoon,0
2012-0477-CHN,CHN,China,2012,7,9,31.41,113.04,"Wuhan, Huangshi districts (Hubei Sheng province)",Riverine flood,Unknown,58,140000,600000,1354190000,511.5,70.06666667,2227.122359,summer,monsoon,1
2012-0491-IRQ,IRQ,Iraq,2012,12,25,22.172,95.434,Baghdad province,Riverine flood,Unknown,4,0,0,33654842,393,42,947.8885,winter,NoMonsoon,0
2012-0504-KHM,KHM,Cambodia,2012,9,17,22.172,95.434,Banteay Meanchey province,Flash flood,Unknown,14,71500,0,14945085,511.5,70.06666667,3965.6898,autumn,monsoon,0
2012-0505-CHN,CHN,China,2012,9,7,22.172,95.434,"Yiliang, Baoping villages (Zhaotong district, Yunnan Sheng province), Longchangzhen village (Fuquan Shi area, Qiannan Buyei and Miao district, Guizhou Sheng province), Guangyuan, Suining districts (Sichuan province), Zhangjiajie district (Hunan Sheng province)",Riverine flood,Unknown,21,0,500000,1354190000,511.5,70.06666667,2227.122359,autumn,monsoon,0
2012-0537-LKA,LKA,Sri Lanka,2012,12,17,7.976,80.77,"Matale, Kandy, Nuwara Eliya districts (Central province), Batticaloa district (Eastern province), Polonnaruwa, Kurunegala districts (North Central province), Galle, Hambantota districts (Southern province), Badulla, Moneragala districts (Uva province)",Riverine flood,Unknown,53,447000,1200,21169458,511.5,70.06666667,119.3917143,winter,NoMonsoon,1
2012-0539-IDN,IDN,Indonesia,2012,12,24,22.172,95.434,"Solok Selatan district (Sumatra Barat province), Dompu district (Nusatenggara Barat province)",Riverine flood,Unknown,3,10500,0,252698525,511.5,70.06666667,48.10376923,winter,NoMonsoon,0
2012-0573-AFG,AFG,Afghanistan,2012,4,22,22.172,95.434,"Keshendeh, Sholgareh districts (Balkh province), Gelan district (Ghazni province)",Riverine flood,Unknown,20,5700,0,30560034,526,70.06666667,68.6501,spring,NoMonsoon,0
2012-0575-IDN,IDN,Indonesia,2012,5,9,22.172,95.434,Kota Ternate district (Maluku Utara province),Riverine flood,Unknown,5,0,0,252698525,511.5,70.06666667,48.10376923,spring,NoMonsoon,0
2012-0576-CHN,CHN,China,2012,5,20,22.172,95.434,"Guangxi Zhuangzu Zizhiqu, Chongqing Shi, Guizhou Sheng provinces",Riverine flood,Unknown,16,125000,378000,1354190000,511.5,70.06666667,2227.122359,spring,NoMonsoon,1
2012-0581-CHN,CHN,China,2012,7,27,22.172,95.434,"Suihua, Harbin districts (Heilongjiang Sheng province), Nei Mongol Zizhiqu, Shanxi Sheng,",Riverine flood,Unknown,70,500000,800000,1354190000,511.5,70.06666667,2227.122359,summer,monsoon,1
2012-0582-IDN,IDN,Indonesia,2012,7,31,22.172,95.434,Kota Ambon district (Maluku province),Flash flood,Unknown,8,3770,0,252698525,511.5,70.06666667,48.10376923,summer,monsoon,0
2012-0584-IND,IND,India,2012,8,21,22.172,95.434,Himachel Pradesh province,Riverine flood,Unknown,26,9460,16000,1278674502,429.8333333,48.33333333,1254.5155,summer,monsoon,0
2012-0602-PHL,PHL,Philippines,2012,6,12,22.172,95.434,"Region XIII (Caraga), Autonomous region in Muslim Mindanao (ARMM), Region IX (Zamboanga Peninsula), Region X (Northern Mindanao), Region XI (Davao Region), Region XII (Soccsksargen) provinces",Riverine flood,Unknown,29,0,1000,100175512,511.5,70.06666667,41.69744444,summer,monsoon,0
2012-0603-CHN,CHN,China,2012,8,14,22.172,95.434,Shaanxi Sheng province,Riverine flood,Unknown,15,0,370000,1354190000,511.5,70.06666667,2227.122359,summer,monsoon,0
2012-0610-CHN,CHN,China,2012,8,28,22.172,95.434,"Yantai Shi area (Yantai district, Shandong Sheng province), Jilin Sheng, Liaoning Sheng, Heilongjiang Sheng, Hebei Sheng provinces",Riverine flood,Unknown,15,210000,306000,1354190000,511.5,70.06666667,2227.122359,summer,monsoon,1
2013-0007-IDN,IDN,Indonesia,2013,1,17,-6.17945,106.73,Dki Jakarta province,Riverine flood,Unknown,34,248846,3000000,255852467,511.5,70.06666667,48.10376923,winter,NoMonsoon,1
2013-0019-PHL,PHL,Philippines,2013,1,15,22.172,95.434,Region X (Northen Mindanao) province,Flash flood,Unknown,10,507769,2800,102076336,511.5,70.06666667,41.69744444,winter,NoMonsoon,1
2013-0034-IDN,IDN,Indonesia,2013,1,3,-0.86702,121.88,"Manggala, Biringkanaya, Panakkukang, Tamalanrea areas (Kota Makassar district, Sulawesi Selatan province), Pangkajene Kepulauan, Maros, Jeneponto, Barru, Gowa districts (Sulawesi Selatan province)",Riverine flood,Unknown,8,1000,0,255852467,511.5,70.06666667,48.10376923,winter,NoMonsoon,0
2013-0039-LKA,LKA,Sri Lanka,2013,1,8,7.59777,80.92,"Central, Eastern, Northern provinces",Riverine flood,Unknown,52,56747,0,20585000,511.5,70.06666667,119.3917143,winter,NoMonsoon,0
2013-0040-PSE,PSE,State of Palestine,2013,1,8,32.83,36.45,"Jib, Bir Nabala, Nabi Samuel villages (Al Quds (Jerusalem) province), Abu Qash village (Ramallah province), Jericho city (Ariha (Jericho) province), Masafer Yatta area (Al Khalil (Hebron) province), Tubas, Al Hadidiya cities (Tubas province), Gaza, Jabalya provinces",Riverine flood,Unknown,5,12500,0,4076708,511.5,70.06666667,328.7334667,winter,NoMonsoon,0
2013-0063-IDN,IDN,Indonesia,2013,2,15,1.0256,124.51,"Kota Manado, Kepulauan-sangihe districts (Sulawesi Utara province), Rokanhulu district (Riau province)",Riverine flood,Unknown,17,58040,2000,255852467,511.5,70.06666667,48.10376923,winter,NoMonsoon,0
2013-0068-PAK,PAK,Pakistan,2013,2,3,22.172,95.434,"Punjab, Jammu and Kasjmir, North-West Frontier provinces",Riverine flood,Unknown,34,0,0,211073978,511.5,75.33333333,351.4056296,winter,NoMonsoon,0
2013-0126-IDN,IDN,Indonesia,2013,4,7,22.172,95.434,"Blora district (Jawa Tengah province), Bojonegoro, Ngawi, Tuban, Lamongan, Gresik districts (Jawa Timur province)",Riverine flood,Unknown,11,115000,0,255852467,511.5,70.06666667,48.10376923,spring,NoMonsoon,1
2013-0148-AFG,AFG,Afghanistan,2013,2,4,22.172,95.434,"Sholey village (Yawan district, Badakhshan province), Nasaje village (Daman district, Kandahar province), Khakani area of Kunduz city (Kunduz district, Kunduz province), Saydkhel, Bagram, Charikar districts (Parwan province), Hirat, Badghis, Farah provinces",Riverine flood,Unknown,10,5000,0,31622704,526,70.06666667,68.6501,winter,NoMonsoon,0
2013-0159-SAU,SAU,Saudi Arabia,2013,5,2,22.172,95.434,Tabala area (Asir province),Riverine flood,Unknown,24,900,0,27624004,647.125,84.375,328.7334667,spring,NoMonsoon,0
2013-0178-AFG,AFG,Afghanistan,2013,4,25,36.9291,68.85,"Baghlan, Ghor, Balkh provinces",Riverine flood,Unknown,20,9500,0,31622704,526,70.06666667,68.6501,spring,NoMonsoon,0
2013-0192-IND,IND,India,2013,6,12,32.714,76.61,"Uttarakhand, Himachal Pradesh, Uttar Pradesh, Bihar, Karnataka, Kerala, Gujarat, West Bengal provinces",Riverine flood,"Ganges, Yamuna, Ghaghara tivers",6054,500000,1100000,1295829511,429.8333333,48.33333333,1254.5155,summer,monsoon,1
2013-0199-CHN,CHN,China,2013,5,6,22.172,95.434,"Guangxi Zhuangzu Zizhiqu, Hunan Sheng, Guizhou Sheng provinces",Riverine flood,Unknown,20,255000,165000,1363240000,511.5,70.06666667,2227.122359,spring,NoMonsoon,1
2013-0200-CHN,CHN,China,2013,5,12,23.6387,114.46,"Guangdong Sheng, Jiangxi Sheng, Hubei Sheng, Sichuan Sheng, Guizhou Sheng provinces",Riverine flood,Unknown,55,300000,661000,1363240000,511.5,70.06666667,2227.122359,spring,NoMonsoon,1
2013-0201-CHN,CHN,China,2013,5,19,22.172,95.434,Guangdong Sheng province,Riverine flood,Unknown,12,100000,445000,1363240000,511.5,70.06666667,2227.122359,spring,NoMonsoon,0
2013-0202-CHN,CHN,China,2013,5,24,22.172,95.434,"Chongqing Shi, Gansu Sheng, Guangdong Sheng, Guangxi Zhuangzu Zizhiqu, Guizhou Sheng, Hainan Sheng, Henan Sheng, Hubei Sheng, Hunan Sheng, Ningxia Huizu Zizhiqu, Qinghai Sheng, Shaanxi Sheng, Shanxi Sheng, Sichuan Sheng, Yunnan Sheng provinces",Riverine flood,Unknown,12,200000,333000,1363240000,511.5,70.06666667,2227.122359,spring,NoMonsoon,1
2013-0219-CHN,CHN,China,2013,6,5,22.172,95.434,"Anhui Sheng, Hubei Sheng, Hunan Sheng, Jiangxi Sheng provinces",Riverine flood,Unknown,15,10000,277000,1363240000,511.5,70.06666667,2227.122359,summer,monsoon,0
2013-0220-LKA,LKA,Sri Lanka,2013,6,8,22.172,95.434,"Western, Central, Southern, Sabaragamuwa, North Western provinces",Riverine flood,Unknown,58,17199,2000,20585000,511.5,70.06666667,119.3917143,summer,monsoon,0
2013-0221-CHN,CHN,China,2013,6,14,22.172,95.434,"Gansu Sheng, Sichuan Sheng provinces",Riverine flood,Unknown,11,280500,555000,1363240000,511.5,70.06666667,2227.122359,summer,monsoon,1
2013-0243-PRK,PRK,Democratic People's Republic of Korea,2013,7,12,39.6151,126.32,"Tongsin district (Chagang-do province), P'yongan-namdo, P'yongan-bukto, Kangwon-do, Hwanghae-bukto, Hamgyong-namdo provinces",Riverine flood,Unknown,51,800000,0,25329451,511.5,70.06666667,72.38114286,summer,monsoon,1
2013-0256-GEO,GEO,Georgia,2013,7,19,22.172,95.434,"Samergelo and Zemo (upper) Svaneti, Guria, Adjara Aut. Rep., Mtskheta-Mtianeti provinces",Riverine flood,Unknown,0,24000,0,3717668,861,110.6666667,97.98825,summer,monsoon,0
2013-0257-CHN,CHN,China,2013,6,29,22.172,95.434,"Meijia village (Tongnan area, Name Unknown district, Chongqing Shi province), Huilongzhen village (Qionglai Shi area, Chengdu district, Sichuan Sheng province), Shimian Xian, Ya'an Shi areas (Ya'an district, Sichuan Sheng province), Qingchuan Xian area (Guangyuan district, Sichuan Sheng province), Ordos city (Ordos district, Nei Mongol Zizhiqu province), Anhui Sheng, Hubei Sheng, Hebei Sheng, Shanxi Sheng, Zheijiang Sheng provinces",Riverine flood,Unknown,55,625000,1400000,1363240000,511.5,70.06666667,2227.122359,summer,monsoon,1
2013-0259-CHN,CHN,China,2013,7,7,30.4563,104.02,"Dujiangyan Shi area (Chengdu district, Sichuan Sheng province), Wenchuan Xian area (Ngawa Tibetan and Qiang district, Sichuan Sheng province), Beichuan Xian area (Mianyang district, Sichuan Sheng province)",Riverine flood,Unknown,233,3500000,4621600,1363240000,511.5,70.06666667,2227.122359,summer,monsoon,1
2013-0260-IND,IND,India,2013,7,9,22.172,95.434,"Sultanpur, Sitapur, Rae Bareli, Bara Banki, Faizabad, Gorakhpur, Basti, Kushinagar, Bahraich, Gonda, Shravasti districts (Uttar Pradesh province)",Riverine flood,"Ganges, Ghagra, Kuano, Saryu, Sharda",174,500000,2000,1295829511,429.8333333,48.33333333,1254.5155,summer,monsoon,1
2013-0262-CHN,CHN,China,2013,7,21,22.172,95.434,"Jilin Sheng, Gansu Sheng, Heilongjiang Sheng, Xinjiang Uygur Zizhiqu, Sichuan Sheng provinces",Riverine flood,Unknown,36,718500,1400000,1363240000,511.5,70.06666667,2227.122359,summer,monsoon,1
2013-0263-MMR,MMR,Myanmar,2013,7,25,18.3122,98.16,"Kayin, Mon, Rakhine, Taninthayi, Ayeyawaddy province",Riverine flood,Unknown,7,73300,0,50262658,511.5,70.06666667,4552.1444,summer,monsoon,0
2013-0263-THA,THA,Thailand,2013,7,25,22.172,95.434,Mae Sot district (Tak province),Riverine flood,Unknown,0,0,97000,69845114,511.5,70.06666667,454.353,summer,monsoon,0
2013-0264-CHN,CHN,China,2013,7,25,22.172,95.434,Shandong Sheng provinces,Riverine flood,Unknown,10,125000,571000,1363240000,511.5,70.06666667,2227.122359,summer,monsoon,1
2013-0265-JPN,JPN,Japan,2013,7,28,22.172,95.434,"Simane, Yamaguti provinces",Riverine flood,Unknown,5,3633,2000,127445000,511.5,70.06666667,108.9076711,summer,monsoon,0
2013-0266-VNM,VNM,Viet Nam,2013,7,28,22.172,95.434,"Lao Cai, Son La, Quang Ninh, Tuyen Quang provinces",Riverine flood,Unknown,5,5000,6500,90573104,511.5,70.06666667,1358.849333,summer,monsoon,0
2013-0267-IDN,IDN,Indonesia,2013,7,28,22.172,95.434,"Galala, Passo, Sirimau, Teluk Ambon, Leitimur Selatan areas (Kota Ambon district, Maluku province), Kedaton, Rajabassa, Sukabumi, Teluk Betung areas (Kota Bandarlampung district, Lampung province)",Riverine flood,Unknown,12,8140,0,255852467,511.5,70.06666667,48.10376923,summer,monsoon,0
2013-0273-CHN,CHN,China,2013,8,18,35.9161,100.18,"Qinghai Sheng, Nei Mongol Zizhiqu provinces",Riverine flood,Unknown,43,255000,457000,1363240000,511.5,70.06666667,2227.122359,summer,monsoon,1
2013-0274-PHL,PHL,Philippines,2013,8,13,16.3191,121.14,"Region III (Central Luzon) province (Pampanga district (Lubao, Floridablanca, Minalin areas), Bulacan district (Meycauayan area), Nueva Ecija district (Mariveles, Bataan, Malolos City, Carranglan areas), Zambales district (Olongapo area), Tarlac, Bataan districts), Region IV-A (Calabarzon) province (Rizal district (Teresa, Binangonan areas), Cavite district (Imus, Bacoor, Kawit, Noveleta, Tanza areas), Quezon district (Sariaya area), Laguna district), Region IV province (Mindoro Occidental district), National Capital region (NCR) province (Metropolitan Manila district (Las Pinas, Caloocan, Valenzuela, Navotas, Malabon areas)), Region I (Ilocos region) province (Pagasinan district), Cordillera Administrative region (CAR) province (Mountain Province district (Bontoc, Sagada areas), Benguet district (Tuba area), Abra district)",Riverine flood,Unknown,31,3096392,2190000,102076336,511.5,70.06666667,41.69744444,summer,monsoon,1
2013-0276-PAK,PAK,Pakistan,2013,8,7,28.7404,69.11,"Bolan District, Jaffarabad District, Jhal Magsi District, Kalat District, Kech District, Khuzdar District, Lasbela District, Loralai District, Mastung District, Nasirabad District, Quetta District, Sibi District districts (Balochistan province), Chitral District (North-West Frontier province), Bahawalpur District, Chakwal District, Dera Ghazi Khan District, Gujranwala District, Jhang District, Kasur District, Khanewal District, Layyah District, Mandi Bahauddin District, Mianwali District, Muzaffargarh District, Narowal District, Rahim Yar Khan District, Rajanpur District, Sahiwal District, Sheikhupura District, Sialkot District, Toba Tek Singh District, Vehari District districts (Punjab province), Dadu District, Ghotki District, Hyderabad District, Jacobabad District, Khairpur District, Larkana District, Mirpur Khas District, Naushahro Feroze District, Nawabshah District, Shikarpur District, Sukkur District districts (Sindh province)",Riverine flood,Unknown,234,1496870,1500000,211073978,511.5,75.33333333,351.4056296,summer,monsoon,1
2013-0279-AFG,AFG,Afghanistan,2013,8,1,22.172,95.434,"Kabul, Khost, Kunar, Paktya, Nangarrhar provinces",Riverine flood,Unknown,52,2595,0,31622704,526,70.06666667,68.6501,summer,monsoon,0
2013-0282-IND,IND,India,2013,6,23,27.387,94.92,"Dhemaji, Tinsukia, Nagaon, Golaghat, Jorhat, Kamrup, Karimganj, Lakhimpur, Morigaon, Sibsaga, Bongaigaon, Kokrajhar districts (Assam province)",Flood (General),Unknown,80,2000000,0,1295829511,429.8333333,48.33333333,1254.5155,summer,monsoon,1
2013-0309-GEO,GEO,Georgia,2013,8,17,22.172,95.434,Guria province,Flash flood,Unknown,0,1000,0,3717668,861,110.6666667,97.98825,summer,monsoon,0
2013-0317-CHN,CHN,China,2013,8,12,22.172,95.434,"Heilongjiang Sheng, Jilin Sheng, Liaoning Sheng provinces",Riverine flood,Unknown,118,1075000,4960000,1363240000,511.5,70.06666667,2227.122359,summer,monsoon,1
2013-0319-YEM,YEM,Yemen,2013,8,16,22.172,95.434,"Taizz, Dhamar, Al Mahwit, Sana'a, Ibb, Hajjah, Al Hudaydah, Shabwah, Abyan provinces",Riverine flood,Unknown,40,49082,0,29312952,706.5,89,328.7334667,summer,monsoon,0
2013-0333-VNM,VNM,Viet Nam,2013,9,15,22.172,95.434,"Lao Cai, Ha Giang, Lai Chau provinces",Riverine flood,Unknown,23,0,0,90573104,511.5,70.06666667,1358.849333,autumn,monsoon,0
2013-0338-LAO,LAO,Lao People's Democratic Republic,2013,6,15,22.172,95.434,"Xay, Beng districts (Oudomxai province), Khop, Xienghone, Ngeun, Xayabury districts (Xaignabouli province), Bolikhanh, Paksane, Pakkading, Thaphabath districts (Bolikhamxai province), Nakai, Mahaxay, Nongbok, Xebangfay, Hinboon districts (Khammuan province), Pek, Kham, Thathom districts (Xiangkhouang province), Kasy, Feuang, Mad, Hom districts (Vientiane province)",Riverine flood,Unknown,20,350000,60000,6611385,511.5,70.06666667,1192.554816,summer,monsoon,1
2013-0340-PHL,PHL,Philippines,2013,8,1,22.172,95.434,"Region XIII (Caraga), Autonomous region in Muslim Mindanao (ARMM), Region IX (Zamboanga Peninsula), Region X (Northern Mindanao), Region XI (Davao Region), Region XII (Soccsksargen) provinces",Riverine flood,Unknown,11,100000,36000,102076336,511.5,70.06666667,41.69744444,summer,monsoon,0
2013-0343-AFG,AFG,Afghanistan,2013,8,10,22.172,95.434,"Shakardara, Paghman, Kabul districts (Kabul province), Chak, Jaghatu, Nerkh, Saydabad (Wardak province)",Riverine flood,Unknown,31,0,0,31622704,526,70.06666667,68.6501,summer,monsoon,0
2013-0345-IND,IND,India,2013,8,22,22.172,95.434,"Bhopal, Hoshangabad, Seoni, Narsinghpur, Jabalpur districts (Madhya Pradesh province), Uttar Pradesh, Assam provinces",Riverine flood,Narmada and Betwa rivers,73,40000,0,1295829511,429.8333333,48.33333333,1254.5155,summer,monsoon,0
2013-0364-IDN,IDN,Indonesia,2013,9,12,22.172,95.434,"Penejam Paser Utara district (Kalimantan Timur province), Sekadau district (Kalimantan Barat province), Bonebolango district (Gorontalo province), Naganraya district (Nangroe Aceh Darussalam province)",Riverine flood,Unknown,0,23640,0,255852467,511.5,70.06666667,48.10376923,autumn,monsoon,0
2013-0380-KHM,KHM,Cambodia,2013,9,24,12.658,105.084,"Battambang, Banteay Meanchey, Kampong Cham, Prey Veng, Kandal, Siem Reap, Kratie, Kampong Thom, Otdar Meanchey, Stung Treng, Pursat, Kampong Chhnang, Ratanak Kiri, Preah Vihear, Svay Rieng, Phnom Penh, Takeo, Pailin, Kampot provinces",Riverine flood,Mekong river,200,1500000,500000,15170208,511.5,70.06666667,3965.6898,autumn,monsoon,1
2013-0380-VNM,VNM,Viet Nam,2013,9,24,22.172,95.434,"An Giang, Ba Ria-Vung Tau, Bac Lieu, Ben Tre, Binh Dinh, Binh Duong, Binh Phuoc, Binh Thuan, Ca Mau, Can Tho City, Da Nang City, Dak Lak, Dak Nong, Dong Nai, Dong Thap, Gia Lai, Ha Tinh, Hau Giang, Ho Chi Minh City, Khanh Hoa, Kien Giang, Kon Tum, Lam Dong, Long An, Ninh Thuan, Phu Yen, Quang Binh, Quang Nam, Quang Ngai, Quang Tri, Soc Trang, Tay Ninh, Thua Thien - Hue, Tien Giang, Tra Vinh, Vinh Long provinces",Riverine flood,Unknown,30,0,0,90573104,511.5,70.06666667,1358.849333,autumn,monsoon,0
2013-0400-IND,IND,India,2013,10,21,22.172,95.434,"Orissa, Andhra Pradesh, West Bengal provinces",Riverine flood,Unknown,72,375000,260000,1295829511,429.8333333,48.33333333,1254.5155,autumn,NoMonsoon,1
2013-0412-VNM,VNM,Viet Nam,2013,9,3,22.172,95.434,"Bac Giang, Bac Kan, Bac Ninh, Cao Bang, Da Nang City, Dien Bien, Ha Giang, Ha Nam, Ha Noi City, Ha Tay, Ha Tinh, Hai Duong, Hai Phong City, Hoa Binh, Hung Yen, Lai Chau, Lang Son, Lao Cai, Nam Dinh, Nghe An, Ninh Binh, Phu Tho, Quang Binh, Quang Nam, Quang Ninh, Quang Tri, Son La, Thai Binh, Thai Nguyen, Thanh Hoa, Thua Thien - Hue, Tuyen Quang, Vinh Phuc, Yen Bai provinces",Riverine flood,Unknown,29,1000,0,90573104,511.5,70.06666667,1358.849333,autumn,monsoon,0
2013-0416-CHN,CHN,China,2013,9,16,22.172,95.434,"Gansu Sheng, Sichuan Sheng, Shandong Sheng provinces",Riverine flood,Unknown,17,150000,343000,1363240000,511.5,70.06666667,2227.122359,autumn,monsoon,1
2013-0417-LAO,LAO,Lao People's Democratic Republic,2013,9,16,22.172,95.434,"Salavan, Champasak, Attapu, Savannakhet, Xekong provinces",Riverine flood,Unknown,3,224176,61000,6611385,511.5,70.06666667,1192.554816,autumn,monsoon,1
2013-0417-VNM,VNM,Viet Nam,2013,9,16,22.172,95.434,"Dak Lak, Quang Tri, Quang Ngai, Quang Nam, Kon Tum provinces",Riverine flood,Unknown,7,25000,0,90573104,511.5,70.06666667,1358.849333,autumn,monsoon,0
2013-0418-PHL,PHL,Philippines,2013,9,23,22.172,95.434,"Olongapo City area (Zambales district, Region III (Central Luzon) province), Busuanga area (Palawan district, Region IV province)",Riverine flood,Unknown,33,588147,4000,102076336,511.5,70.06666667,41.69744444,autumn,monsoon,1
2013-0428-IDN,IDN,Indonesia,2013,10,7,2.954,99.677,"Stabat, Batang Serangan, Secanggang, Wampu, Padang Tualang villages (Langkat district, Sumatera Utara province)",Riverine flood,Unknown,0,16000,0,255852467,511.5,70.06666667,48.10376923,autumn,NoMonsoon,0
2013-0431-THA,THA,Thailand,2013,9,30,13.082,101.694,"Ang Thong, Chachoengsao, Chainat, Chanthaburi, Chian Rai, Nahkon Nayok, Nakhon Ratchasima, Nakhon Sawan, Pathum Thani, Prachinburi, Phangnga, Phetchaburi, Phichit, Phitsanulok, Phra Nakhon Si Ayudhya, Prachuap Khilikhan, Sa Kaeo, Sakon Nakhon, Si Saket, Surin, Tak, Ubon Ratchathani provinces",Riverine flood,Unknown,61,3500000,482000,69845114,511.5,70.06666667,454.353,autumn,monsoon,1
2013-0434-PHL,PHL,Philippines,2013,10,4,22.172,95.434,"Palawan district (Region IV province), ARMM, Region VI, Region VII, Region, VIII, Region IX, Region X, Region XI, Region XII, Region XIII provinces",Riverine flood,Unknown,20,207971,1988,102076336,511.5,70.06666667,41.69744444,autumn,NoMonsoon,1
2013-0443-VNM,VNM,Viet Nam,2013,11,14,15.58,107.7,"Quang Ngai, Binh Dinh, Quang Nam, Da Nang City, Phu Yen, Gia Lai, Kon Tum provinces",Riverine flood,Mekong river,47,2127865,72000,90573104,511.5,70.06666667,1358.849333,autumn,NoMonsoon,1
2013-0445-SAU,SAU,Saudi Arabia,2013,11,16,27.41,44.81,"Riyad, Northern Frontier provinces",Riverine flood,Unknown,15,121,0,27624004,647.125,84.375,328.7334667,autumn,NoMonsoon,0
2013-0456-NPL,NPL,Nepal,2013,5,25,22.172,95.434,"Kathmandu area (Bagmati district, Central province), Sindhuli area (Janakpur district, Central province), Rautahat area (Narayani district, Central province), Dhankuta, Morang, Sunsari areas (Koshi district, Eastern province), Taplejung, Jhapa areas (Mechi district, Eastern province), Okhaldhunga, Saptari, Solukhumbu, Udayapur areas (Sagarmatha district, Eastern province), Baitadi, Dadeldhura, Darchula, Kanchanpur areas (Mahakali district, Far Western province), Achham, Bajhang, Doti, Kailali areas (Seti district, Far Western province), Bardiya, Dailekh areas (Bheri district, Mid Western province), Kalikot, Humla areas (Karnali district, Mid Western province), Dang, Pyuthan, Rolpa areas (Rapti district, Mid Western province), Nawalparasi area (Lumbini district, Western province), Mustang area (Dhawalagiri district, Western province)",Riverine flood,Unknown,76,12474,0,27589996,511.5,70.06666667,328.7334667,spring,NoMonsoon,0
2013-0504-IRQ,IRQ,Iraq,2013,11,18,22.172,95.434,"Nassriya district (Thi-Qar province), Diwaniya district (Qadissiya province), Hilla district (Babil province), Baghdad province",Riverine flood,Unknown,11,0,0,35281989,393,42,947.8885,autumn,NoMonsoon,0
2013-0533-THA,THA,Thailand,2013,11,20,7.2182,100.39,"Nakhon Si Thammarat, Songkhla, Narathiwat, Phatthalung, Trang provinces",Riverine flood,Unknown,23,0,0,69845114,511.5,70.06666667,454.353,autumn,NoMonsoon,0
2013-0535-MYS,MYS,Malaysia,2013,12,1,3.58444,102.36,"Kuala Lumpur, Pahang, Terengganu, Johor, Kelantan provinces",Riverine flood,Unknown,4,75000,2000,30174265,511.5,70.06666667,206.0363415,winter,NoMonsoon,0
2013-0541-IDN,IDN,Indonesia,2013,12,28,4.48013,97.29,Kota Tebingtinggi district (Sumatera Utara province),Riverine flood,Unknown,0,22500,2000,255852467,511.5,70.06666667,48.10376923,winter,NoMonsoon,0
2013-0553-IDN,IDN,Indonesia,2013,12,14,22.172,95.434,"Bojonegoro, Tuban, Gresik, Mojokerto districts (Jawa Timur province)",Riverine flood,"Bengawan Solo, Lamong rivers",4,84250,2000,255852467,511.5,70.06666667,48.10376923,winter,NoMonsoon,0
2013-0554-CHN,CHN,China,2013,12,14,22.172,95.434,"Hainan Sheng, Yunnan Sheng, Sichuan Sheng provinces",Riverine flood,Unknown,0,0,410000,1363240000,511.5,70.06666667,2227.122359,winter,NoMonsoon,0
2013-0560-IDN,IDN,Indonesia,2013,2,26,22.172,95.434,Belu district (Nusatenggara Timur province),Riverine flood,Unknown,3,13860,0,255852467,511.5,70.06666667,48.10376923,winter,NoMonsoon,0
2013-0576-NPL,NPL,Nepal,2013,7,10,22.172,95.434,"Jhapa area (Mechi district, Eastern province), Morang, Sunsari areas (Koshi district, Eastern province), Saptari area (Sagarmatha district, Eastern province), Rautahat area (Narayani district, Central province)",Flash flood,Unknown,119,0,0,27589996,511.5,70.06666667,328.7334667,summer,monsoon,0
2014-0018-IDN,IDN,Indonesia,2014,1,14,22.172,95.434,"Kota Manado, Minahasa Utara, Kota Tomohon, Minahasa, Minahasa Selatan, Kepulauan-sangihe districts (Sulawesi Utara province)",Riverine flood,"Tondano, Malalayang, Bahu, Singkil",20,128182,153000,258877399,511.5,70.06666667,48.10376923,winter,NoMonsoon,1
2014-0038-IDN,IDN,Indonesia,2014,1,24,22.172,95.434,"Subang, Indramayu districts (Jawa Barat province), Demak, Kudus districts (Jawa Tengah province), Jombang district (Jawa Timur province)",Riverine flood,Unknown,0,259100,173000,258877399,511.5,70.06666667,48.10376923,winter,NoMonsoon,1
2014-0056-IDN,IDN,Indonesia,2014,1,8,-6.6324,107.71,"Tangerang district (Banten province), Dki Jakarta province",Riverine flood,Unknown,32,20000,600000,258877399,511.5,70.06666667,48.10376923,winter,NoMonsoon,0
2014-0057-IDN,IDN,Indonesia,2014,1,19,22.172,95.434,"Jawa Tengah, Jawa Timur provinces",Riverine flood,Unknown,11,0,2000,258877399,511.5,70.06666667,48.10376923,winter,NoMonsoon,0
2014-0081-IDN,IDN,Indonesia,2014,2,25,22.172,95.434,"Abepura area (Kota Jayapura district, Papua province)",Riverine flood,Unknown,13,275,0,258877399,511.5,70.06666667,48.10376923,winter,NoMonsoon,0
2014-0122-TJK,TJK,Tajikistan,2014,4,22,22.172,95.434,"Sarichashma village (Shurabad district, Khatlon province), Kulob city (Kulyab district, Khatlon province) Voseysky, Moskovskiy districts (Khatlon province)",Flash flood,Unknown,20,7400,2000,8425552,511.5,70.06666667,160.48125,spring,NoMonsoon,0
2014-0123-KAZ,KAZ,Kazakhstan,2014,3,23,48.4049,65.59,"Kokpekty village (Bukhar-Zhyrau district, Karagandinskaya province)",Flash flood,Unknown,5,2700,0,17816285,547,68,62.81446154,spring,NoMonsoon,0
2014-0134-AFG,AFG,Afghanistan,2014,4,24,35.834,66.43,"Badakhshan, Jawzjan, Faryab, Sar-e-Pul, Badghis, Balkh, Baghlan, Samangan, Kabul, Ghor, Logar, Takhar, Bamyan, Hirat, Parwan, Nangarhar, Khost, Kandahar, Panjsher, Hilmand, Kapisa, Nimroz, Laghman, Kunduz, Daykundi, Nuristan, Kunar provinces",Flash flood,Unknown,431,140000,0,32792523,526,70.06666667,68.6501,spring,NoMonsoon,1
2014-0171-IRN,IRN,Iran (Islamic Republic of),2014,6,1,22.172,95.434,"Khorasan, Mazandaran, Semnan, Golestan provinces",Flood (General),Unknown,37,440000,49000,81502045,650.625,84.25,61.52216667,summer,monsoon,1
2014-0180-CHN,CHN,China,2014,5,24,22.172,95.434,"Guizhou Sheng, Guangdong Sheng, Chongqing Shi, Sichuan Sheng, Guangxi Zhuangzu Zizhiqu, Jiangxi Sheng, Hunan Sheng provinces",Riverine flood,Unknown,37,5500000,1000000,1371860000,511.5,70.06666667,2227.122359,spring,NoMonsoon,1
2014-0181-LKA,LKA,Sri Lanka,2014,6,4,22.172,95.434,Western province,Riverine flood,Unknown,27,104000,2000,20778000,511.5,70.06666667,119.3917143,summer,monsoon,1
2014-0185-AFG,AFG,Afghanistan,2014,6,3,22.172,95.434,Guzargah-e-Nur district (Baghlan province),Flash flood,Unknown,81,20,3000,32792523,526,70.06666667,68.6501,summer,monsoon,0
2014-0204-TJK,TJK,Tajikistan,2014,5,10,22.172,95.434,"Rudaki city (Leninskiy district, Tadzhikistan Territories province), Vahdat city (Kofarnohon district, Tadzhikistan Territories province), Ganchinskiy district (Sogd province), Khatlon province",Flash flood,Unknown,0,5360,0,8425552,511.5,70.06666667,160.48125,spring,NoMonsoon,0
2014-0212-CHN,CHN,China,2014,6,1,22.172,95.434,"Guizhou Sheng, Guangdong Sheng, Chongqing Shi, Sichuan Sheng, Guangxi Zhuangzu Zizhiqu, Yunnan Sheng, Fujian Sheng provinces",Riverine flood,Unknown,33,350000,677000,1371860000,511.5,70.06666667,2227.122359,summer,monsoon,1
2014-0215-CHN,CHN,China,2014,6,17,22.172,95.434,"Sichuan Sheng, Fujian Sheng, Hunan Sheng provinces",Riverine flood,Unknown,24,15000000,900000,1371860000,511.5,70.06666667,2227.122359,summer,monsoon,1
2014-0217-CHN,CHN,China,2014,6,25,22.172,95.434,"Sichuan Sheng, Zhejiang Sheng provinces",Flood (General),Unknown,24,150000,483000,1371860000,511.5,70.06666667,2227.122359,summer,monsoon,1
2014-0218-IND,IND,India,2014,6,26,22.172,95.434,Assam province,Riverine flood,Brahmaputra,27,18500,2000,1312277191,429.8333333,48.33333333,1254.5155,summer,monsoon,0
2014-0246-NPL,NPL,Nepal,2014,7,1,22.172,95.434,"Sindhupalchok, Lalitpur areas (Bagmati district, Central province), Chitwan area (Narayani district, Central province)",Riverine flood,Unknown,16,2400,0,27672370,511.5,70.06666667,328.7334667,summer,monsoon,0
2014-0250-PHL,PHL,Philippines,2014,6,13,22.172,95.434,"Maguindanao, Shariff Kabunsuan districts (ARMM province)",Riverine flood,Unknown,0,99185,791,103767130,511.5,70.06666667,41.69744444,summer,monsoon,0
2014-0260-KHM,KHM,Cambodia,2014,7,30,22.172,95.434,"Kampong Cham, Kampong Chhnang, Kampong Speu, Kampong Thom, Kampot, Kandal, Kratie, Phnom Penh, Preah Vihear, Prey Veng, Stung Treng, Takeo provinces",Flash flood,Mekong river,45,472500,2000,15396772,511.5,70.06666667,3965.6898,summer,monsoon,1
2014-0266-CHN,CHN,China,2014,7,3,22.172,95.434,"Guizhou Sheng, Yunnan Sheng provinces",Riverine flood,Unknown,23,0,500000,1371860000,511.5,70.06666667,2227.122359,summer,monsoon,0
2014-0267-CHN,CHN,China,2014,7,13,22.172,95.434,"Guizhou Sheng, Jiangxi Sheng, Hunan Sheng, Sichuan Sheng provinces",Riverine flood,Unknown,66,81500,1250000,1371860000,511.5,70.06666667,2227.122359,summer,monsoon,1
2014-0268-IND,IND,India,2014,7,16,22.172,95.434,"Uttarakhand, Himachal Pradesh provinces",Riverine flood,Sharda river,26,0,0,1312277191,429.8333333,48.33333333,1254.5155,summer,monsoon,0
2014-0268-NPL,NPL,Nepal,2014,7,16,22.172,95.434,Far Western province,Riverine flood,Sharda river,8,0,0,27672370,511.5,70.06666667,328.7334667,summer,monsoon,0
2014-0272-NPL,NPL,Nepal,2014,8,11,22.172,95.434,"Jure, Mankhaa villages (Sindhupalchok area, Bagmati district, Central province), Lalitpur area (Bagmati district, Central province), Surkhet, Banke, Bardiya, Jajarkot areas (Bheri district, Mid Western province), Dang, Salyan, Rukum, Rolpa areas (Rapti district, Mid Western province), Kaski, Gorkha areas (Gandaki district, Western province), Achham area (Seti district, Far Western province), Chitwan area (Narayani district, Central province)",Flood (General),Unknown,294,184745,0,27672370,511.5,70.06666667,328.7334667,summer,monsoon,1
2014-0290-BGD,BGD,Bangladesh,2014,8,11,22.172,95.434,"Lalmonirhat, Kurigram, Nilphamari, Rangpur, Gaibandha districts (Rangpur province), Bogra, Sirajganj districts (Rajshahi province), Sunamganj, Sylhet districts (Sylhet province), Sherpur, Netrakona, Munshiganj, Jamalpur, Tangail, Faridpur, Manikganj, Rajbari districts (Dhaka province), Bhola, Patuakhali, Barguna districts (Barisal province), Feni, Chittagong districts (Chittagong province)",Riverine flood,Ganges river,59,2800000,160000,157964929,511.5,70.06666667,11968.294,summer,monsoon,1
2014-0313-IND,IND,India,2014,8,3,22.172,95.434,Orissa province,Riverine flood,"Mahanadi, Baitarani, Budha",35,179000,200000,1312277191,429.8333333,48.33333333,1254.5155,summer,monsoon,1
2014-0321-CHN,CHN,China,2014,8,11,22.172,95.434,"Fujian Sheng, Jiangxi Sheng, Hunan Sheng, Guangdong Sheng, Sichuan Sheng, Guangxi Zhuangzu Zizhiqu, Guizhou Sheng provinces",Flash flood,Unknown,27,150000,487000,1371860000,511.5,70.06666667,2227.122359,summer,monsoon,1
2014-0323-CHN,CHN,China,2014,8,22,22.172,95.434,"Guizhou Sheng, Hebei Sheng, Qinghai Sheng, Ningxia Huizu Zizhiqu, Hunan Sheng, Sichuan Sheng, Nei Mongol Zizhiqu, Shaanxi Sheng, Gansu Sheng provinces",Riverine flood,Unknown,10,50000,600000,1371860000,511.5,70.06666667,2227.122359,summer,monsoon,0
2014-0324-KOR,KOR,Republic of Korea,2014,8,25,22.172,95.434,"Pusan, Kyongsangnam-do provinces",Flash flood,Unknown,17,0,2000,50746659,511.5,70.06666667,213.3785,summer,monsoon,0
2014-0343-IND,IND,India,2014,9,15,22.172,95.434,Jammu and Kashmir provinces,Riverine flood,Unknown,298,275000,16000000,1312277191,429.8333333,48.33333333,1254.5155,autumn,monsoon,1
2014-0343-PAK,PAK,Pakistan,2014,9,1,22.172,95.434,"Sialkot, Narowal, Lahore, Gujranwala, Mandi Bahauddin, Gujrat, Hafizabad, Jhelum, Jhang, Sargodha, Okara, Attock districts (Punjab province), Jammu and Kashmir provinces",Riverine flood,"Chenab, Ravi, Sutlej, Jhelum",255,2530000,2000000,214264647,511.5,75.33333333,351.4056296,autumn,monsoon,1
2014-0344-CHN,CHN,China,2014,9,1,22.172,95.434,"Sichuan Sheng, Guizhou Sheng, Chongqing Shi provinces",Riverine flood,Unknown,65,300000,570000,1371860000,511.5,70.06666667,2227.122359,autumn,monsoon,1
2014-0345-THA,THA,Thailand,2014,9,1,22.172,95.434,"Sukhothai, Phra Nakhon Si Ayudhya provinces",Riverine flood,Unknown,10,73260,10000,70216367,511.5,70.06666667,454.353,autumn,monsoon,0
2014-0365-GEO,GEO,Georgia,2014,9,21,22.172,95.434,"Batumi, Kobouleti districts (Adjara Aut. Rep. province), Guria province",Riverine flood,Unknown,0,12000,0,3719414,861,110.6666667,97.98825,autumn,monsoon,0
2014-0389-CHN,CHN,China,2014,9,10,22.172,95.434,"Sichuan Sheng, Shaanxi Sheng, Hubei Sheng, Chongqing Shi, Guizhou Sheng provinces",Riverine flood,Unknown,50,1065000,1400000,1371860000,511.5,70.06666667,2227.122359,autumn,monsoon,1
2014-0391-IND,IND,India,2014,9,24,22.172,95.434,"Tura village (West Garo Hills district, Meghalaya province), Goalpara, Kamrup districts (Assam province)",Riverine flood,Unknown,95,0,163000,1312277191,429.8333333,48.33333333,1254.5155,autumn,monsoon,0
2014-0406-CHN,CHN,China,2014,7,10,22.172,95.434,"Guangxi Zhuangzu Zizhiqu, Yunnan Sheng, Guizhou Sheng provinces",Riverine flood,Unknown,24,61000,0,1371860000,511.5,70.06666667,2227.122359,summer,monsoon,0
2014-0408-IND,IND,India,2014,8,16,22.172,95.434,"Shravasti, Balrampur, Sitapur, Lakhimpur Kheri, Gonda, Bara Banki, Faizabad, Azamgarh districts (Uttar Pradesh province), Uttarakhand, Bihar, Assam provinces",Riverine flood,"Ghagra, Rapti, Saryu rivers",94,500000,0,1312277191,429.8333333,48.33333333,1254.5155,summer,monsoon,1
2014-0409-IND,IND,India,2014,8,9,22.172,95.434,Odisha province,Riverine flood,Unknown,47,3600000,100000,1312277191,429.8333333,48.33333333,1254.5155,summer,monsoon,1
2014-0411-LAO,LAO,Lao People's Democratic Republic,2014,8,12,22.172,95.434,"Khammouan, Salavan, Champasak, Savannakhet provinces",Riverine flood,Unknown,0,750,0,6703172,511.5,70.06666667,1192.554816,summer,monsoon,0
2014-0412-MMR,MMR,Myanmar,2014,9,17,22.172,95.434,Tachileik district (Shan (E) province),Riverine flood,Unknown,0,4600,0,50681634,511.5,70.06666667,4552.1444,autumn,monsoon,0
2014-0413-MMR,MMR,Myanmar,2014,8,15,22.172,95.434,"Ayeyawaddy, Bago (E), Bago (W), Kayin, Kachin, Magway, Rakhine, Shan (E), Shan (N), Shan (S), Taninthayi, Yangon provinces",Riverine flood,Unknown,0,35400,0,50681634,511.5,70.06666667,4552.1444,summer,monsoon,0
2014-0414-PHL,PHL,Philippines,2014,8,30,22.172,95.434,"El Salvador, Cagayan de Oro City, Lagonglong, Naauan, Opol areas (Misamis Oriental district, Region X province), Quezon area (Bukidnon district, Region X province)",Flash flood,Unknown,4,3770,0,103767130,511.5,70.06666667,41.69744444,summer,monsoon,0
2014-0471-THA,THA,Thailand,2014,11,7,22.172,95.434,"Pattani, Phra Nakhon Si Ayutthaya, Surat Thani, Trang province",Flash flood,Unknown,0,12000,0,70216367,511.5,70.06666667,454.353,autumn,NoMonsoon,0
2014-0473-IDN,IDN,Indonesia,2014,11,22,22.172,95.434,"Nangroe Aceh Darussalam, Bengkulu, Jambi, Lampung, Sumatera Barat, Sumatera Utara, Riau, Sumatera Selatan provinces",Riverine flood,Unknown,1,10420,0,258877399,511.5,70.06666667,48.10376923,autumn,NoMonsoon,0
2014-0493-THA,THA,Thailand,2014,12,15,22.172,95.434,"Nakhon Si Thammarat, Phatthalung, Narathiwat provinces",Riverine flood,Unknown,4,27140,0,70216367,511.5,70.06666667,454.353,winter,NoMonsoon,0
2014-0494-MYS,MYS,Malaysia,2014,12,16,22.172,95.434,"Sabah, Kelantan, Pahang, Terengganu, Perak, Johor, Selangor, Perlis provinces",Riverine flood,Unknown,17,230000,284000,30696137,511.5,70.06666667,206.0363415,winter,NoMonsoon,1
2014-0495-LKA,LKA,Sri Lanka,2014,12,1,22.172,95.434,Mullattivu district (Northern province),Riverine flood,Unknown,41,1100000,0,20778000,511.5,70.06666667,119.3917143,winter,NoMonsoon,1
2014-0522-THA,THA,Thailand,2014,12,13,22.172,95.434,"Krabi, Nakhon Si Thammarat, Narathiwat, Pattani, Phangnga, Phatthalung, Phuket, Satun, Songkhla, Surat Thani, Trang, Yala provinces",Riverine flood,Unknown,15,18880,0,70216367,511.5,70.06666667,454.353,winter,NoMonsoon,0
2014-0535-LKA,LKA,Sri Lanka,2014,2,6,22.172,95.434,"Central, Eastern, North Central, North Western, Northern, Sabaragamuwa, Southern, Uva, Western provinces",Riverine flood,Unknown,27,0,0,20778000,511.5,70.06666667,119.3917143,winter,NoMonsoon,0
2014-0549-CHN,CHN,China,2014,5,12,22.172,95.434,Hunan Sheng province,Riverine flood,Unknown,53,0,700000,1371860000,511.5,70.06666667,2227.122359,spring,NoMonsoon,0
2014-0550-CHN,CHN,China,2014,6,4,22.172,95.434,Guangdong Sheng province,Riverine flood,Unknown,37,450000,1100000,1371860000,511.5,70.06666667,2227.122359,summer,monsoon,1
2014-0571-PHL,PHL,Philippines,2014,8,25,22.172,95.434,"Kabacan, Tulunan, Pikit areas (North Cotabato district, Region XII province), Upi, So. Upi areas (Shariff Kabunsuan district, ARMM province), Maguindanao district (ARMM province)",Flood (General),Unknown,1,42175,0,103767130,511.5,70.06666667,41.69744444,summer,monsoon,0
2014-0581-BGD,BGD,Bangladesh,2014,9,15,22.172,95.434,"Bogra, Naogaon districts (Rajshahi province), Jamalpur, Mymensing, Netrokona districts (Dhaka province), Kurigram Lalmonirhat, Gaibandha districts (Rangpur province), Brahmanbaria district (Chittagong province)",Flood (General),Unknown,0,400000,0,157964929,511.5,70.06666667,11968.294,autumn,monsoon,1
2015-0021-MYS,MYS,Malaysia,2015,1,14,22.172,95.434,Sarawak province,Riverine flood,Unknown,1,3000,0,31232798,511.5,70.06666667,206.0363415,winter,NoMonsoon,0
2015-0036-IDN,IDN,Indonesia,2015,1,23,22.172,95.434,Pesisir Selatan district (Sumatera Barat province),Flash flood,Unknown,1,8244,0,261799249,511.5,70.06666667,48.10376923,winter,NoMonsoon,0
2015-0038-TUR,TUR,Türkiye,2015,1,30,22.172,95.434,"Edirne city, Karaagac borough, Degirmenyeni village (Merkez district, Edirne province)",Riverine flood,Unknown,8,5000,0,78218479,713.75,103.25,118.8255714,winter,NoMonsoon,0
2015-0056-IDN,IDN,Indonesia,2015,2,5,22.172,95.434,Gorontalo province,Riverine flood,Unknown,0,300,0,261799249,511.5,70.06666667,48.10376923,winter,NoMonsoon,0
2015-0076-IDN,IDN,Indonesia,2015,1,30,22.172,95.434,"Dki Jakarta, Jawa Barat, Jawa Timur, Jawa Tengah, Bali, Nusatenggara Barat provinces",Riverine flood,Unknown,2,25000,0,261799249,511.5,70.06666667,48.10376923,winter,NoMonsoon,0
2015-0077-IDN,IDN,Indonesia,2015,2,8,22.172,95.434,"Dki Jakarta, Jawa Barat, Jawa Timur, Jawa Tengah, Bali, Nusatenggara Barat provinces",Riverine flood,Unknown,6,0,235000,261799249,511.5,70.06666667,48.10376923,winter,NoMonsoon,0
2015-0088-IRN,IRN,Iran (Islamic Republic of),2015,3,10,22.172,95.434,Bandar-e Abbas district (Hormozgan province),Flash flood,Unknown,3,0,60000,82619362,650.625,84.25,61.52216667,spring,NoMonsoon,0
2015-0107-IND,IND,India,2015,3,20,33.1767,76.41,"Chadoora village (72811 district, Jammu and Kashmir province)",Flash flood,Jhelum river,44,0,76000,1328024498,429.8333333,48.33333333,1254.5155,spring,NoMonsoon,0
2015-0124-PAK,PAK,Pakistan,2015,2,24,22.172,95.434,"Federally Administered Tribal Areas, North-West Frontier, Punjab provinces",Riverine flood,Unknown,32,0,0,217290883,511.5,75.33333333,351.4056296,winter,NoMonsoon,0
2015-0127-IRN,IRN,Iran (Islamic Republic of),2015,3,11,22.172,95.434,"Hormozgan, Kerman, Sistan-o baluchestan provinces",Flash flood,Unknown,3,2700,60000,82619362,650.625,84.25,61.52216667,spring,NoMonsoon,0
2015-0129-IDN,IDN,Indonesia,2015,3,15,-6.55868,108.4,Indramayu district (Java Barat province),Riverine flood,Cimanuk river,0,8000,0,261799249,511.5,70.06666667,48.10376923,spring,NoMonsoon,0
2015-0130-SAU,SAU,Saudi Arabia,2015,3,23,22.172,95.434,"Makkah, Asir, Najran, Riyad provinces",Riverine flood,Unknown,11,0,2000,29816382,647.125,84.375,328.7334667,spring,NoMonsoon,0
2015-0145-PAK,PAK,Pakistan,2015,4,26,33.5131,71.89,"Peshawar district, North-West Frontier province",Flash flood,Unknown,49,4800,1000,217290883,511.5,75.33333333,351.4056296,spring,NoMonsoon,0
2015-0154-KAZ,KAZ,Kazakhstan,2015,4,8,22.172,95.434,"Temirtaou city (Bukhar-Zhyrau district, Karagandinskaya province), Karkaraly, Shet, Abay district (Karagandinskaya province), Akmolinskaya, Pavlodarskaya provinces",Flash flood,Unknown,2,12670,5300,18084169,547,68,62.81446154,spring,NoMonsoon,0
2015-0185-CHN,CHN,China,2015,5,13,27.0326,114.98,"Hukengzhen village (Anfu area, Ji'an district, Jiangxi Sheng province), Leishan Xian area (Qiandongnan Miao and Dong district, Guizhou Sheng province), Ganzhou Shi area (Ganzhou district, Jiangxi Sheng province), Guiyang district (Guizhou Sheng province), Fujian Sheng, Guangxi Zhuangzu Zizhiqu, Hunan Sheng, Guangdong Sheng, Jiangsu Sheng, Sichuan Sheng, Yunnan Sheng, Hubei Sheng, Anhui Sheng, Chongqing Shi, Zhejiang Sheng provinces",Riverine flood,Unknown,58,82000,800000,1379860000,511.5,70.06666667,2227.122359,spring,NoMonsoon,0
2015-0194-TJK,TJK,Tajikistan,2015,5,11,37.8142,73.26,"Zarkamar village (Kabodien district, Khatlon province), Olimobod village (Jilikul district, Khatlon province), Mehnatobod (Ghozimalik district, Khatlon province), Navbuned, Bagara, Shankhay villages (Vahshskiy district, Khatlon province), Tugul village (Parharskiy district, Khatlon province), Hoit village (Garmskiy district, Tadzhikistan Territories province)",Riverine flood,Unknown,0,5401,0,8643840,511.5,70.06666667,160.48125,spring,NoMonsoon,0
2015-0207-IND,IND,India,2015,5,17,10.7121,79.18,"Bhadrairuppu village (Virudhunagar district, Tamil Nadu province)",Flash flood,Unknown,8,200,0,1328024498,429.8333333,48.33333333,1254.5155,spring,NoMonsoon,0
2015-0215-PAK,PAK,Pakistan,2015,6,4,22.172,95.434,Khuzdar district (Balochistan province),Flash flood,Unknown,20,0,0,217290883,511.5,75.33333333,351.4056296,summer,monsoon,0
2015-0219-CHN,CHN,China,2015,5,13,22.172,95.434,"Anhui Sheng, Fujian Sheng, Guangdong Sheng, Guangxi Zhuangzu Zizhiqu, Guizhou Sheng, Haina Sheng, Hunan Sheng, Jiangsu Sheng, Jiangxi Sheng, Shanghai Shi, Yunnan Sheng, Zhejiang Sheng provinces",Flood (General),Unknown,20,60000,254000,1379860000,511.5,70.06666667,2227.122359,spring,NoMonsoon,0
2015-0220-CHN,CHN,China,2015,5,28,22.172,95.434,"Guizhou Sheng, Chongqing Shi, Jiangsu Sheng, Fujian Sheng provinces",Flood (General),Unknown,17,60000,500000,1379860000,511.5,70.06666667,2227.122359,spring,NoMonsoon,0
2015-0227-GEO,GEO,Georgia,2015,6,7,42.0683,44.54,"Vake and Saburtalo boroughs (Tbilissi district, Tbilisi province)",Flash flood,"Vere, Mtkvari rivers",40,10320,23000,3725276,861,110.6666667,97.98825,summer,monsoon,0
2015-0240-CHN,CHN,China,2015,6,16,22.172,95.434,"Jiangsu Sheng, Anhui Sheng, Hubei Sheng, Chongqing Shi, Sichuan Sheng, Guizhou Sheng, Zhejiang Sheng, Jiangxi Sheng, Hunan Sheng provinces",Flood (General),Unknown,15,0,200000,1379860000,511.5,70.06666667,2227.122359,summer,monsoon,0
2015-0247-CHN,CHN,China,2015,6,1,22.172,95.434,"Guizhou Sheng, Hunan Sheng, Jinagxi Sheng, Fujian Sheng, Guangdong Sheng, Hubei Sheng, Chongqing Shi provinces",Riverine flood,Unknown,9,60000,625000,1379860000,511.5,70.06666667,2227.122359,summer,monsoon,0
2015-0248-CHN,CHN,China,2015,6,7,22.172,95.434,"Hunan Sheng, Guizhou Sheng, Hubei Sheng, Gansu Sheng, Zhejiang Sheng, Anhui Sheng, Fujian Sheng, Jiangxi Sheng, Chongqing Shi, Sichuan Sheng provinces",Riverine flood,Unknown,16,60000,2000000,1379860000,511.5,70.06666667,2227.122359,summer,monsoon,1
2015-0249-IND,IND,India,2015,6,19,21.8734,70.76,"Amreli, Rajkot, Surat districts (Gujarat province), Maharashtra province",Riverine flood,Unknown,81,9000,604000,1328024498,429.8333333,48.33333333,1254.5155,summer,monsoon,0
2015-0253-BGD,BGD,Bangladesh,2015,6,23,22.172,95.434,"Bandarban, Chittagong, Cox's Bazar districts (Chittagong province)",Riverine flood,Unknown,20,1381250,40000,159383179,511.5,70.06666667,11968.294,summer,monsoon,1
2015-0253-IND,IND,India,2015,6,23,22.172,95.434,"Mirik, Kalimpong, Darjeeling villages (Darjiling district, West Bengal province),",Riverine flood,Unknown,40,0,0,1328024498,429.8333333,48.33333333,1254.5155,summer,monsoon,0
2015-0253-MMR,MMR,Myanmar,2015,6,23,22.172,95.434,"Buthidaung, Thandwe districts (Rakhine province), Taninthayi, Kayin, Ayeyawaddy, Bago (E), Bago (W) provinces",Riverine flood,Unknown,7,14000,0,51089056,511.5,70.06666667,4552.1444,summer,monsoon,0
2015-0255-CHN,CHN,China,2015,6,26,22.172,95.434,"Anhui Sheng, Jiangsu Sheng, Sichuan Sheng provinces",Riverine flood,Unknown,35,128700,645000,1379860000,511.5,70.06666667,2227.122359,summer,monsoon,1
2015-0258-IRN,IRN,Iran (Islamic Republic of),2015,7,14,33.6304,54.04,"Tehran, Mazandaran, Ghazvin, Khorasan, Kordestan, Kerman, Semnan, Zanjan, West Azarbayejan provinces",Flash flood,Unknown,23,4000,0,82619362,650.625,84.25,61.52216667,summer,monsoon,0
2015-0279-PHL,PHL,Philippines,2015,7,2,22.172,95.434,"Basilan, Tawi-tawi districts (ARMM province)",Flood (General),Unknown,8,122000,0,105312992,511.5,70.06666667,41.69744444,summer,monsoon,1
2015-0283-PHL,PHL,Philippines,2015,7,7,22.172,95.434,"Caloocan, Malabon, Quezon City, Valenzuela City areas (Metropolitan Manila district, NCR province),Dinalpupihan, Mariveles areas (Bataan district, Region III province),Marilao, Meycauayan, San Jose Del Monte, Santa Maria areas (Bulacan district, Region III province), San Fernando area (Pampanga district, Region III province), Botolan, Candelaria, Masinloc areas (Zambales district, Region III province), San Jose area (Batangas district, Region IV-A province), San Pedro area (Laguna district, Region IV-A province), Conner, Kabugao areas (Apayao district, CAR province), Atok, Baguio City, Bangar, Itogon, Kapangan, Kibunga, La Trinidad, Sablan, Tuba areas (Benguet district, CAR province), Liwan, Tabuk areas (Kalinga district, CAR province)",Flood (General),Unknown,23,42500,86,105312992,511.5,70.06666667,41.69744444,summer,monsoon,0
2015-0284-PHL,PHL,Philippines,2015,7,12,15.5509,120.8,Pangasinan province,Flood (General),Unknown,4,3000,0,105312992,511.5,70.06666667,41.69744444,summer,monsoon,0
2015-0286-TJK,TJK,Tajikistan,2015,7,15,38.0626,73.11,"Shugnanskiy, Rushanskiy, Vanchskiy districts (Badakhshoni Kuni province), Garmskiy, Tojikobod districts (Tadzhikistan Territories province)",Riverine flood,"Pyang, Gund, Wakhsh, Zaravshan, Kafernigan, Isfara, Isfana",0,5401,0,8643840,511.5,70.06666667,160.48125,summer,monsoon,0
2015-0288-PAK,PAK,Pakistan,2015,6,25,35.0129,72.84,North-West Frontier province,Flood (General),Unknown,10,0,0,217290883,511.5,75.33333333,351.4056296,summer,monsoon,0
2015-0291-PAK,PAK,Pakistan,2015,7,15,34.3432,72.27,"Punjab, Jammu and Kashmir, North-West Frontier, Balochistan, Sindh provinces",Flood (General),Unknown,238,1572191,0,217290883,511.5,75.33333333,351.4056296,summer,monsoon,1
2015-0292-VNM,VNM,Viet Nam,2015,7,25,20.8137,106.86,Quang Ninh province,Flash flood,Unknown,32,15000,204000,92823254,511.5,70.06666667,1358.849333,summer,monsoon,0
2015-0293-BGD,BGD,Bangladesh,2015,7,25,22.172,95.434,"Barisal district (Barisal province), Chittagong district (Chittagong province), Khulna district (Khulna province)",Riverine flood,Unknown,11,10000,0,159383179,511.5,70.06666667,11968.294,summer,monsoon,0
2015-0303-CHN,CHN,China,2015,7,20,22.172,95.434,"Anhui Sheng, Fujian Sheng, Guangxi Zhuangzu Zizhiqu, Guangdong Sheng, Hainan Sheng provinces",Flood (General),Unknown,28,105300,1200000,1379860000,511.5,70.06666667,2227.122359,summer,monsoon,1
2015-0308-MMR,MMR,Myanmar,2015,7,15,20.175,95.53,"Mandalay, Rakhine, Chin, Sagaing, Kachin, Kayin, Shan (E), Magway, Mon, Ayeyarwady, Bago (West) provinces",Riverine flood,Irrawaddy,149,1621703,119000,51089056,511.5,70.06666667,4552.1444,summer,monsoon,1
2015-0317-IND,IND,India,2015,7,15,26.2074,82.62,"Kachchh, Patan, Banas Kantha districts (Gujarat province), Malda, Jalpaiguri districts (West Bengal province), Jorhat, Dhemaji, Lakhimpur, Dhuburi, Darrang, Goalpara, Karbi Anglong, Marigaon districts (Assam province), Manipur, Orissa, Rajasthan, Madhya Pradesh provinces",Riverine flood,Unknown,293,13709887,0,1328024498,429.8333333,48.33333333,1254.5155,summer,monsoon,1
2015-0323-PHL,PHL,Philippines,2015,8,5,22.172,95.434,"Malaybalay City, Valencia areas (Bukidnon district, Region X province)",Riverine flood,Unknown,9,880,0,105312992,511.5,70.06666667,41.69744444,summer,monsoon,0
2015-0324-LAO,LAO,Lao People's Democratic Republic,2015,8,1,22.172,95.434,"Houaphan, Bolikhamxai, Khammouan, Louang-Namtha provinces",Flood (General),Mekong river,0,47800,10000,6801645,511.5,70.06666667,1192.554816,summer,monsoon,0
2015-0333-IND,IND,India,2015,7,7,22.172,95.434,"Rajasthan, Uttar Pradesh, Jammu and Kashmir, Arunachal Pradesh, Uttarakhand, Punjab, Haryana, Himachal Pradesh provinces",Riverine flood,Unknown,25,0,0,1328024498,429.8333333,48.33333333,1254.5155,summer,monsoon,0
2015-0333-PAK,PAK,Pakistan,2015,7,7,22.172,95.434,"Rawalpindi District (Punjab province), Islamabad District (Islamabad province), Jammu and Kashmir provinces",Riverine flood,Unknown,18,0,0,217290883,511.5,75.33333333,351.4056296,summer,monsoon,0
2015-0345-PRK,PRK,Democratic People's Republic of Korea,2015,8,1,22.172,95.434,"Daedong, Dokchon, Kaechon districts (P'yongan-namdo province), Sakju district (P'yongan-bukto province), Pyongsan district (Hwanghae-bukto province), Haeju, Byoksong, Bongchon districts (Hwanghae-namdo province), Danchon, Doksong districts (Hamgyong-namdo province), Kimchaek, Kilju, Myongchon, Hwadae, Sonbong, Rajin districts (Hamgyong-bukto province), Kanggye, Huichon, Jonchon, Songwon, Kopung distrcits (Chagang-do province)",Riverine flood,Unknown,33,3541,0,25575350,511.5,70.06666667,72.38114286,summer,monsoon,0
2015-0359-PHL,PHL,Philippines,2015,7,30,22.172,95.434,"Jagna area (Bohol district, Region VII (Central Visayas) province), Malaybalay city, Valencia areas (Bukidnon district, Region X (Northern Mindanao) province), Ampatuan, Datu Piang, Pagalungan areas (Maguindanao districts, ARMM province), Kabuntalan, Sultan Kudarat areas (Shariff Kabunsuan district, ARMM province)",Flood (General),Unknown,9,62929,114,105312992,511.5,70.06666667,41.69744444,summer,monsoon,0
2015-0374-IND,IND,India,2015,8,13,26.8946,93.75,Assam province,Flood (General),Brahmaputra river,5,18000,0,1328024498,429.8333333,48.33333333,1254.5155,summer,monsoon,0
2015-0395-CHN,CHN,China,2015,8,2,22.172,95.434,"Chongqing Shi, Gansu Sheng, Guizhou Sheng, Hebei Sheng, Henan Sheng, Hubei Sheng, Nei Mongol Zizhiqu, Jiangsu Sheng, Qinghai Sheng, Shaanxi Sheng, Shandong Sheng, Sichuan Sheng, Yunnan Sheng provinces",Flood (General),Unknown,19,45000,418000,1379860000,511.5,70.06666667,2227.122359,summer,monsoon,0
2015-0397-CHN,CHN,China,2015,8,16,22.172,95.434,"Sichuan Sheng, Chongqing Shi, Guizhou Sheng, Yunnan Sheng provinces",Flood (General),Unknown,41,77440,220000,1379860000,511.5,70.06666667,2227.122359,summer,monsoon,0
2015-0406-IND,IND,India,2015,8,28,22.172,95.434,"Dhemaji, Kokrajhar, Bongaigaon, Sonitpur, Barpeta, Goalpara, Marigaon, Cachar, Lakhimpur, Jorhat, Tinsukia, Darrang, Nalbari, Kamrup, Dibrugarh, Sibsagar districts (Assam province)",Flood (General),Unknown,18,736000,0,1328024498,429.8333333,48.33333333,1254.5155,summer,monsoon,1
2015-0412-IDN,IDN,Indonesia,2015,7,15,22.172,95.434,Aceh Jaya District (Nanggroe Aceh Darussalam Province),Flood (General),Unknown,0,25750,0,261799249,511.5,70.06666667,48.10376923,summer,monsoon,0
2015-0413-IND,IND,India,2015,7,14,22.172,95.434,"Sonitpur, Lakhimpur, Kokrajhar, Dhemaji districts (Assam province), Arunachal Pradesh province",Flood (General),Unknown,0,85250,0,1328024498,429.8333333,48.33333333,1254.5155,summer,monsoon,0
2015-0418-JPN,JPN,Japan,2015,9,9,22.172,95.434,"Joso city (Mitukaidoosi district, Ibaraki province), Miyagi, Totigi provinces",Riverine flood,"Kinugawa, Yoshida",21,45000,1400000,127141000,511.5,70.06666667,108.9076711,autumn,monsoon,1
2015-0438-IRN,IRN,Iran (Islamic Republic of),2015,9,18,22.172,95.434,"Pakdasht district (Tehran province), Hormozgan province",Flood (General),Unknown,14,0,0,82619362,650.625,84.25,61.52216667,autumn,monsoon,0
2015-0457-CHN,CHN,China,2015,9,15,22.172,95.434,"Guangdong Sheng, Guangxi Zhuangzu Zizhiqu, Chongqing Shi, Sichuan Sheng, Guizhou Sheng, Yunnan Sheng, Hainan Sheng, Hubei Sheng, Hunan Sheng, Jiangxi Sheng provinces",Flood (General),Unknown,14,15000,0,1379860000,511.5,70.06666667,2227.122359,autumn,monsoon,0
2015-0460-LAO,LAO,Lao People's Democratic Republic,2015,9,7,22.172,95.434,Nan district (Louangphabang province),Flood (General),Unknown,4,95,0,6801645,511.5,70.06666667,1192.554816,autumn,monsoon,0
2015-0460-VNM,VNM,Viet Nam,2015,9,7,20.567,104.762,"Minh Tien village (Vi Xuyen district, Ha Giang province), Khanh Hoa, Cao Bang, Lai Chau, Dong Na, Lam Dong, Binh Thuan, An Giang, Dong Thap provinces",Flood (General),Unknown,2,100,0,92823254,511.5,70.06666667,1358.849333,autumn,monsoon,0
2015-0485-IRQ,IRQ,Iraq,2015,10,28,22.172,95.434,"Baghdad, Wassit provinces",Flash flood,Unknown,58,65000,0,37560535,393,42,947.8885,autumn,NoMonsoon,0
2015-0492-MMR,MMR,Myanmar,2015,10,8,22.172,95.434,"Kalewa area (Kale district, Sagaing province)",Flash flood,Unknown,16,0,0,51089056,511.5,70.06666667,4552.1444,autumn,NoMonsoon,0
2015-0499-IRN,IRN,Iran (Islamic Republic of),2015,11,12,22.172,95.434,"Tudan district (Hormozgan province), Fars, Kerman provinces",Flash flood,Unknown,9,17700,516000,82619362,650.625,84.25,61.52216667,autumn,NoMonsoon,0
2015-0504-IND,IND,India,2015,11,8,11.828,78.855,"Chittoor, Cuddapah, Prakasam, Nellore districts (Andhra Pradesh province), Chennai, Cuddalore, Nagapattinam, Kancheepuram, Thiruvallur, Villupuram districts (Tamil Nadu province), Puducherry province",Flood (General),Unknown,325,1800000,2200000,1328024498,429.8333333,48.33333333,1254.5155,autumn,NoMonsoon,1
2015-0507-SAU,SAU,Saudi Arabia,2015,11,17,22.172,95.434,"Madinah, Makkah, Hail, Tabuk provinces",Flood (General),Unknown,12,0,0,29816382,647.125,84.375,328.7334667,autumn,NoMonsoon,0
2015-0530-LKA,LKA,Sri Lanka,2015,11,15,22.172,95.434,"Trincomalee, Ampara districts (Eastern province), Jaffna, Mullattivu, Kilinochchi districts (Northern province), Puttalam district (North Western province), Gampaha district (Western province), Moneragala district (Uva province)",Flash flood,Unknown,2,20000,0,20970000,511.5,70.06666667,119.3917143,autumn,NoMonsoon,0
2015-0533-CHN,CHN,China,2015,11,10,22.172,95.434,Hunan Sheng province,Riverine flood,Xiangjiang river,38,639000,130000,1379860000,511.5,70.06666667,2227.122359,autumn,NoMonsoon,1
2015-0547-LKA,LKA,Sri Lanka,2015,9,15,22.172,95.434,Southern province,Flood (General),Unknown,8,7300,0,20970000,511.5,70.06666667,119.3917143,autumn,monsoon,0
2015-0581-AFG,AFG,Afghanistan,2015,5,9,22.172,95.434,Faryab province,Flash flood,Unknown,7,0,0,33831764,526,70.06666667,68.6501,spring,NoMonsoon,0
2015-0619-KHM,KHM,Cambodia,2015,9,16,22.172,95.434,"Teuk Chhou District (Kampot) (Mak Prang, Kampong Kreng, Stoeung Keo, Trapang Thum and Prey Khmum communes)",Flood (General),Unknown,0,22000,0,15623251,511.5,70.06666667,3965.6898,autumn,monsoon,0
2016-0038-CHN,CHN,China,2016,1,26,22.172,95.434,"Guangdong Sheng, Fujian Sheng, Guangxi Zhuangzu Zizhiqu provinces",Riverine flood,Yangtze river,11,0,20000,1387790000,511.5,70.06666667,2227.122359,winter,NoMonsoon,0
2016-0040-IDN,IDN,Indonesia,2016,2,7,-2.465,103.352,"Dharmasraya, Kota Payakumbuh, Kota Solok, Limapuluhkoto, Kota Pasaman, Solok, Solok Selatan, Sawahlunto/sijunjung districts (Sumatera Barat province), Bangka Tengah, Bangka Selatan, Bangka Barat, Kota Pangkalpinang districts (Bangka Belitung province), Kampar, Rokanhulu districts (Riau province), Aceh Besar, Aceh Utara, Pidie (Nangroe Aceh Darussalam province)",Flood (General),"Rokan, Muara Bandar, Palis, Batang Lubuh, Batang Bangko, Batng Suliti, Batang Lolo rivers",8,80313,2000,264627418,511.5,70.06666667,48.10376923,winter,NoMonsoon,0
2016-0057-IDN,IDN,Indonesia,2016,2,19,22.172,95.434,"Jambi; Sanggau, Sambas, Bengkayang, Landak districts (West Kalimantan); Pasuruan (East Java Province); Garut (West Java Province)",Flood (General),Unknown,0,30000,0,264627418,511.5,70.06666667,48.10376923,winter,NoMonsoon,0
2016-0057-MYS,MYS,Malaysia,2016,2,19,22.172,95.434,"Johor, Melaka, Negri Sembilan, Sarawak province",Flood (General),Unknown,0,6000,0,31789685,511.5,70.06666667,206.0363415,winter,NoMonsoon,0
2016-0092-IDN,IDN,Indonesia,2016,3,7,22.172,95.434,"Sarolangun district (Jambi province), Cianjur district (Jawa Barat province), Tanahbumbu district (Kalimantan Selatan province), Dki Jakarta, Lampung, Sumatera Selatan, Kalimantan Barat, Sulawesi Selatan provinces",Flood (General),Unknown,6,12500,0,264627418,511.5,70.06666667,48.10376923,spring,NoMonsoon,0
2016-0094-IDN,IDN,Indonesia,2016,3,8,22.172,95.434,"Cicalengka, Rancaekek, Cileunyi, Solokan Jeruk, Majalaya, Ciparay, Baleendah, Dayeuhkolot, Bojongsoang, Pameungpeuk, Banjaran, Arjasri, Cangkuang, Katapang and Kutawaringin districts areas (Bandung, Jawa Barat province)",Riverine flood,Citarum river,5,24000,0,264627418,511.5,70.06666667,48.10376923,spring,NoMonsoon,0
2016-0095-CHN,CHN,China,2016,3,19,24.704,113.991,"Jiangxi Sheng, Hunan Sheng, Guangdong Sheng, Guangxi Zhuangzu Zizhiqu, Guizhou Sheng provinces",Flash flood,Unknown,5,216000,170000,1387790000,511.5,70.06666667,2227.122359,spring,NoMonsoon,1
2016-0105-SAU,SAU,Saudi Arabia,2016,4,8,22.172,95.434,"Jizan, Riyadh, Makkah, Madinah, Baha, Asir provinces",Flood (General),Unknown,18,915,0,30954198,647.125,84.375,328.7334667,spring,NoMonsoon,0
2016-0112-AFG,AFG,Afghanistan,2016,4,2,22.172,95.434,"Daykundi, Ghazni, Uruzgan provinces",Flash flood,Unknown,30,0,0,34700612,526,70.06666667,68.6501,spring,NoMonsoon,0
2016-0112-PAK,PAK,Pakistan,2016,4,2,33.054,71.779,"Kohistan, Shangla districts (Khyber Pakhtunkhwa province), Gilgit-Balistan (40409), Azad Kashmir (40408) provinces",Flash flood,Swat river,92,0,0,220138869,511.5,75.33333333,351.4056296,spring,NoMonsoon,0
2016-0120-OMN,OMN,Oman,2016,4,8,22.172,95.434,"Wadi Kabeel (Qurayat province), Wadi Bani Karoos (Dhank province)",Flash flood,Unknown,2,0,0,4390877,635.5,77.5,0.060444444,spring,NoMonsoon,0
2016-0120-SAU,SAU,Saudi Arabia,2016,4,8,22.172,95.434,"Al-Baidhani valley of Asir region, Baha and Taif (Makkah), east of Traj valley",Flash flood,Unknown,3,0,0,30954198,647.125,84.375,328.7334667,spring,NoMonsoon,0
2016-0120-YEM,YEM,Yemen,2016,4,13,22.172,95.434,"Al Hudaydah, Amran, Hajjah, Sana'a, Hajjah, Al Mahwit, Aden, Marib provinces",Flash flood,Unknown,20,29750,0,32109010,706.5,89,328.7334667,spring,NoMonsoon,0
2016-0135-AFG,AFG,Afghanistan,2016,4,16,22.172,95.434,"Baghlan, Daykundi, Samangan, Takhar, Badghis provinces",Flash flood,Unknown,31,0,0,34700612,526,70.06666667,68.6501,spring,NoMonsoon,0
2016-0137-CHN,CHN,China,2016,4,20,22.172,95.434,"Anhui, Hubei, Fujian, Zhejiang, Jiangxi, Hunan, Guangxi, Yunnan, Guangdong, Guizhou",Riverine flood,Yangtze river,20,48000,97000,1387790000,511.5,70.06666667,2227.122359,spring,NoMonsoon,0
2016-0139-IND,IND,India,2016,4,22,27.464,95.607,"Arunachal Pradesh, Assam, Nagaland provinces",Flood (General),Brahmaptura river,18,100000,150000,1343944296,429.8333333,48.33333333,1254.5155,spring,NoMonsoon,0
2016-0153-LKA,LKA,Sri Lanka,2016,5,14,22.172,95.434,"Kilinochchi district (Northern province), Colombo district (Western province), Kegalle district (Sabaragamuwa province)",Flood (General),Unknown,203,301602,1200000,21209000,511.5,70.06666667,119.3917143,spring,NoMonsoon,1
2016-0191-AFG,AFG,Afghanistan,2016,5,9,22.172,95.434,"Badakhshan (Tashkan, Baharak, Darayem, Shahada districts)",Flood (General),Unknown,6,0,0,34700612,526,70.06666667,68.6501,spring,NoMonsoon,0
2016-0191-TJK,TJK,Tajikistan,2016,5,9,22.172,95.434,"Direct Ruled Districts (Rudaki, Nurobod, Sangvor-Talvidara, Rasht ), Sughd (Aini, Panjekent, Shahriston), Khatlon (Kulob), Gorno-Badakhshan Autonomous Oblast (Darvoz)",Flood (General),Unknown,4,12750,0,8865631,511.5,70.06666667,160.48125,spring,NoMonsoon,0
2016-0194-CHN,CHN,China,2016,5,18,22.172,95.434,"Sichuan Sheng, Guizhou Sheng, Guangxi Zhuangzu Zizhiqu, Hunan Sheng, Jiangxi Sheng, Guangdong Sheng, Fujian Sheng provinces",Riverine flood,Yangtze,12,35400,447000,1387790000,511.5,70.06666667,2227.122359,spring,NoMonsoon,0
2016-0198-CHN,CHN,China,2016,5,21,22.172,95.434,"Sichuan Sheng, Yunnan Sheng, Guizhou Sheng, Hunan Sheng, Hubei Sheng, Anhui Sheng, Zhejiang Sheng provinces",Flood (General),Unknown,17,0,69000,1387790000,511.5,70.06666667,2227.122359,spring,NoMonsoon,0
2016-0221-JPN,JPN,Japan,2016,6,20,32.603,130.99,Kumamoto province,Flood (General),Unknown,7,6000,0,127076000,511.5,70.06666667,108.9076711,summer,monsoon,0
2016-0232-MMR,MMR,Myanmar,2016,6,1,18.316,95.26,"Sagaing, Bago (E), Bago (W), Rakhine, Mandalay, Ayeyawaddy, Magway, Yangon, Kachin, Mon provinces",Flood (General),Unknown,14,377667,0,51495696,511.5,70.06666667,4552.1444,summer,monsoon,1
2016-0233-CHN,CHN,China,2016,6,9,22.172,95.434,"Sichuan Sheng, Yunnan Sheng, Chongqing Shi, Guizhou Sheng, Guangxi Zhuangzu Zizhiqu, Hunan Sheng, Anhui Sheng, Jiangxi Sheng, Guangdong Sheng, Fujian Sheng, Zhejiang Sheng provinces",Flood (General),Yangtze river,25,215400,664000,1387790000,511.5,70.06666667,2227.122359,summer,monsoon,1
2016-0236-CHN,CHN,China,2016,6,18,24.753,112.952,"Jiangsu Sheng, Zhejiang Sheng, Anhui Sheng, Jiangxi Sheng, Gansu Sheng, Shaanxi Sheng, Qinghai Sheng, Hubei Sheng, Guangxi Zhuangzu Zizhiqu, Chongqing Shi, Sichuan Sheng, Guizhou Sheng, Yunnan Sheng, Hunan, Fujian provinces",Flood (General),Unknown,68,165000,3000000,1387790000,511.5,70.06666667,2227.122359,summer,monsoon,1
2016-0238-CHN,CHN,China,2016,6,23,22.172,95.434,"Chongqing Shi, Hubei Sheng, Sichuan Sheng, Shaanxi Sheng, Henan Sheng, Yunnan Sheng, Anhui Sheng, Zhejiang Sheng, Jiangsu Sheng, Guizhou Sheng provinces",Flood (General),Unknown,34,150000,675000,1387790000,511.5,70.06666667,2227.122359,summer,monsoon,1
2016-0239-IND,IND,India,2016,6,25,27.068,93.95,"Chamoli, Pithoragahr districts (Uttarakhand province), Assam, Arunachal Pradesh provinces",Flash flood,Alaknanda and Mandakini rivers,61,0,100000,1343944296,429.8333333,48.33333333,1254.5155,summer,monsoon,0
2016-0240-PAK,PAK,Pakistan,2016,7,3,36.104,72.793,"Ursoon, Drosh village (Chitral district, Khyber Pakhtunkhwa province)",Flash flood,Unknown,46,235,0,220138869,511.5,75.33333333,351.4056296,summer,monsoon,0
2016-0241-CHN,CHN,China,2016,6,28,27.976,114.24,"Jiangsu, Anhui, Jiangxi, Henan, Hubei, Hunan, Guangxi, Chogqing, Sichuan, Guizhou, Yunnan",Flood (General),Yangtze river,289,60000000,22000000,1387790000,511.5,70.06666667,2227.122359,summer,monsoon,1
2016-0257-CHN,CHN,China,2016,7,18,22.172,95.434,"Beijing Shi, Hebei Sheng, Shanxi Sheng, Inner Mongolia, Tianjin Shi, Shandong Sheng , Henan Sheng, Liaoning, Jilin, Heilongjiang",Flood (General),Yangtze river,289,375000,4500000,1387790000,511.5,70.06666667,2227.122359,summer,monsoon,1
2016-0267-IND,IND,India,2016,7,28,22.172,95.434,"Lakhimpur, Golaghat, Jorhat, Barpeta, Bongaigaon, Goalpara, Dhubri, Marigaon, Darrang, Nalbari districts (Assam province)",Flash flood,"Brahmaputra, Barak Rivers",50,0,150000,1343944296,429.8333333,48.33333333,1254.5155,summer,monsoon,0
2016-0267-NPL,NPL,Nepal,2016,7,25,22.172,95.434,"Pyuthan (Rapti), Gulmi, Palpa, Rupandehi (Lumbini), Makwanpur (Narayani), Udaypur (Sagarmatha), Baglung, Setibeni Bazaar (Dhawalagiri), Banke (Bheri), Jhapa (Mechi)",Flash flood,"Jhimruk, Bagdula, Kaligandaki River",138,10500,15000,27955462,511.5,70.06666667,328.7334667,summer,monsoon,0
2016-0270-PAK,PAK,Pakistan,2016,7,30,22.172,95.434,Khyber Agency district (Federally Administered Tribal Areas province),Flood (General),Unknown,26,0,0,220138869,511.5,75.33333333,351.4056296,summer,monsoon,0
2016-0271-IND,IND,India,2016,7,15,22.172,95.434,"Biha, Uttar Pradeshr province (Varanasi, Allahabad, Ghazipur, Ballia, Banda, Jalaun, Ghaziabad, Patna, Bhagalpur, Vaishali, Buxar, Bhojpur, Sonepur, Saran, Begusarai, Samastipur, Lakhisarai, Khagaria, Munger, Nalanda, Katihar, Purnea, Katihar, Supual, Kisanganj, Madhepura, Gopalganj, Saharsa, Araria, East Champaran, Muzafferpur, Kishanganj, Purnea, Araria, Supaul, Bhagalpur, Darbhanga)",Flood (General),Unknown,254,1600000,350000,1343944296,429.8333333,48.33333333,1254.5155,summer,monsoon,1
2016-0275-NPL,NPL,Nepal,2016,6,29,22.172,95.434,"Rapti, Kerauja VDC, Gorkha, Lamjung (Gandaki); Malikarjun, Kakada, Sarmoli, Uku (Mahakali), Dolakha (Janakpur), Dhading, Nuwakot, Bhagawati, Kavre, Rasuwa (Bagmati)",Flood (General),"Adhikhola, Jyagdikhola, Kaligandagi",25,10000,0,27955462,511.5,70.06666667,328.7334667,summer,monsoon,0
2016-0276-IND,IND,India,2016,7,9,22.172,95.434,"Bhopal, Hoshangabad, Rewa, Sagar, Shajapur, Jabalpur, Satna, Harda, Panna, Vidisha, Raisen, Mandla, Tikamgarh, Seoni, Damoh, Sehore, Agar-Malwa districts (Madhya Pradesh province)",Flood (General),Unknown,184,100000,160000,1343944296,429.8333333,48.33333333,1254.5155,summer,monsoon,0
2016-0288-BGD,BGD,Bangladesh,2016,7,19,24.095,90.04,"Kurigram, Bogra, Sirajganj, Gaibandha, Tangail, Jamalpur, Nilphamari, Lalmonirhat, Sunamganj, Faridpur, Kustia,Madaripur, Manikganj, Rajbari, Rangpur, Sariatpur districts",Riverine flood,Unknown,106,1900000,150000,160811932,511.5,70.06666667,11968.294,summer,monsoon,1
2016-0304-IND,IND,India,2016,8,1,22.172,95.434,"Maharashtra (Nashik, Raigad (Mahad), Thane (Bhiwandi), Ratnagiri, Pune, Satara, Kolhapur), Gujarat (Valsad, Chhota Udepur (Vadodara), Navsari and Surat)",Flood (General),Savitri,37,3000,0,1343944296,429.8333333,48.33333333,1254.5155,summer,monsoon,0
2016-0306-IDN,IDN,Indonesia,2016,7,11,22.172,95.434,"Andowia, Asera, Lasolo sub-districts (North Konawe regency - Southeast Sulawesi)",Flood (General),Unknown,0,1354,0,264627418,511.5,70.06666667,48.10376923,summer,monsoon,0
2016-0307-MYS,MYS,Malaysia,2016,7,18,22.172,95.434,"Yan, Baling districts (Kedah province), Penang city (Timur Laut district, Pulau Pinang province)",Flood (General),Unknown,0,441,0,31789685,511.5,70.06666667,206.0363415,summer,monsoon,0
2016-0309-AFG,AFG,Afghanistan,2016,7,19,22.172,95.434,"Yaqubi, Haroonkhel districts (Khost city); Zazai Maidan district",Flood (General),Unknown,17,0,0,34700612,526,70.06666667,68.6501,summer,monsoon,0
2016-0316-LAO,LAO,Lao People's Democratic Republic,2016,8,11,22.172,95.434,"Luang Prabang city (Louangphrabang distrcit, Louangphabang province), Oudomxai, Salavan, Xaignabouli, Xiangkhouang, Houaphan, Bokeo provinces",Flood (General),Unknown,5,26328,50,6908802,511.5,70.06666667,1192.554816,summer,monsoon,0
2016-0321-PRK,PRK,Democratic People's Republic of Korea,2016,8,29,22.172,95.434,"Hamgyong-bukto province (North Hamgyong), Ryanggang",Riverine flood,Tuman river and tributaries,538,667715,61000,25698326,511.5,70.06666667,72.38114286,summer,monsoon,1
2016-0345-IDN,IDN,Indonesia,2016,9,20,-7.042,108.238,"Garut, Sumedang districts (Jawa Barat)",Flood (General),Ciamanuk river,53,0,22000,264627418,511.5,70.06666667,48.10376923,autumn,monsoon,0
2016-0360-THA,THA,Thailand,2016,10,6,14.867,100.395,"Nakhon Sawan province, Ayutthaya (Phra Nakhon Si Ayudhya province)",Flood (General),Unknown,4,204000,120000,70859841,511.5,70.06666667,454.353,autumn,NoMonsoon,1
2016-0369-MMR,MMR,Myanmar,2016,7,15,22.172,95.434,"Sagaing, Mandalay, Bago, Ayeyarwady, Magway, Yangon, Kachin",Flood (General),Unknown,5,474560,2000,51495696,511.5,70.06666667,4552.1444,summer,monsoon,1
2016-0375-PAK,PAK,Pakistan,2016,8,5,22.172,95.434,"Balochistan, Sindh provinces",Flash flood,Unknown,32,0,0,220138869,511.5,75.33333333,351.4056296,summer,monsoon,0
2016-0376-CHN,CHN,China,2016,8,5,22.172,95.434,"Hunan Sheng, Guangxi Zhuangzu Zizhiqu, Chongqing Shi, Sichuan Sheng, Guizhou Sheng, Yunnan Sheng provinces",Flood (General),Unknown,23,36900,130000,1387790000,511.5,70.06666667,2227.122359,summer,monsoon,0
2016-0377-PHL,PHL,Philippines,2016,8,8,22.172,95.434,"National Capital Region (NCR) province, Ilocos Sur, La Union, Pangasinan districts (Region I (Ilocos Region) province), Bataan, Bulacan, Nueva Ecija, Pampanga, Tarlac, Zambales districts (Region III (Central Luzon) province), Laguna, Rizal districts (Region IV-A (Calabarzon) province), Antique, Iloilo, Negros Occidental districts (Region VI (Western Visaya) province), Abra, Benguet, Ifugao, Mountain province districts (Cordillera Administrative region (CAR) province)",Flood (General),Unknown,26,1263098,9320,106735719,511.5,70.06666667,41.69744444,summer,monsoon,1
2016-0378-THA,THA,Thailand,2016,8,15,22.172,95.434,"Nan, Phayao, Mae Hong Son, Chiang Rai provinces",Flash flood,Mekong river,3,22500,0,70859841,511.5,70.06666667,454.353,summer,monsoon,0
2016-0387-PAK,PAK,Pakistan,2016,8,27,22.172,95.434,Karachi district (Sindh province),Flood (General),Unknown,10,0,0,220138869,511.5,75.33333333,351.4056296,summer,monsoon,0
2016-0389-CHN,CHN,China,2016,9,18,22.172,95.434,"Sichuan Sheng, Yunnan Sheng provinces",Flood (General),Unknown,23,10800,21000,1387790000,511.5,70.06666667,2227.122359,autumn,monsoon,0
2016-0391-IND,IND,India,2016,9,21,17.654,80.34,"Andhra Pradesh province, Telangana",Flood (General),Unknown,28,3000,589000,1343944296,429.8333333,48.33333333,1254.5155,autumn,monsoon,0
2016-0400-VNM,VNM,Viet Nam,2016,10,9,16.004,107.68,"Quang Binh (Minh Hoa, Tuyen Hoa), Ha Tinh (Huong Khe), Nghe An, Quang Tri (Vinh Linh, Hai Lang, Trieu Phong), Thua Thien Hue provinces",Riverine flood,Unknown,35,659390,104280,94000117,511.5,70.06666667,1358.849333,autumn,NoMonsoon,1
2016-0425-IDN,IDN,Indonesia,2016,10,23,0.649,123.245,Gorontalo province (North Sulawesi region),Flood (General),Unknown,2,4500,0,264627418,511.5,70.06666667,48.10376923,autumn,NoMonsoon,0
2016-0445-PHL,PHL,Philippines,2016,8,18,22.172,95.434,"Pampanga district (Region III (Central Luzon) province), Pangasinan district (Region I (Ilocos region) province)",Flood (General),Unknown,19,1300000,0,106735719,511.5,70.06666667,41.69744444,summer,monsoon,1
2016-0472-THA,THA,Thailand,2016,12,1,14.445,100.753,"Nakhon Si Thammarat, Krabi, Surat Thani, Songkhla, Phatthalung, Pattani, Chumphon, Trang, Yala, Narathiwat provinces",Flood (General),Unknown,14,582343,25000,70859841,511.5,70.06666667,454.353,winter,NoMonsoon,1
2016-0479-IDN,IDN,Indonesia,2016,11,13,22.172,95.434,"Karawang, Bandung districts (Jawa Barat province)",Riverine flood,Citarum,5,19669,0,264627418,511.5,70.06666667,48.10376923,autumn,NoMonsoon,0
2016-0489-MYS,MYS,Malaysia,2016,11,28,5.122,102.56,Terengganu province,Flood (General),Unknown,0,400,0,31789685,511.5,70.06666667,206.0363415,autumn,NoMonsoon,0
2016-0497-VNM,VNM,Viet Nam,2016,12,12,22.172,95.434,"Thua Thien - Hue, Quang Nam, Quang Ngai, Binh Dinh provinces",Flood (General),Unknown,27,559255,35000,94000117,511.5,70.06666667,1358.849333,winter,NoMonsoon,1
2016-0516-MYS,MYS,Malaysia,2016,12,26,4.7,102.411,"Bachok, Gua Musang, Jeli, Kota Bahru, Machang, Pasir Mas, Pasir Puteh, Tanah Merah, Tumpat, Kuala Krai districts (Kelantan state); Besut, Setiu, Hulu Terengganu, Marang, Dungun, Kemaman (Terengganu state); Kuala Kangsar (Perak state); Pahang; Johor; Sabah; Selangor",Flood (General),"Sungai Golok, Sungai Galas, Sungai Kelantan, ungai Besut, Sungai Terengganu and Sungai Setiu",0,25000,132000,31789685,511.5,70.06666667,206.0363415,winter,NoMonsoon,0
2016-0517-VNM,VNM,Viet Nam,2016,10,30,22.172,95.434,"Ha Tinh (Huong Khe, Huong Son, Vu Quang, Cam Xuyen, Duc Tho), Quang Binh (Bo Trach, Quang Trach (Ba Don), Tuyen Hoan, Le Thuy, Minh Hoa), Quang Tri (Vinh Linh, Hai Lang, Trieu Phong, Cam Lo); Quang Ngai, Gia Lai, Dak Lak, Binh Dinh, Phu Yen, Khanh Hoa, Ninh Thuan",Flood (General),Unknown,21,205205,22000,94000117,511.5,70.06666667,1358.849333,autumn,NoMonsoon,1
2016-0525-IDN,IDN,Indonesia,2016,11,30,22.172,95.434,"Sumatra (3 districts in Merangin regency, Jambi province), Banten (Lebak-Citorek village), Jawa Tengah (Buluhrejo, Plosorejo, Sukomakmur villages), Jawa Timur (Bojonegro, Gresik, Dukun, Bungah and Tuban (Widang, Parengan, Soko, Rengel, Plumpang)), Borneo Isl. (4 districts in West Kalimantan province)",Flood (General),Bengawan Solo River,10,105000,10000,264627418,511.5,70.06666667,48.10376923,autumn,NoMonsoon,1
2016-0527-IDN,IDN,Indonesia,2016,12,21,22.172,95.434,"Bima city, East Rasanae, Mpuda, Raba, Rasanae West, Asakota districts (West Nusa Tenggara province)",Flood (General),Paruga River,0,105753,74000,264627418,511.5,70.06666667,48.10376923,winter,NoMonsoon,1
2016-0531-PRK,PRK,Democratic People's Republic of Korea,2016,7,22,22.172,95.434,Unknown,Flood (General),Unknown,14,0,0,25698326,511.5,70.06666667,72.38114286,summer,monsoon,0
2016-0553-PAK,PAK,Pakistan,2016,3,9,22.172,95.434,"Azad Jammu and Kashmir, Punjab, Federally Administered Tribal Areas (Orakzai), Khyber Pakhtunkhwa, Balochistan, Gilgit-Baltistan",Riverine flood,Unknown,141,0,2000,220138869,511.5,75.33333333,351.4056296,spring,NoMonsoon,0
2016-0554-IND,IND,India,2016,7,17,22.172,95.434,"Jorhat, Golaghat (Assam State)",Flood (General),Unknown,34,0,0,1343944296,429.8333333,48.33333333,1254.5155,summer,monsoon,0
2016-0554-PAK,PAK,Pakistan,2016,8,6,22.172,95.434,"Karachi, Hyderabad, Tando Allahyar, Mirpur Khas (Sindh), Balochistan state",Flood (General),Unknown,22,2900,0,220138869,511.5,75.33333333,351.4056296,summer,monsoon,0
2016-0573-VNM,VNM,Viet Nam,2016,8,12,22.172,95.434,"Thanh Hóa, Lào Cai, Yên Bái, Bac Kan, Dien Bien, Ha Thin, Son La, Thai Nguyen",Flood (General),Unknown,8,410,0,94000117,511.5,70.06666667,1358.849333,summer,monsoon,0
2017-0006-THA,THA,Thailand,2017,1,1,7.305,100.061,"Pattani, Yala, Narathiwat, Songkhla, Phattalung, Trang, Nakhon Si Thammarat, Krabi, Surat Thani, Chumphon, Prachaub Khirikhan, Ranong provinces",Riverine flood,Unknown,96,1800000,1000000,71160187,511.5,70.06666667,454.353,winter,NoMonsoon,1
2017-0028-PHL,PHL,Philippines,2017,1,16,22.172,95.434,"Western Visayas, Central Visayas, Eastern Visayas, Zamboanga (Samboanga del Norte), Northern Mindanao (Bukidnon, Camiguin, Misamis Occidental, Misamis oriental, Lanao del Norte) Davao (Compostela, Davao del Norte, Davao del Sur, Davao Oriental), Caragan (Agusan del Norte, Agusan del Sur, Surigao del Norte), Autonomous region of Muslim Mindanao (Lanao del Sur, Maguindanao), Soccskargen (Saranggani)",Flood (General),Unknown,9,1500000,8100,108119693,511.5,70.06666667,41.69744444,winter,NoMonsoon,1
2017-0045-PAK,PAK,Pakistan,2017,1,17,22.172,95.434,"Turbat (Kech); Gwadar, Panjgur, Pishin, Ziarat, Qila Abdullah districts (Balochistan province)",Flood (General),Unknown,13,60000,0,223273967,511.5,75.33333333,351.4056296,winter,NoMonsoon,0
2017-0059-IDN,IDN,Indonesia,2017,2,21,-7.029,107.162,"Jakarta (Bekasi, Jakarta)",Flood (General),Unknown,2,400,0,267346658,511.5,70.06666667,48.10376923,winter,NoMonsoon,0
2017-0096-IRN,IRN,Iran (Islamic Republic of),2017,4,15,37.704,46.169,"Azerbaijane-Gharbi (west), Azerbaijane-Sharghi (east), Kordestan, Zanjan, Mazandaran, Ardebil",Flash flood,Unknown,42,0,353000,85026754,650.625,84.25,61.52216667,spring,NoMonsoon,0
2017-0111-IDN,IDN,Indonesia,2017,3,3,22.172,95.434,"Limapuluh Koto Regency (Sumatra province), Pangkalan, Kapur IX, Lareh Sago Halaban, Harau districts",Riverine flood,"Sungai Batang Maek, Batang Kapur, Sinamar river, Batang Harau",8,17410,19000,267346658,511.5,70.06666667,48.10376923,spring,NoMonsoon,0
2017-0138-BGD,BGD,Bangladesh,2017,3,28,22.172,95.434,"Netrokona, Kishoreganj, Itna (Kishoreganj), Mithamoin (Kishoreganj), Austagram (Kishoreganj), Habiganj, Karimganj (Kishoreganj), Sunamganj, Moulvibazar, Sylhet",Riverine flood,"Dhaleshwari, Dhanu, Khowai, Kushiyara, Meghna",0,76725,128000,162186147,511.5,70.06666667,11968.294,spring,NoMonsoon,0
2017-0147-IDN,IDN,Indonesia,2017,4,29,22.172,95.434,"Magelang district (Nipis, Sambungrejo, Citrosono villages) (Central Java provinces)",Flash flood,Unknown,12,355,0,267346658,511.5,70.06666667,48.10376923,spring,NoMonsoon,0
2017-0153-LKA,LKA,Sri Lanka,2017,5,25,22.172,95.434,"Ratnapura, Matara, Kalutara, Galle, Gampaha, Colombo, Sabaragamuwa, Hambantota",Flood (General),Kalu river,293,879778,389000,21453000,511.5,70.06666667,119.3917143,spring,NoMonsoon,1
2017-0169-CHN,CHN,China,2017,5,31,22.172,95.434,"Fujian, Jiangxi, Hunan, Guangdong, Guizhou, Hubei, Sichuan, Chongqing, Guangxi",Riverine flood,Unknown,1,25200,107000,1396215000,511.5,70.06666667,2227.122359,spring,NoMonsoon,0
2017-0169-TWN,TWN,Taiwan (Province of China),2017,5,31,24.302,121.216,"New Taipei City (Bali, Shimen Districts), Yunlin County, Taichung City, Changhua County, Nantou County, and Chiayi County; Kaohsiung City, Nantou County, Chiayi County, Tainan City",Riverine flood,Unknown,5,4000,28100,96337125,511.5,70.06666667,328.7334667,spring,NoMonsoon,0
2017-0177-IDN,IDN,Indonesia,2017,6,1,22.172,95.434,"Kalimantan (Borneo) and Sulawesi (Celebes): Lampasio, Baolan, Galang, Dako Pamean sub-districts (Toli-toli), Mongkonai area of Kotamugabu City (Bolaangmongondow), districts of Limboto, West Limboto, and Tibawa (Gorontalo), city of Sukadana (Ketapang)",Riverine flood,Tuwelei and Lembe Rivers,4,282345,0,267346658,511.5,70.06666667,48.10376923,summer,monsoon,1
2017-0180-IND,IND,India,2017,6,4,22.172,95.434,"Lakhimpur, Karimganj, Darrang districts (Assam), Nagaland, Manipur, Jharkhand",Flood (General),Unknown,6,100000,0,1359657400,429.8333333,48.33333333,1254.5155,summer,monsoon,0
2017-0187-CHN,CHN,China,2017,6,15,22.172,95.434,"Fujian, Guangdong, Beijing, Hebei, Shanxi, Inner Mongolia, Liaoning, Jilin, Heilongjiang, Shaanxi, Gansu, Qinghai, Ningxia Hui, Yunnan, Jiangxi, Hubei, Hunan, Shandong, Henan",Riverine flood,Unknown,10,0,93000,1396215000,511.5,70.06666667,2227.122359,summer,monsoon,0
2017-0206-IDN,IDN,Indonesia,2017,5,12,22.172,95.434,"Harapan village (East Luwu-Sulawesi Selatan), Kranggan (Setu, South Tangerang-Banten), Jakarta, Sumatra (Asahan-Sumatera Utara), Java, Borneo (Kutai Barat -Kalimatan Timur, Nunukan - Kalimantan Utara), Sulawesi Tenggara",Flash flood,Unknown,7,25000,2000,267346658,511.5,70.06666667,48.10376923,spring,NoMonsoon,0
2017-0220-KAZ,KAZ,Kazakhstan,2017,4,14,51.254,70.047,"Akmola (Atsbasar), Aktobe, East Kazakhstan, Zhambyl, Karaganda, Kostanay, and North regions",Riverine flood,Unknown,0,7000,0,18651931,547,68,62.81446154,spring,NoMonsoon,0
2017-0224-MYS,MYS,Malaysia,2017,1,23,3.932,102.461,"7 states in Peninsular Malaysia (Kelantan, Terengganu, Johor, Pahang, Malacca, Selangor, Perak, Sabah)",Flood (General),Unknown,0,5481,0,32355644,511.5,70.06666667,206.0363415,winter,NoMonsoon,0
2017-0226-PHL,PHL,Philippines,2017,2,1,7.59,124.062,"Mindanao (Agusan del Sur, Compostela Valley, Agusan del Norte, Davao Oriental, Lanao del Sur and Maguindanao)",Flood (General),Unknown,13,334000,0,108119693,511.5,70.06666667,41.69744444,winter,NoMonsoon,1
2017-0243-PAK,PAK,Pakistan,2017,6,26,22.172,95.434,"Tehsil Hub, Jangi village, Lasbela district, Dera Bugti district, Chagai, Kalat, Bolan, Kholu districts (Balouchistan province), Sindh (Karachi), Jhang, Rawalpindi (Punjab), Azad Jammu & Kashmir, Shareeb Khana (Bajaur) in the Federally Administered Tribal Areas, Chitral (Khyber Pakhtunkhwa)",Flash flood,Unknown,167,2200,110000,223273967,511.5,75.33333333,351.4056296,summer,monsoon,0
2017-0245-CHN,CHN,China,2017,6,22,22.172,95.434,"Hunan, Anhui, Chongqing, Guangdong, Guangxi, Guizhou, Hubei, Jiangxi, Sichuan, Yunnan, Zhejiang",Flood (General),Xiangjiang River,78,12000000,6000000,1396215000,511.5,70.06666667,2227.122359,summer,monsoon,1
2017-0246-JPN,JPN,Japan,2017,7,6,22.172,95.434,"Fukuoka (Asakura), Oita prefectures (Kyushu Isl.), Shimane, Kunamoto, Hiroshima, Nagasaki, Miyazaki, Kagoshima",Riverine flood,Kagetsu,37,2610,700000,126972000,511.5,70.06666667,108.9076711,summer,monsoon,0
2017-0251-TJK,TJK,Tajikistan,2017,6,26,22.172,95.434,"Amondara village, Panjakent district (Sughd Province)",Flood (General),Unknown,0,700,0,9085946,511.5,70.06666667,160.48125,summer,monsoon,0
2017-0254-CHN,CHN,China,2017,6,8,22.172,95.434,"Sichuan, Yunnan, Chongqing, Guizhou, Hubei, Hunan, Jiangxi, Zhejiang,Fujian provinces",Flood (General),Unknown,11,23700,115000,1396215000,511.5,70.06666667,2227.122359,summer,monsoon,0
2017-0257-IND,IND,India,2017,6,1,22.172,95.434,Gujarat,Flood (General),Unknown,31,0,0,1359657400,429.8333333,48.33333333,1254.5155,summer,monsoon,0
2017-0259-VNM,VNM,Viet Nam,2017,6,27,22.172,95.434,"Ha Giang, Lao Cai, Dien Bien, Yen Bai (Mu Cang Chai district), Tuyen Quang, Thai Nguyen, Lai Chau, Bac Kan, Cao Bang (Hoa An district), Binh Thuan, An Giang, Cà Mau (Nam Can, Ngoc Hien and Dam Doi districts) Provinces",Flood (General),Unknown,1,4100,355,95176977,511.5,70.06666667,1358.849333,summer,monsoon,0
2017-0261-CHN,CHN,China,2017,7,6,22.172,95.434,"Beijing, Tianjin, Hebei",Flash flood,Unknown,1,2700,277000,1396215000,511.5,70.06666667,2227.122359,summer,monsoon,0
2017-0264-CHN,CHN,China,2017,7,8,22.172,95.434,"Sichuan, Yunnan, Guizhou, Guangxi Zhuang, Hubei, Hunan, Guangdong, Jiangxi, Jiangsu",Flood (General),Unknown,13,19200,145000,1396215000,511.5,70.06666667,2227.122359,summer,monsoon,0
2017-0270-VNM,VNM,Viet Nam,2017,7,7,22.172,95.434,"Thai Nguyen, Ha Giang, Dien Bien, Hoa Binh, Cao Bang",Flood (General),Unknown,14,400,1300,95176977,511.5,70.06666667,1358.849333,summer,monsoon,0
2017-0287-CHN,CHN,China,2017,7,17,22.172,95.434,"Jiangsu, Shandong, Henan, Hubei, Shaanxi",Flood (General),Unknown,12,9600,37000,1396215000,511.5,70.06666667,2227.122359,summer,monsoon,0
2017-0288-AFG,AFG,Afghanistan,2017,7,17,22.172,95.434,"Badakhshan (Nusay, Shekay, Kuf Ab districts), Kabul (Kabul, Khak-i-Jabbar, Sarobi districts), Nangarhar provinces (Rodat, Kulma districts)",Flood (General),Unknown,36,500,0,35688935,526,70.06666667,68.6501,summer,monsoon,0
2017-0289-IND,IND,India,2017,6,25,22.172,95.434,"Lakhimpur, Bangaigaon, Jorhat, Golaghat, Cachar, Dhemjai, Biswanath, Karimganj, Barpeta, Karbi Anglong, Sonitpur, Darrang, Hojai (Sub Division), Bhuragaon (Sub Division), Majuli, Nagaon, Nalbari, Sivasagar, Morigaon, Chirang, Dibrugarh, Dhubri, Kokrajhar, South Salmara, Charaideo, Goalpara districts (Assam)",Riverine flood,Brahmaputra and Barak,75,1735000,0,1359657400,429.8333333,48.33333333,1254.5155,summer,monsoon,1
2017-0290-IND,IND,India,2017,7,15,22.172,95.434,"Imphal West, Imphal East, Thoubal, Bishnupur (Manipur)",Flood (General),Unknown,0,12831,0,1359657400,429.8333333,48.33333333,1254.5155,summer,monsoon,0
2017-0294-IND,IND,India,2017,6,15,22.172,95.434,"Banaskantha, Valsad, Navsari, Surat, Sabarkantha, Patan (Gujarat), Barmer, Jalore, Udaipur, Sirohi, Pali (Rajasthan), Kolkata (West Bengal)",Flood (General),Banas river,284,520000,250000,1359657400,429.8333333,48.33333333,1254.5155,summer,monsoon,1
2017-0311-MMR,MMR,Myanmar,2017,7,2,22.172,95.434,"Magway, Sagaing, Bago (Bago-Kyaukkyi, Tharyarwady Townships), Ayeyarwady (Danubya, Myanaung, Ingapu Townships), Mon State (Kyaikto Township-Kawsannaing, Zayarmon, Northern Wards and Lone Pakkalate Village, Theinzayet Village, Seikkanthar Ward), Mandalay Region (Union Territory-Yamethin), Chin, Kayin, Rakhine (Ann, Taungup Townships) and Shan states, Kachin",Riverine flood,"Irrawaddy (Ayeyarwady), Sittoung, Ngawun, Toe, Myitmakha Rivers",3,92000,0,51894938,511.5,70.06666667,4552.1444,summer,monsoon,0
2017-0316-THA,THA,Thailand,2017,7,5,22.172,95.434,"Sakon Nakhon, Nakhon Sawan, Lop Buri, Chai Nat, Chanthaburi, Phichit, Phetchabun, Phrae (Den Chai, Song), Uttaradit, Chumphon, Kamphaeng Phet, Nan, Chiang Rai, Chiang Mai, Phayao, Ang Thong, Ranong, Lampang, Nan Yasothan (Pa Tiu), Ayutthaya, Trat, Ubon Ratchathani (Si Muang Mai, Kong Chiam, Nam Yuen), Kalasin, Nakhon Phanom, Chai Nat (Manorom, Han Ka, and Nern Kham)",Flood (General),"Mae Loa, Mekong River,",23,1000000,307000,71160187,511.5,70.06666667,454.353,summer,monsoon,1
2017-0321-NPL,NPL,Nepal,2017,6,30,27.295,86.427,"Kaski, Syangja (Gandaki), Mugu (Karnali), Sindhuli, Dudhauli (Janakpur), Saptari, Tilathi (Sagarmatha) districts, Parbat district (Daulagiri), Myanglung,Terhathum district (Koshi), Pyuthan district (Rapti)",Flood (General),Unknown,11,6000,0,28011258,511.5,70.06666667,328.7334667,summer,monsoon,0
2017-0337-VNM,VNM,Viet Nam,2017,8,3,22.172,95.434,"Yen Bai (Mu Cang Chai district), Son La (Muong La), Bac Kan, Lai Chau (Nam-Ho Dien Bien district), Dien Bien",Flash flood,Da river,39,3000,88000,95176977,511.5,70.06666667,1358.849333,summer,monsoon,0
2017-0342-BGD,BGD,Bangladesh,2017,8,10,22.172,95.434,"Dinajpur, Kurigram, Lalmonirhat, Nilphamari, Chapainawabganj, Moulvibazar, Jessore, Sylhet, Gaibandha, Sunamganj, Mymensingh, Thakurgaon, Jamalpur, Joypurhat, Naogaon, Panchagarh, Bogra, Tangail, Rangamati, Comilla, Dhaka, Faridpur, Madaripur, Brahamanbaria, Munshiganj, Natore, Sirajganj, Rangpur, Sherpur, Netrakona, Chandpur, Rajshahi",Flood (General),"Brahmaputra-Jamuna, Meghna, Surma, Bhersa, Dahuk, Dharla, Dudhkumar, Ilish, Karotao, Mahananda, Maine, Punurvaba, Teesta, Tetulia river",144,8000000,500000,162186147,511.5,70.06666667,11968.294,summer,monsoon,1
2017-0342-IND,IND,India,2017,8,11,22.172,95.434,"Araria, Jogbani (Bihar); Uttar Pradesh, West Bengal",Flood (General),Unknown,514,17200000,1567000,1359657400,429.8333333,48.33333333,1254.5155,summer,monsoon,1
2017-0342-NPL,NPL,Nepal,2017,8,10,27.941,83.878,"Lalitpur, Palpa, Jhapa, Morang, Sunsari, Saptari, Bardia, Dang,Banke, Sirha, Sarlai, Bara, Sindhuli, Panchhthar, Rasuwa, Rupendehi, Baglung, Nawalparasi, Kailali, Kalikot, Doti, Dhading, Ramechhap, Syangia, Parbat, Pyuthan, Kaski, Terathum, Dolakha districts",Flood (General),Unknown,176,1700000,595000,28011258,511.5,70.06666667,328.7334667,summer,monsoon,1
2017-0364-IND,IND,India,2017,8,29,22.172,95.434,"Mumbai (Dadar, Khar, Bandra, Lalbaug, Kalina, Sion, Byculla, Matunga, Wadala, Parel, Khar-Danda, Pali Hill, Carter Road, Bandra, Ghatkopar, Bhandup, Mulund, and Santacruz), Thane (Maharashtra)",Flash flood,Unknown,14,0,300000,1359657400,429.8333333,48.33333333,1254.5155,summer,monsoon,0
2017-0365-YEM,YEM,Yemen,2017,8,29,22.172,95.434,"Taëz, Lahj provinces, Portions of Jibla (south of Ibb), Taizz city, Ibb city",Flood (General),Unknown,50,0,0,33090921,706.5,89,328.7334667,summer,monsoon,0
2017-0372-CHN,CHN,China,2017,8,8,22.172,95.434,"Gansu, Jilin, Liaoning, Heilongjiang, Shandong, Henan, Hubei, Sichuan (Chengdu, Luzhou, and Deyang) provinces",Flood (General),Unknown,40,45000,315000,1396215000,511.5,70.06666667,2227.122359,summer,monsoon,0
2017-0398-CHN,CHN,China,2017,9,24,29.612,113.645,"Loess Plateau, Southern Shaanxi (Xianyang, Hanzhong, Ankang), western Hubei (Suizhou and Guangshui cities), southern Sichuan, northern portions of Chongqing (Kaizhou, Yunyang)",Flood (General),Unknown,16,53100,361000,1396215000,511.5,70.06666667,2227.122359,autumn,monsoon,0
2017-0428-VNM,VNM,Viet Nam,2017,10,8,22.172,95.434,"Thanh Hoa, Nghe An, Ha Tinh, Hoa Binh, Yen Bai (V?n Tr?n, Tr?m T?u districts, Ngh?a L? Town), Son La, Quang Tri, Ha Noi (Nam Hai, Chong My), Phu Tho, Ha Nam",Flood (General),"Mã, La, Ngàn Sâu, and Ngàn Ph? Rivers",75,40000,88000,95176977,511.5,70.06666667,1358.849333,autumn,NoMonsoon,0
2017-0463-CHN,CHN,China,2017,10,1,22.172,95.434,"Chongqing (Wanzhou, Beibei, Liangping), Henan (Jiazuo, Nanyang, Zhoukou), Hubei (Shiyan, Yichang), Shaanxi (Xianyang, Weinan, Ankang, Xian), Sichuan (Panzhihua), Anhui (Suzhou)",Flood (General),Unknown,23,0,75000,1396215000,511.5,70.06666667,2227.122359,autumn,NoMonsoon,0
2017-0465-THA,THA,Thailand,2017,10,10,14.594,100.679,"Central plains provinces- Bangkok, Chai Nat, Pathum Thani, Lop Buri, Kamphaeng Phet, Sing Buri, Ang Thong, Ayutthaya, Nakhon Sawan, Tak, and Pichit, Khon Kaen, Sukhothai, Uthai Thani, Suphan Buri, Nong Bua Lam Phu, Maha Sarakham, Kalasin, Roi Et, Ubon Ratchathani provinces",Flood (General),"Yom, Nan, Chao Phraya, Tha Chin, Chi and Mun rivers",9,605000,1400,71160187,511.5,70.06666667,454.353,autumn,NoMonsoon,1
2017-0472-IRN,IRN,Iran (Islamic Republic of),2017,8,10,22.172,95.434,"Golestan, Khorazan, Khorazan Razavi provinces; Ilam, Semnan",Flash flood,Unknown,18,2000,35000,85026754,650.625,84.25,61.52216667,summer,monsoon,0
2017-0476-CHN,CHN,China,2017,8,11,22.172,95.434,"Chongqing, Guangxi Zhuang, Guizhou, Henan, Hubei, Hunan, Jiangxi, and Yunnan",Flood (General),Yangtze river,18,34200,429000,1396215000,511.5,70.06666667,2227.122359,summer,monsoon,0
2017-0477-MYS,MYS,Malaysia,2017,11,3,5.247,101.026,"Penang, Kedah, Perak",Flood (General),"Sungai Dondang, Sungai Pinang",7,3500,0,32355644,511.5,70.06666667,206.0363415,autumn,NoMonsoon,0
2017-0491-SAU,SAU,Saudi Arabia,2017,11,21,22.707,39.365,"Makkah (Jeddah, Taif), Madinah, Tabuk, Al-Jouf",Flood (General),Unknown,4,481,0,30977355,647.125,84.375,328.7334667,autumn,NoMonsoon,0
2017-0492-VNM,VNM,Viet Nam,2017,11,19,11.664,108.399,"Quang Tri, Thua Thien-Hue, Da Nang, Quang Nam, Quang Ngai, Binh Dinh",Flood (General),Cu De River,8,41500,0,95176977,511.5,70.06666667,1358.849333,autumn,NoMonsoon,0
2017-0493-LKA,LKA,Sri Lanka,2017,11,3,8.604,80.637,"Telippalai, Pointpedro, Kopay, Maruthankrny, Chenkannai (Jaffna district, Northern province)",Flood (General),Unknown,9,13197,0,21453000,511.5,70.06666667,119.3917143,autumn,NoMonsoon,0
2017-0494-IDN,IDN,Indonesia,2017,11,3,-7.229,109.117,"Aceh Singkil district, Asahan Regency, Bandung Regency, Balangan Regency, Medan City, Pelalawan Regency, South Ogan Komering Ulu Regency, Tegal Regency",Flood (General),Unknown,9,12000,0,267346658,511.5,70.06666667,48.10376923,autumn,NoMonsoon,0
2017-0495-IND,IND,India,2017,10,30,10.489,79.004,Chenai (Tamil Nadu),Flash flood,Unknown,21,4000,0,1359657400,429.8333333,48.33333333,1254.5155,autumn,NoMonsoon,0
2017-0497-PHL,PHL,Philippines,2017,9,22,10.566,123.171,"Bacolod, Sipalay, Bago, Talisay, La Carlota, Hinobaan, Binalbagan, Pontevedra (Negros Occidental province-Western Visayas Region)",Flash flood,"Malogo, Sicaba, Grande, Himocaan, Danao, Upper Tyabanan, Sipalay and Lower Ilog",0,8000,0,108119693,511.5,70.06666667,41.69744444,autumn,monsoon,0
2017-0516-MYS,MYS,Malaysia,2017,11,25,22.172,95.434,"Kelantan (Kota Bharu, Pasir Mas, Tumpat, Bachok, Tanah Merah, Pasir Puteh, Kuala Krai, Machang, Jeli) and Terengganu (Besut, Kuala Terengganu, Marang, Dungun, Setiu, Kuala Nerus)",Riverine flood,Golok River,2,13000,0,32355644,511.5,70.06666667,206.0363415,autumn,NoMonsoon,0
2017-0516-THA,THA,Thailand,2017,11,25,22.172,95.434,"Nakhon Si Thammarat, Narathiwat, Pattani, Phatthalung, Satun, Songkhla, Surat Thani, Trang, Yala provinces",Riverine flood,Unknown,22,385498,0,71160187,511.5,70.06666667,454.353,autumn,NoMonsoon,1
2017-0517-IND,IND,India,2017,8,16,22.172,95.434,"Uttar Pradesh (Siddharthnagar, Balarampur, Bahraich, Shravasti, Maharajganj, Barabanki, Lakhimpur Kheri, Gorakhpur, Muzaffarnagar, Gonda, Basti, Mirzapur, Khiri, Deoria, Sitapur, Bijnore, Faizabad, Pilibhit, Farrukhabad, Mau, Kushinagar, Badaun, Ambedkar nagar, Azamgarh, Santkabir Nagar, Ghazipur, Balia)",Flood (General),"West Rapti, Ghaghra, Rapti, Rohin, Budhi Rapti, Ghoghi",101,2700000,0,1359657400,429.8333333,48.33333333,1254.5155,summer,monsoon,1
2017-0548-ARE,ARE,United Arab Emirates,2017,12,16,22.172,95.434,"Fujairah, Al Ain (Abu Dhabi), Khor Fakkan (Sharjah)",Flood (General),Unknown,0,188,0,9223225,511.5,70.06666667,328.7334667,winter,NoMonsoon,0
2017-0548-OMN,OMN,Oman,2017,12,16,24.36,55.968,"Saham, Al Batinah (Fariq), Liwa, Muscat",Flood (General),Unknown,3,200,0,4537396,635.5,77.5,0.060444444,winter,NoMonsoon,0
2017-0568-CHN,CHN,China,2017,4,26,22.172,95.434,Yulin city (Shaanxi province),Flood (General),Unknown,8,76800,492000,1396215000,511.5,70.06666667,2227.122359,spring,NoMonsoon,0
2017-0576-IDN,IDN,Indonesia,2017,11,19,22.172,95.434,"East Lombok Regency (West Nusa Tenggara province), Keruak, Jerowaru, Sakra and West Sakra districts",Flash flood,Unknown,2,2280,0,267346658,511.5,70.06666667,48.10376923,autumn,NoMonsoon,0
2018-0051-PHL,PHL,Philippines,2018,1,13,22.172,95.434,"Bicol, Dvao, Eastern Visayas, NOrthern Mindanao, Western Visayas",Flood (General),Unknown,11,180000,0,109465287,511.5,70.06666667,41.69744444,winter,NoMonsoon,1
2018-0063-MYS,MYS,Malaysia,2018,2,3,3.133,3.659,"Samarahan, Bintulu, Serian, Mukah, Limbang, Sarikei (Sarawak State)",Flash flood,Unknown,0,4900,0,32910967,511.5,70.06666667,206.0363415,winter,NoMonsoon,0
2018-0068-MYS,MYS,Malaysia,2018,1,1,3.659,102.337,"Kuantan, Rompin, Pekan, Jerantut, Lipis, Bera districts (Pahang state), Johor, Terengganu states",Flood (General),"Junjung, Pahang, Pahang di Lubuk Paku rivers",2,12000,0,32910967,511.5,70.06666667,206.0363415,winter,NoMonsoon,0
2018-0121-IDN,IDN,Indonesia,2018,3,22,22.172,95.434,"West Sulawesi, East Kalimantan, North Suamatra",Flood (General),Unknown,3,12000,0,269951846,511.5,70.06666667,48.10376923,spring,NoMonsoon,0
2018-0128-ISR,ISR,Israel,2018,4,24,31.164,34.861,Nahal Tsafit gorges,Flash flood,Unknown,12,0,0,8882800,511.5,70.06666667,5.5675,spring,NoMonsoon,0
2018-0156-AFG,AFG,Afghanistan,2018,5,9,34.94,68.216,Unknown,Flood (General),Unknown,72,4000,0,36743039,526,70.06666667,68.6501,spring,NoMonsoon,0
2018-0158-BGD,BGD,Bangladesh,2018,5,20,23.226,92.13,Unknown,Flood (General),Unknown,21,14000,0,163523103,511.5,70.06666667,11968.294,spring,NoMonsoon,0
2018-0159-CHN,CHN,China,2018,5,7,23.812,108.795,Guangxi Zhuang Autonomous,Flood (General),Unknown,5,70000,0,1402760000,511.5,70.06666667,2227.122359,spring,NoMonsoon,0
2018-0166-IDN,IDN,Indonesia,2018,3,5,-8.497,118.569,West Nusa Tenggara,Flood (General),Unknown,0,3000,0,269951846,511.5,70.06666667,48.10376923,spring,NoMonsoon,0
2018-0167-KAZ,KAZ,Kazakhstan,2018,3,9,47.381,81.478,"Ayagoz, Glubokoye, Kurshim, Zaisan, Urzhar",Flood (General),Unknown,0,400,0,18932727,547,68,62.81446154,spring,NoMonsoon,0
2018-0190-JPN,JPN,Japan,2018,6,29,35.65,137.895,"Kochi, Gifu,Nagano prefectures, Tokushima; Okayama, Hiroshima; Chugoku, Kansai, Kyushu regions",Flood (General),Unknown,246,1500000,9500000,126811000,511.5,70.06666667,108.9076711,summer,monsoon,1
2018-0198-CHN,CHN,China,2018,5,5,22.172,95.434,"Sichuan, Gansu, Chongqing, Hubei, Jiangsu, Guizhou, Anhui, Shaanxi, Henan, Fujian",Flood (General),Yangtze River Basin,112,450000,1750000,1402760000,511.5,70.06666667,2227.122359,spring,NoMonsoon,1
2018-0203-BGD,BGD,Bangladesh,2018,6,5,22.172,95.434,"Cox’s Bazar,Rangamati",Flood (General),Unknown,14,0,0,163523103,511.5,70.06666667,11968.294,summer,monsoon,0
2018-0203-MMR,MMR,Myanmar,2018,6,5,22.172,95.434,Shan state and Magway and Sagaing regions,Flood (General),Unknown,12,0,0,52272247,511.5,70.06666667,4552.1444,summer,monsoon,0
2018-0204-VNM,VNM,Viet Nam,2018,6,23,22.172,95.434,Lai Chau,Flash flood,Unknown,33,16710,23000,96237319,511.5,70.06666667,1358.849333,summer,monsoon,0
2018-0205-IND,IND,India,2018,6,22,22.172,95.434,"Assam, Maharashtra, Gujarat",Flood (General),Unknown,52,0,0,1374659064,429.8333333,48.33333333,1254.5155,summer,monsoon,0
2018-0207-TJK,TJK,Tajikistan,2018,5,16,22.172,95.434,"Farkhor, Panj districts (Khatlon Province)",Flood (General),Unknown,6,5725,0,9307333,511.5,70.06666667,160.48125,spring,NoMonsoon,0
2018-0210-CHN,CHN,China,2018,5,7,22.172,95.434,"Jiangxi, Hebei, Shanxi, Jiangsu, Shandong, Henan, Hubei, Shaanxi, Sichuan, Guizhou, Gansu, Chongqing",Flood (General),Yangtze river,77,225000,373000,1402760000,511.5,70.06666667,2227.122359,spring,NoMonsoon,1
2018-0211-CHN,CHN,China,2018,5,7,22.172,95.434,"Fujian, Guangdong, Guangxi",Flood (General),Unknown,2,6000,67000,1402760000,511.5,70.06666667,2227.122359,spring,NoMonsoon,0
2018-0212-AFG,AFG,Afghanistan,2018,5,7,22.172,95.434,Unknown,Flood (General),Unknown,18,0,0,36743039,526,70.06666667,68.6501,spring,NoMonsoon,0
2018-0212-PAK,PAK,Pakistan,2018,5,7,22.172,95.434,Unknown,Flood (General),Unknown,60,5000,0,226928892,511.5,75.33333333,351.4056296,spring,NoMonsoon,0
2018-0213-IND,IND,India,2018,5,17,22.172,95.434,Tripura state,Flash flood,Unknown,15,11704,10000,1374659064,429.8333333,48.33333333,1254.5155,spring,NoMonsoon,0
2018-0216-IND,IND,India,2018,5,29,22.172,95.434,Dakshina Kannada and Udupi districts,Flood (General),Unknown,12,4945,2500,1374659064,429.8333333,48.33333333,1254.5155,spring,NoMonsoon,0
2018-0219-NPL,NPL,Nepal,2018,7,1,28.238,84.398,"Runtigadhi (Rolpa district); Parsa, Kailali, Banke, Dang, Sarlahi, Sindhuli districts; Tanahu, Kathmandu",Flash flood,Unknown,15,1400,0,28079689,511.5,70.06666667,328.7334667,summer,monsoon,0
2018-0222-KHM,KHM,Cambodia,2018,7,23,22.172,95.434,"Siem Pang District, Steung Treng Town, Siem Bok,Sesan, Thalaborivat; Kampong Speu, Battambang, Koh Kong, Phreah Sihanouk , Kampot provinces",Flood (General),Unknown,0,5817,0,16274522,511.5,70.06666667,3965.6898,summer,monsoon,0
2018-0222-LAO,LAO,Lao People's Democratic Republic,2018,7,23,22.172,95.434,"Yai Thae, Hinlad, Mai, Thasengchan, Tha Hin Samong (Attapeu province)",Flood (General),Unknown,136,13100,0,7128045,511.5,70.06666667,1192.554816,summer,monsoon,0
2018-0244-GEO,GEO,Georgia,2018,7,5,22.172,95.434,Nenskra valley villages,Flash flood,Nenskra River,0,1143,0,3726549,861,110.6666667,97.98825,summer,monsoon,0
2018-0249-MNG,MNG,Mongolia,2018,7,3,22.172,95.434,"Arkhangai, Bulgan, Dornogovi, Umnugobi, Sukhbaatar, Selenge, Tuv, Khovd, Bayan-Ulgii, Zavkhan, Uvurkhangai, Khuvsgul, Bayanzurkh provinces",Flash flood,Unknown,0,8301,0,3208189,511.5,70.06666667,27.68008333,summer,monsoon,0
2018-0250-CHN,CHN,China,2018,7,7,22.172,95.434,"Deyang, Mianyang, Guangyuan prefectures (Sichuan province)",Flood (General),Unknown,3,1381000,781283,1402760000,511.5,70.06666667,2227.122359,summer,monsoon,1
2018-0252-CHN,CHN,China,2018,7,10,22.172,95.434,"Tianshui, Zhangye, Pingliang (Gansu province)",Flood (General),Unknown,16,1519000,530689,1402760000,511.5,70.06666667,2227.122359,summer,monsoon,1
2018-0255-MMR,MMR,Myanmar,2018,7,15,18.191,95.434,"Bago, Karen, Mon, Nay Pyi Taw, Tanintharyi, Magway, Sagaing, Ayeyarwady, Kayin",Flood (General),"Chindwin, Ngawun, Sittoung, Bago",16,109650,0,52272247,511.5,70.06666667,4552.1444,summer,monsoon,1
2018-0267-IND,IND,India,2018,7,26,22.172,95.434,"Uttar Pradesh, Rajasthan",Flood (General),Unknown,33,1500,0,1374659064,429.8333333,48.33333333,1254.5155,summer,monsoon,0
2018-0278-LKA,LKA,Sri Lanka,2018,5,19,22.172,95.434,"Puttalam,Gampaha, Ratnapura, Colombo, Kurunegala, Kalutara,Kegalle districts",Flood (General),Unknown,20,153712,0,21670000,511.5,70.06666667,119.3917143,spring,NoMonsoon,1
2018-0282-CHN,CHN,China,2018,6,28,22.172,95.434,Unknown,Riverine flood,Yangtze River basin,11,36000,278000,1402760000,511.5,70.06666667,2227.122359,summer,monsoon,0
2018-0286-IND,IND,India,2018,7,20,22.172,95.434,Odisha state,Flood (General),Unknown,20,41430,0,1374659064,429.8333333,48.33333333,1254.5155,summer,monsoon,0
2018-0295-IND,IND,India,2018,8,7,22.172,95.434,"Thrissur, Chengannur (Kerala state); West Bengal, Odisha, Assam, Nagaland, Uttar Pradesh, Himachal Pradesh, Maharashtra states",Flash flood,Unknown,504,23000000,2852480,1374659064,429.8333333,48.33333333,1254.5155,summer,monsoon,1
2018-0314-MMR,MMR,Myanmar,2018,8,29,22.172,95.434,Bago region,Flood (General),Unknown,7,63400,0,52272247,511.5,70.06666667,4552.1444,summer,monsoon,0
2018-0329-PRK,PRK,Democratic People's Republic of Korea,2018,8,24,38.531,126.573,"Pyongsan, Kumchon, Jangpung, Kaesong counties (North Hwanghae); Haeju, Taetan, Siwon, Pongchon, Changdan counties (South Hwanghae)",Flood (General),Unknown,148,581268,25000,25931147,511.5,70.06666667,72.38114286,summer,monsoon,1
2018-0345-IND,IND,India,2018,8,2,22.172,95.434,"Biswanath, Udalguri, Golaghat, Sivassagar/Charaideo, Barpeta, Lakhimpu, Dhemaji, Darrang (Assam, West Bengal)",Flood (General),Unknown,3,25000,0,1374659064,429.8333333,48.33333333,1254.5155,summer,monsoon,0
2018-0350-AFG,AFG,Afghanistan,2018,8,24,22.172,95.434,Ghazi-Abad district (Kunar province),Flash flood,Unknown,11,0,0,36743039,526,70.06666667,68.6501,summer,monsoon,0
2018-0369-CHN,CHN,China,2018,8,29,22.172,95.434,Unknown,Flood (General),Unknown,18,11400,790000,1402760000,511.5,70.06666667,2227.122359,summer,monsoon,0
2018-0369-VNM,VNM,Viet Nam,2018,8,29,22.172,95.434,Northern provinces,Flood (General),Unknown,20,6000,0,96237319,511.5,70.06666667,1358.849333,summer,monsoon,0
2018-0370-IND,IND,India,2018,9,1,22.172,95.434,Uttar Pradesh,Flood (General),Unknown,46,0,0,1374659064,429.8333333,48.33333333,1254.5155,autumn,monsoon,0
2018-0372-IND,IND,India,2018,9,23,22.172,95.434,"Punjab, Haryana states",Flood (General),Unknown,25,0,0,1374659064,429.8333333,48.33333333,1254.5155,autumn,monsoon,0
2018-0383-IRN,IRN,Iran (Islamic Republic of),2018,10,5,35.606,52.429,"Gilan, Mazandaran, Golestan, North Khorasan, Isfahan, Yazd provinces",Flash flood,Unknown,9,6990,166000,86117998,650.625,84.25,61.52216667,autumn,NoMonsoon,0
2018-0384-LKA,LKA,Sri Lanka,2018,10,6,6.806,80.637,"Kalutara, Galle, Rathnapura, Kegalle districts",Flood (General),Unknown,12,75000,0,21670000,511.5,70.06666667,119.3917143,autumn,NoMonsoon,0
2018-0390-QAT,QAT,Qatar,2018,10,20,22.172,95.434,Doha,Flash flood,Unknown,0,1500,10000,2580734,511.5,70.06666667,328.7334667,autumn,NoMonsoon,0
2018-0403-JOR,JOR,Jordan,2018,10,25,22.172,95.434,"Western regions, Dead Sea region",Flash flood,Unknown,21,0,0,10462306,511.5,70.06666667,4.15425,autumn,NoMonsoon,0
2018-0414-JOR,JOR,Jordan,2018,11,9,22.172,95.434,Jizah district (Amman); Ma'an governorate.,Flood (General),Unknown,13,0,0,10462306,511.5,70.06666667,4.15425,autumn,NoMonsoon,0
2018-0414-KWT,KWT,Kuwait,2018,11,9,22.172,95.434,Unknown,Flood (General),Unknown,1,0,0,4323515,511.5,70.06666667,328.7334667,autumn,NoMonsoon,0
2018-0425-IDN,IDN,Indonesia,2018,10,11,22.172,95.434,Muara Saladi village in Mandailing Natal Regency (North Sumatra),Flash flood,Unknown,35,20000,0,269951846,511.5,70.06666667,48.10376923,autumn,NoMonsoon,0
2018-0427-IRQ,IRQ,Iraq,2018,11,22,22.172,95.434,Ach-Charqat/Al Shirkat district; Salaheddine and Ninewa provinces,Flash flood,Unknown,21,25000,0,40265624,393,42,947.8885,autumn,NoMonsoon,0
2018-0448-VNM,VNM,Viet Nam,2018,12,8,22.172,95.434,"Thanh Hoa, Binh Dinh, Nghe An, Quang Tri, Quang Ngai, Quang Nam, Da Nang",Flash flood,Unknown,14,105000,25000,96237319,511.5,70.06666667,1358.849333,winter,NoMonsoon,1
2018-0467-LKA,LKA,Sri Lanka,2018,12,22,22.172,95.434,"Mullaithvu,Kilinochchi, Mannar, Vavuniya, Jaffna districts",Flash flood,Unknown,2,75000,0,21670000,511.5,70.06666667,119.3917143,winter,NoMonsoon,0
2018-0471-IDN,IDN,Indonesia,2018,11,26,22.172,95.434,"Java, Sumatra Isl",Flash flood,Unknown,13,3000,0,269951846,511.5,70.06666667,48.10376923,autumn,NoMonsoon,0
2018-0472-IDN,IDN,Indonesia,2018,12,6,22.172,95.434,"Bogor (West Java); East Java, West Sumatra, Riau, Bali",Flood (General),Unknown,9,5463,0,269951846,511.5,70.06666667,48.10376923,winter,NoMonsoon,0
2018-0483-IDN,IDN,Indonesia,2018,2,21,22.172,95.434,Pasir Pangang (Java province),Flood (General),Unknown,20,100000,0,269951846,511.5,70.06666667,48.10376923,winter,NoMonsoon,0
2019-0022-IDN,IDN,Indonesia,2019,1,17,22.172,95.434,"Kebumen (Banyumas district); Mojokerto, Bojonegoro, Purworedjo, Cilacap districts (Central Java)",Flood (General),Unknown,2,2650,0,272489381,511.5,70.06666667,48.10376923,winter,NoMonsoon,0
2019-0033-SAU,SAU,Saudi Arabia,2019,1,27,26.674,41.295,Tabouk,Flood (General),Unknown,12,271,0,30063799,647.125,84.375,328.7334667,winter,NoMonsoon,0
2019-0050-AFG,AFG,Afghanistan,2019,1,6,22.172,95.434,Kohistan district (Badakhshan province),Flash flood,Unknown,30,0,0,37856121,526,70.06666667,68.6501,winter,NoMonsoon,0
2019-0082-AFG,AFG,Afghanistan,2019,3,2,31.991,67.078,"Zheri, Dand,Damand, Arghandab, Spinboldak,Takhtapu, Panjwai, Boldack, Shah Wali Kot Districts (Kandahar province); Shandand district (Herat province); Ab Kamari; Bala Murghab, Jawand, Qala-e-Naw distrits (Farah province); Zaazi Aryoub district Marikhil village and Wazi Zadran district (Paktia province); Mandozai, Bak, Ali Shir, Sabri districts and Khost City (Khost province); Sayed Abaad, Daimir daad, Jalriz districts (Wardak province); Kunar, Zabul, Nimroz, provinces Chaparhaar District, Guldara Dowlatzai Village, Surkh Rood District, Bakhtaan Village, Angoor Bagh area of Jalal Abaad, Haska Mina district Dowlatkhil Village (Nangarhar province); Hilmand, Laghman provinces",Flood (General),Unknown,63,122600,0,37856121,526,70.06666667,68.6501,spring,NoMonsoon,1
2019-0082-IRN,IRN,Iran (Islamic Republic of),2019,3,9,22.172,95.434,Sistan-Baluchestan Province,Flood (General),Unknown,5,0,80000,87051648,650.625,84.25,61.52216667,spring,NoMonsoon,0
2019-0082-PAK,PAK,Pakistan,2019,2,20,22.172,95.434,Khyber Pakhtunkhwa province; Lasbellla district (Balochistan Province),Flood (General),Unknown,25,0,0,230800899,511.5,75.33333333,351.4056296,winter,NoMonsoon,0
2019-0107-IDN,IDN,Indonesia,2019,3,6,22.172,95.434,"Java Isl., western Timor",Flood (General),Unknown,9,168393,0,272489381,511.5,70.06666667,48.10376923,spring,NoMonsoon,1
2019-0111-IDN,IDN,Indonesia,2019,3,16,22.172,95.434,Papua province,Flash flood,Unknown,206,58625,103000,272489381,511.5,70.06666667,48.10376923,spring,NoMonsoon,0
2019-0125-AFG,AFG,Afghanistan,2019,3,18,22.172,95.434,"Herat, Ghoryan, Koh Zor, Rubat Sangi , Zinda Jan Districts, (Herat Province); Faryab, Balkh, Badhis",Flood (General),Unknown,35,0,0,37856121,526,70.06666667,68.6501,spring,NoMonsoon,0
2019-0125-IRN,IRN,Iran (Islamic Republic of),2019,3,19,22.172,95.434,"Kermanshah, Golestan, Mazandaran, North Khorasan, Semnan, Fars, Kurdistan, Qom, Isfahan, Khuzestan, Chaharmahal, Bakhtiari, Kohkilouyen, Boyerahmad, Markazi, Lorestan, Hamadan, Sistan, Baluchestan, Gilan",Flood (General),Unknown,70,10000000,2500000,87051648,650.625,84.25,61.52216667,spring,NoMonsoon,1
2019-0137-SYR,SYR,Syrian Arab Republic,2019,3,30,22.172,95.434,"Idleb, Al Hasakeh Governate",Flood (General),Unknown,2,235000,0,20353534,696,122,254.61875,spring,NoMonsoon,1
2019-0141-IRQ,IRQ,Iraq,2019,3,24,22.172,95.434,"Anbar, Basra, Dahuk, Diyala, Kirkuk, Missan, Muthanna, Ninewa, Salah al-Din, Sulaymaniyah, and Wassit governorates",Flood (General),Unknown,10,5865,0,41192171,393,42,947.8885,spring,NoMonsoon,0
2019-0143-AFG,AFG,Afghanistan,2019,3,30,22.172,95.434,"Obey, Kohsan, Karrokh, Shindand, Guzara districts (Herat)",Flood (General),Unknown,16,0,0,37856121,526,70.06666667,68.6501,spring,NoMonsoon,0
2019-0161-CHN,CHN,China,2019,4,11,22.172,95.434,Shenzhen City (Guangdong Province),Flood (General),Unknown,11,0,0,1407745000,511.5,70.06666667,2227.122359,spring,NoMonsoon,0
2019-0167-IDN,IDN,Indonesia,2019,4,25,22.172,95.434,"South Jakarta, East Jakarta",Flood (General),Ciliwung river,2,2258,0,272489381,511.5,70.06666667,48.10376923,spring,NoMonsoon,0
2019-0168-IDN,IDN,Indonesia,2019,4,25,22.172,95.434,"Bengkulu city, Kaur, North Bengkulu, Central Bengkulu, South Bengkulu, Seluma, Kapahiang, Lebong, Rejang Lebong districts (Bengkulu Province)",Flood (General),Unknown,18,13000,15000,272489381,511.5,70.06666667,48.10376923,spring,NoMonsoon,0
2019-0201-PAK,PAK,Pakistan,2019,4,13,22.172,95.434,"Balochistan, South Waziristan",Flash flood,Unknown,20,0,0,230800899,511.5,75.33333333,351.4056296,spring,NoMonsoon,0
2019-0209-CHN,CHN,China,2019,6,13,22.172,95.434,"Yunnan, Guizhou, Guangxi, Hunan, Guangdong, Jiangxi, Zhejiang, Fujian, Chongqing provinces",Flood (General),Unknown,300,4500000,6200000,1407745000,511.5,70.06666667,2227.122359,summer,monsoon,1
2019-0210-IDN,IDN,Indonesia,2019,6,9,22.172,95.434,"Konawe, North Konawe, Konawe Island, East Kolaka regencies (Sulawesi, Kalimantan Islands)",Flood (General),Unknown,1,52000,0,272489381,511.5,70.06666667,48.10376923,summer,monsoon,0
2019-0213-YEM,YEM,Yemen,2019,6,11,22.172,95.434,"Marib, Sa’ada, Aden, Shabwa, Lahj, Taizz, Hadramaut, Ibb, Al Bayda, Al Jawf, Hajjah, Dhamar, Rayma, Hajjah governorates.",Flash flood,Unknown,8,80000,0,35111408,706.5,89,328.7334667,summer,monsoon,0
2019-0216-AFG,AFG,Afghanistan,2019,6,11,22.172,95.434,"Kishim, Argo, Shahri Buzurg and Tishkan districts, Badakhshan province.",Flash flood,Unknown,3,0,0,37856121,526,70.06666667,68.6501,summer,monsoon,0
2019-0216-TJK,TJK,Tajikistan,2019,6,1,37.42,69.354,"Farkhor, Vose, Temurmalik, Khuroson, Panj (Khatlon province); Konibodom, Panjakent, Isfara, B. Gafurov (Sughd province); Rudaky, Fayzobod districts (DRD)",Flash flood,Unknown,4,6750,0,9529966,511.5,70.06666667,160.48125,summer,monsoon,0
2019-0219-MNG,MNG,Mongolia,2019,6,15,47.204,111.071,Ulaanbaatar; Tuv province,Flood (General),Unknown,12,500,0,3267673,511.5,70.06666667,27.68008333,summer,monsoon,0
2019-0220-MDV,MDV,Maldives,2019,5,30,22.172,95.434,"Haa Dhaal, Gaafu Alifu, Thaa, Laamu atolls",Flood (General),Unknown,0,1800,0,487731,511.5,70.06666667,328.7334667,spring,NoMonsoon,0
2019-0226-MYS,MYS,Malaysia,2019,6,2,22.172,95.434,"Belaga district (Kapit division, Northern and central Sarawak State)",Flood (General),Unknown,0,1000,0,33440596,511.5,70.06666667,206.0363415,summer,monsoon,0
2019-0252-OMN,OMN,Oman,2019,5,18,22.172,95.434,Wadi Bani Khalid,Flood (General),Unknown,6,0,0,4591241,635.5,77.5,0.060444444,spring,NoMonsoon,0
2019-0252-SAU,SAU,Saudi Arabia,2019,5,22,18.54,45.254,Taif (Meccah province),Flood (General),Unknown,1,36,0,30063799,647.125,84.375,328.7334667,spring,NoMonsoon,0
2019-0252-YEM,YEM,Yemen,2019,5,17,22.172,95.434,Sanaa,Flood (General),Unknown,6,0,0,35111408,706.5,89,328.7334667,spring,NoMonsoon,0
2019-0255-AFG,AFG,Afghanistan,2019,5,22,34.668,67.894,"Kabul, Parwan, Ghour, Herat, Bamyan, Ghazni",Flash flood,Unknown,24,550,0,37856121,526,70.06666667,68.6501,spring,NoMonsoon,0
2019-0264-PHL,PHL,Philippines,2019,6,3,8.223,123.493,"Datu Salibo and Sultan sa Barongis municipalities (Maguindanao Province, Mindanao Island)",Flood (General),Unknown,0,45000,0,110804683,511.5,70.06666667,41.69744444,summer,monsoon,0
2019-0265-VNM,VNM,Viet Nam,2019,5,27,22.172,95.434,"Ha Giang, Bac Kan, Cao Bang and Yen Bai Provinces",Flood (General),Unknown,3,0,0,97173776,511.5,70.06666667,1358.849333,spring,NoMonsoon,0
2019-0274-TUR,TUR,Türkiye,2019,6,18,40.706,41.047,Arakli District (Trabzon Province),Flash flood,Unknown,10,70,0,82579440,713.75,103.25,118.8255714,summer,monsoon,0
2019-0281-IDN,IDN,Indonesia,2019,6,3,22.172,95.434,"South East Sulawesi, South Sulawesi,Central Sulawesi, East Kalimantan",Flood (General),Unknown,2,55495,0,272489381,511.5,70.06666667,48.10376923,summer,monsoon,0
2019-0286-GEO,GEO,Georgia,2019,5,12,22.172,95.434,"Lagodekhi, Akhmeta, Telavi, Dedoplistskaro municipalities (Kakheti Region)",Flood (General),Unknown,0,5088,0,3720161,861,110.6666667,97.98825,spring,NoMonsoon,0
2019-0288-IND,IND,India,2019,6,28,22.172,95.434,"Mumbai, Pune, Ratnagiri Districts (Maharashtra State)",Flood (General),Unknown,52,0,0,1389030312,429.8333333,48.33333333,1254.5155,summer,monsoon,0
2019-0289-JPN,JPN,Japan,2019,6,29,32.591,130.866,"Kyushu and Amami Islands; Kagoshima, Kirishima, Aira cities (Kagoshima Prefecture); Miyazaki, Kumamoto, Ishikawa prefectures",Flood (General),Unknown,2,600,0,126633000,511.5,70.06666667,108.9076711,summer,monsoon,0
2019-0331-IND,IND,India,2019,7,14,22.172,95.434,"Sitamarhi, Sheohar, East Champaran, Muzaffarpur, Madhubani, Darbhanga, Supaul, Araria, Sahersa , Katihar, Purnia, Kishanganj districts (Bihar); Dhemaji, Lakhimpur, Biswanath, Barpeta, Chirang, Golaghat Jorhat, Sonitpur, Darrang, Nalbari, Bongaigaon, Morigaon, Nagaon, Majuli, Baksa, Kokrajhar, Dhubri, South Salmara, Goalpara, Kamrup, Hojai, Sivsagar, Tinsukia, Cachar, KarbiAnglrng, West Karbi-Anglong, Hailakandi, Dibrugarh districts (Assam); Maharashtra, Kerala, Rajasthan, West Bengal, Karnataka, Uttarakand, Himachal Pradesh, Punjab, Uttar Pradesh, Odisha",Flood (General),Unknown,1900,3000000,10000000,1389030312,429.8333333,48.33333333,1254.5155,summer,monsoon,1
2019-0332-NPL,NPL,Nepal,2019,7,8,22.172,95.434,"Lalitpur, Kathmandu, Bhaktapur, Jhapa, Morang, Sunsari, Saptari, Dang, Dhanusha, Siraha, Sarlai, Bara, Parsa, Bhojpur, Udayapur, Rautahat, Mahottari, Kavre, Makwanpur, Dhading, Ramechhap, Khotang, Dolpa, Sindhuli, Panchthar, Dholakha, Illam, Okhaldunga, Palpa, Kapilabastu and Dhankuta districts",Flood (General),"Bagmati, Riukhola rivers",119,82500,204000,28414064,511.5,70.06666667,328.7334667,summer,monsoon,0
2019-0333-CHN,CHN,China,2019,7,15,22.172,95.434,"Zhejiang, Fujian, Jiangxi, Hunan, Guangdong, Yunnan, Sichuan provinces, Guangxi Zhuang Autonomous Region, Tibet Autonomous Region",Flood (General),Unknown,17,360000,0,1407745000,511.5,70.06666667,2227.122359,summer,monsoon,1
2019-0337-BGD,BGD,Bangladesh,2019,6,15,22.172,95.434,"Kurigram, Gaibandha, Lalmonirhat, Chattogram, Bandarban, Rangamati, Sylhet, Sunamganj, Bogura, Nilphamari, Khagrachari, Cox’s Bazar, Feni, Netrokona, Sirajganj, Jamalpur, Tangail, Moulavibazar, Habiganj, Sherpur, Brahmanbaria, Chandpur, Faridpur, Madaripur, Manikganj, Munshiganj, Rajbari, Shariatpur districts",Flood (General),"Brahmapoutre, Jamuna and Tista rivers",114,7600000,75000,164913055,511.5,70.06666667,11968.294,summer,monsoon,1
2019-0346-PAK,PAK,Pakistan,2019,7,16,22.172,95.434,"Punjab, Balochistan, Khyber Pakhtunkhwa, Sindh, Azad Jammu and Kashmir (AJK)",Flash flood,Unknown,64,800,0,230800899,511.5,75.33333333,351.4056296,summer,monsoon,0
2019-0347-MMR,MMR,Myanmar,2019,7,14,22.172,95.434,"Kachin, Mon States",Flood (General),Unknown,0,6200,0,52640713,511.5,70.06666667,4552.1444,summer,monsoon,0
2019-0357-TUR,TUR,Türkiye,2019,7,17,22.172,95.434,Akçakoca District (Düzce Province),Flash flood,Unknown,7,220,0,82579440,713.75,103.25,118.8255714,summer,monsoon,0
2019-0372-PAK,PAK,Pakistan,2019,7,29,22.172,95.434,Karachi,Flood (General),Unknown,16,0,0,230800899,511.5,75.33333333,351.4056296,summer,monsoon,0
2019-0380-VNM,VNM,Viet Nam,2019,8,5,22.172,95.434,"Qu?ng Ninh, L?ng S?n, Thanh Hóa",Flash flood,Unknown,19,1000,45000,97173776,511.5,70.06666667,1358.849333,summer,monsoon,0
2019-0381-CHN,CHN,China,2019,8,4,22.172,95.434,Duobi Gorge in Hefeng County (Hubei province),Flash flood,Unknown,13,15800,0,1407745000,511.5,70.06666667,2227.122359,summer,monsoon,0
2019-0383-IND,IND,India,2019,8,12,22.172,95.434,"West Bengal, Kerala, Odisha, Maharashtra",Flood (General),Unknown,32,17500,0,1389030312,429.8333333,48.33333333,1254.5155,summer,monsoon,0
2019-0385-MMR,MMR,Myanmar,2019,8,8,22.172,95.434,Paung Township (Mon State),Flood (General),Unknown,115,0,0,52640713,511.5,70.06666667,4552.1444,summer,monsoon,0
2019-0386-PAK,PAK,Pakistan,2019,8,9,22.172,95.434,"Sindh, Khyber Pakhtunkhwa provinces",Flood (General),Unknown,26,0,0,230800899,511.5,75.33333333,351.4056296,summer,monsoon,0
2019-0393-VNM,VNM,Viet Nam,2019,8,8,22.172,95.434,"Kien Giang, Lam Dong, Dak Lak, Dac Nong, Gia Lai, Kon Tum, Dong Nai, Binh Thuan, Binh Phuoc",Flood (General),Unknown,12,61535,0,97173776,511.5,70.06666667,1358.849333,summer,monsoon,0
2019-0409-JPN,JPN,Japan,2019,8,27,32.951,130.545,"Fukuoka, Nagasaki, Takeo City, Saga Prefecture (Kyushu Island)",Flood (General),Unknown,1,300,100000,126633000,511.5,70.06666667,108.9076711,summer,monsoon,0
2019-0419-KHM,KHM,Cambodia,2019,9,11,22.172,95.434,"Stung Treng, Kratie, Kampong Cham and Tbong Khmum",Flood (General),Mekong river,12,435000,0,16481304,511.5,70.06666667,3965.6898,autumn,monsoon,1
2019-0419-LAO,LAO,Lao People's Democratic Republic,2019,8,29,22.172,95.434,"Attapeu, Champasak, Khammouan, Salavan, Savannakhet, Sekong provinces",Flood (General),Unknown,19,507500,0,7237636,511.5,70.06666667,1192.554816,summer,monsoon,1
2019-0419-THA,THA,Thailand,2019,9,11,22.172,95.434,"Amnat Charoen, Khon Kaen, Petchaboon, Phitsanulok, Pichit, Roi-Et, Sri Saket, Sukhothai, Ubon Ratchathani and Yasothorn",Flood (General),Unknown,19,158000,0,71522271,511.5,70.06666667,454.353,autumn,monsoon,1
2019-0419-VNM,VNM,Viet Nam,2019,9,11,22.172,95.434,"Quang Binh, Ha Tinh and Lao Cai provinces.",Flood (General),Unknown,10,36450,13000,97173776,511.5,70.06666667,1358.849333,autumn,monsoon,0
2019-0452-LKA,LKA,Sri Lanka,2019,9,23,22.172,95.434,"Galle, Kalutara, Gampaha, Ratnapura, Kegalle, Matara, Colombo",Flash flood,Unknown,1,136607,0,21803000,511.5,70.06666667,119.3917143,autumn,monsoon,1
2019-0461-YEM,YEM,Yemen,2019,7,31,43.571,15.118,"Al Mahwit Governorate, Ibb Governorate",Flood (General),Unknown,12,500,0,35111408,706.5,89,328.7334667,summer,monsoon,0
2019-0462-TUR,TUR,Türkiye,2019,8,17,22.172,95.434,Bakirkoy and Fatih districts (Istanbul),Flash flood,Unknown,1,15000,0,82579440,713.75,103.25,118.8255714,summer,monsoon,0
2019-0464-PAK,PAK,Pakistan,2019,8,16,22.172,95.434,"Azad Jammu and Kashmir, Khyber Pakhtunkhwa",Flood (General),Unknown,16,0,0,230800899,511.5,75.33333333,351.4056296,summer,monsoon,0
2019-0469-CHN,CHN,China,2019,7,29,22.172,95.434,Heilongjiang province,Riverine flood,Ashi River,0,11400,315000,1407745000,511.5,70.06666667,2227.122359,summer,monsoon,0
2019-0470-PAK,PAK,Pakistan,2019,7,15,22.172,95.434,Neelum Valley,Flash flood,Unknown,28,0,0,230800899,511.5,75.33333333,351.4056296,summer,monsoon,0
2019-0471-PAK,PAK,Pakistan,2019,9,30,22.172,95.434,"Mardan, Dir Lower districts (Khyber Pakhtunkhwa province)",Flood (General),Unknown,11,0,0,230800899,511.5,75.33333333,351.4056296,autumn,monsoon,0
2019-0482-VNM,VNM,Viet Nam,2019,10,15,22.172,95.434,"Nghe An, Bình Dinh, Hà Tinh Provinces",Flood (General),Unknown,3,26250,0,97173776,511.5,70.06666667,1358.849333,autumn,NoMonsoon,0
2019-0495-IRN,IRN,Iran (Islamic Republic of),2019,10,12,22.172,95.434,"Guilan, Mazandaran, Golestan",Flood (General),Unknown,1,100,0,87051648,650.625,84.25,61.52216667,autumn,NoMonsoon,0
2019-0499-IND,IND,India,2019,10,19,22.172,95.434,"Belagavi, Gadag, Koppal districts (Karnataka); Kerala, Tamil Nadu states",Flood (General),Unknown,12,27500,0,1389030312,429.8333333,48.33333333,1254.5155,autumn,NoMonsoon,0
2019-0499-LKA,LKA,Sri Lanka,2019,10,24,22.172,95.434,southern and western,Flood (General),Unknown,5,8200,0,21803000,511.5,70.06666667,119.3917143,autumn,NoMonsoon,0
2019-0516-JPN,JPN,Japan,2019,10,25,36.739,140.269,"Chiba, Fukushima",Flood (General),Unknown,10,270,0,126633000,511.5,70.06666667,108.9076711,autumn,NoMonsoon,0
2019-0518-SAU,SAU,Saudi Arabia,2019,10,28,22.172,95.434,Hafar al-Batin City (Eastern Province),Flood (General),Unknown,7,1100,0,30063799,647.125,84.375,328.7334667,autumn,NoMonsoon,0
2019-0523-IDN,IDN,Indonesia,2019,10,26,22.172,95.434,"North Sumatra, and Aceh provinces (Sumatra Island)",Flood (General),Unknown,0,9435,0,272489381,511.5,70.06666667,48.10376923,autumn,NoMonsoon,0
2019-0523-MYS,MYS,Malaysia,2019,10,26,22.172,95.434,Peninsular malaysia,Flood (General),Unknown,0,2412,0,33440596,511.5,70.06666667,206.0363415,autumn,NoMonsoon,0
2019-0574-IND,IND,India,2019,11,29,22.172,95.434,"Coimbatore, Cuddalore, Nagapattinam, Thoothukkudi Districts (Tamil Nadu); Pudducherry",Flood (General),Unknown,27,25000,0,1389030312,429.8333333,48.33333333,1254.5155,autumn,NoMonsoon,0
2019-0577-LKA,LKA,Sri Lanka,2019,11,29,22.172,95.434,"Walapane Village (Nuwara Eliya District, Central Province); Batticaloa District (Eastern Province) ; Uva province",Flood (General),Unknown,12,155000,0,21803000,511.5,70.06666667,119.3917143,autumn,NoMonsoon,1
2019-0578-MYS,MYS,Malaysia,2019,11,30,4.415,102.584,"Johor state; Kota Bharu, Pasir Mas, Tumpat, Bachok, Tanah Merah, Pasir Puteh, Kuala Krai, Machang, Jeli districts (Kelantan state); Pahang state; Marang, Dungun, Kemaman, Hulu Terengganu, Setiu, Besut, Kuala Nerus districts (Terengganu state)",Flood (General),Unknown,2,15000,0,33440596,511.5,70.06666667,206.0363415,autumn,NoMonsoon,0
2019-0611-CHN,CHN,China,2019,10,15,22.172,95.434,Central,Flood (General),Unknown,14,0,90000,1407745000,511.5,70.06666667,2227.122359,autumn,NoMonsoon,0
2019-0620-IDN,IDN,Indonesia,2019,12,12,22.172,95.434,"South Solok Regency (west Sumatra), Sigi Regency (central Sulawesi)",Flash flood,Unknown,14,5000,0,272489381,511.5,70.06666667,48.10376923,winter,NoMonsoon,0
2019-0629-LKA,LKA,Sri Lanka,2019,12,18,7.922,80.835,"Matale, Kandy, Nuwara Eliya, Badulla, Moneragala, Ratnapura, Anuradhapura, Batticaloa, Polonnaruwa, Puttlam, Trincomalee, Vavuniya, Ampara, Kurunegala, Hambantota, Kegalle",Flood (General),Unknown,3,65316,0,21803000,511.5,70.06666667,119.3917143,winter,NoMonsoon,0
2019-0631-MYS,MYS,Malaysia,2019,12,18,22.172,95.434,"Terengganu, Kelantan",Flood (General),"Kuala Ping, Sungai Nerus( in Kampung Langkap), Sungai Setiu (in Kampung Besut) and Sungai Dungun (in Kuala Jengai)",0,4065,0,33440596,511.5,70.06666667,206.0363415,winter,NoMonsoon,0
2019-0632-IDN,IDN,Indonesia,2019,12,31,-6.533,107.508,"Labuhanbatu Utara districts (North Sumatra); Saling,Talang Datuk, Talang Tinggi and Lunjuk sub-districts (Bengkulu province); Jakarta, Bekasi, Bogor, Depok in West Java district; Banten Province",Flash flood,Unknown,66,501000,1200000,272489381,511.5,70.06666667,48.10376923,winter,NoMonsoon,1
2019-0656-LKA,LKA,Sri Lanka,2019,12,2,22.172,95.434,"North-west, and East provinces; Mullative, Kilinochchi, Jaffna, Vavuniya (Nothern), Anuradhapura (Noth-Central), Batticaloa (Eastern), Badulla (Uva) districts",Flood (General),Unknown,9,167436,0,21803000,511.5,70.06666667,119.3917143,winter,NoMonsoon,1
2019-0657-IDN,IDN,Indonesia,2019,12,19,22.172,95.434,"Rokan Hulu, Kampar, Pelalawan, Kuantan Singingi, Indragiri Hulu and Rokan Hilir districts (Riau province)",Flood (General),Unknown,6,60000,0,272489381,511.5,70.06666667,48.10376923,winter,NoMonsoon,0
2020-0001-ISR,ISR,Israel,2020,1,4,22.172,95.434,Tel Aviv; Haifa District,Flash flood,Unknown,7,0,580000,9215100,511.5,70.06666667,5.5675,winter,NoMonsoon,0
2020-0014-IDN,IDN,Indonesia,2020,1,14,22.172,95.434,"Samarinda City (East Kalimantan Province, Borneo Island)",Flood (General),Unknown,0,7213,0,274814866,511.5,70.06666667,48.10376923,winter,NoMonsoon,0
2020-0017-IRN,IRN,Iran (Islamic Republic of),2020,1,9,22.172,95.434,"Iranshahr, Chabahar, Khash, Delgan, Zahedan, Sarbaz, Saravan, Sib and Sooran, fonooj, Kenarak, Mehrestan, Zahak, Mirjaveh, Nikshar Hirmand districts (Sistan and Baluchistan); Hormozgan, Kerman",Flood (General),Unknown,4,196140,808000,87723443,650.625,84.25,61.52216667,winter,NoMonsoon,1
2020-0018-IDN,IDN,Indonesia,2020,1,19,22.172,95.434,"Kaur Regency (western Bengkulu Province, Sumatra Isl.)",Flash flood,Unknown,10,0,0,274814866,511.5,70.06666667,48.10376923,winter,NoMonsoon,0
2020-0033-IDN,IDN,Indonesia,2020,1,23,22.172,95.434,"Sumedang Regency, Bandung District (West Java); Bojonegoro Regency (East Java)",Flood (General),Unknown,10,75000,0,274814866,511.5,70.06666667,48.10376923,winter,NoMonsoon,0
2020-0036-IDN,IDN,Indonesia,2020,1,28,22.172,95.434,Central Tapanuli Regency (North Sumatra Province),Flood (General),Unknown,9,2100,0,274814866,511.5,70.06666667,48.10376923,winter,NoMonsoon,0
2020-0052-IDN,IDN,Indonesia,2020,2,11,22.172,95.434,Musi Rawas Regency (South Sumatra Province); Jakarta Province,Riverine flood,"Ciliwung, Sunter, Buaran, Batang Maek, Batang Kasok, and Batang Samo rivers",0,10905,0,274814866,511.5,70.06666667,48.10376923,winter,NoMonsoon,0
2020-0059-IDN,IDN,Indonesia,2020,2,13,22.172,95.434,"Lima Puluh Kota Regency (West Sumatra Province), West Bandung Regency (West Java) ; Pasaman and Solok Regencies",Flood (General),Unknown,6,115000,10000,274814866,511.5,70.06666667,48.10376923,winter,NoMonsoon,1
2020-0068-IDN,IDN,Indonesia,2020,2,26,22.172,95.434,"East Jakarta, North Jakarta, Karawang, West Jakarta,Tangerang City, Bekasi province",Flood (General),Unknown,10,112000,0,274814866,511.5,70.06666667,48.10376923,winter,NoMonsoon,1
2020-0076-IRN,IRN,Iran (Islamic Republic of),2020,2,24,22.172,95.434,"Nurabad, Memulan, Poldakhtar cities (Lorestan, Khuzestan provinces)",Flood (General),Kashkan river,0,24000,0,87723443,650.625,84.25,61.52216667,winter,NoMonsoon,0
2020-0086-IDN,IDN,Indonesia,2020,3,4,22.172,95.434,"North Bolaang Mongondow Regency, Poso city, Sangkub, Bintauna, West Bolangitang, East Bolangitang Districts (Central, North Sulawesi provinces)",Flash flood,Unknown,2,40000,7200,274814866,511.5,70.06666667,48.10376923,spring,NoMonsoon,0
2020-0095-PAK,PAK,Pakistan,2020,3,4,22.172,95.434,Khyber Pakhtunkhwa Province,Flash flood,Unknown,66,4000,0,235001746,511.5,75.33333333,351.4056296,spring,NoMonsoon,0
2020-0108-YEM,YEM,Yemen,2020,3,25,22.172,95.434,"Lahj, Aden, Abyan, Taizz, Al Dale’e, Al Mahrah and Hadramaut governorates",Flash flood,Unknown,2,23125,10000,36134863,706.5,89,328.7334667,spring,NoMonsoon,0
2020-0115-IDN,IDN,Indonesia,2020,3,20,22.172,95.434,"Dayeuhkolot, Baleendah, Bojongsoang, Katapang, Soreang, Banjaran, and Majalaya sub-districts (Bandung district, West Java) – with up to 3 meters (9.8 feet) of floodwaters. At least 9,659 homes and 74 other public facilities were flooded during the event. Wide swaths of infrastructure were also affected.",Flood (General),Unknown,0,84609,0,274814866,511.5,70.06666667,48.10376923,spring,NoMonsoon,0
2020-0116-IRQ,IRQ,Iraq,2020,3,18,22.172,95.434,"Baqubah City (Diyala Governorate), Nineveh and Salah ad-Din Governorates, Mosul City (Nineveh)",Flood (General),Tigris river,8,1500,100000,42116605,393,42,947.8885,spring,NoMonsoon,0
2020-0118-IRN,IRN,Iran (Islamic Republic of),2020,2,24,22.172,95.434,"Fars, Hormozgan, Qom, Sistan-Baloutchistan, Bouchher, Khouzestan",Flood (General),Unknown,21,0,1500000,87723443,650.625,84.25,61.52216667,winter,NoMonsoon,1
2020-0121-IDN,IDN,Indonesia,2020,3,29,22.172,95.434,"Dayuehkolot, Baleendah, Bandung, Bogor Regencies , West Java Island (West Java Province)",Flood (General),Unknown,1,56488,0,274814866,511.5,70.06666667,48.10376923,spring,NoMonsoon,0
2020-0124-AFG,AFG,Afghanistan,2020,3,28,22.172,95.434,"Takhar, Parwan, Herat, Farah, Badghis, Faryab, Baghlan, Badakhshan, Ghor provinces",Flash flood,Unknown,56,15000,0,39068979,526,70.06666667,68.6501,spring,NoMonsoon,0
2020-0131-TLS,TLS,Timor-Leste,2020,3,13,22.172,95.434,"Cristo Rei, Nain Feto, Dom Aleixo, and Vera Cruz (Dili municipality)",Riverine flood,Unknown,3,9124,20000,1326053,511.5,70.06666667,328.7334667,spring,NoMonsoon,0
2020-0133-PAK,PAK,Pakistan,2020,3,31,22.172,95.434,Khyber Pakhtunkhwa,Flood (General),Unknown,24,155,0,235001746,511.5,75.33333333,351.4056296,spring,NoMonsoon,0
2020-0134-IDN,IDN,Indonesia,2020,4,4,22.172,95.434,Tana Toraja Regency (South Sulawesi Province); East Kalimantan; West Sumatra,Flash flood,Unknown,4,100,0,274814866,511.5,70.06666667,48.10376923,spring,NoMonsoon,0
2020-0142-AFG,AFG,Afghanistan,2020,4,13,22.172,95.434,"Nasai District (Badakhshan Province), Jawand District (Badghis Province)",Flood (General),Unknown,5,0,0,39068979,526,70.06666667,68.6501,spring,NoMonsoon,0
2020-0142-IRN,IRN,Iran (Islamic Republic of),2020,4,10,33.039,54.161,"Isfahan, Tehran, Alborz, South Khorasan, North Khorasan, Semnan, Qom, Qazvin, Kerman, Kermanshah, Golestan, Gilan, Lorestan, Yazd",Flood (General),Unknown,8,2500,0,87723443,650.625,84.25,61.52216667,spring,NoMonsoon,0
2020-0144-IDN,IDN,Indonesia,2020,4,9,22.172,95.434,Lamongan District (East Java Regency),Flash flood,Unknown,0,25000,0,274814866,511.5,70.06666667,48.10376923,spring,NoMonsoon,0
2020-0151-IDN,IDN,Indonesia,2020,4,30,22.172,95.434,"Dayeuhkolot, Baleendah, Bojongsoang districts (Bandung Regency ,West Java Province)",Flood (General),Unknown,2,110000,0,274814866,511.5,70.06666667,48.10376923,spring,NoMonsoon,1
2020-0153-AFG,AFG,Afghanistan,2020,5,2,22.172,95.434,Tala Wa Barfak District (south-western Baghlan province); Samangan province,Flash flood,Unknown,4,5500,0,39068979,526,70.06666667,68.6501,spring,NoMonsoon,0
2020-0157-KAZ,KAZ,Kazakhstan,2020,5,1,22.172,95.434,Maktaaral district (Turkestan province),Flood (General),Unknown,0,33000,0,19482117,547,68,62.81446154,spring,NoMonsoon,0
2020-0157-UZB,UZB,Uzbekistan,2020,5,1,41.245,55.844,Syrdarya region,Flood (General),Unknown,4,70000,0,33586372,511.5,70.06666667,170.2173333,spring,NoMonsoon,0
2020-0160-MYS,MYS,Malaysia,2020,4,25,22.172,95.434,Sarawak State (north-west Borneo Island),Flood (General),Rajang River,0,2000,0,33889558,511.5,70.06666667,206.0363415,spring,NoMonsoon,0
2020-0161-IDN,IDN,Indonesia,2020,4,20,22.172,95.434,"West Java, Central Kalimantan, northern Sumatra Islands, Banten, Bengkulu, and East Kalimantan Provinces",Flood (General),Unknown,0,2000,0,274814866,511.5,70.06666667,48.10376923,spring,NoMonsoon,0
2020-0168-YEM,YEM,Yemen,2020,4,15,13.259,44.437,"Aden, Lahj, Taiz, Ad Dali’, Abyan, Hadramawt governorates",Flash flood,Unknown,10,150000,10000,36134863,706.5,89,328.7334667,spring,NoMonsoon,1
2020-0185-IDN,IDN,Indonesia,2020,5,8,22.172,95.434,"Pasangkayu, Polewali Mandar Districts (West Sulawesi Province)",Flood (General),Unknown,7,3805,0,274814866,511.5,70.06666667,48.10376923,spring,NoMonsoon,0
2020-0198-IND,IND,India,2020,5,10,22.172,95.434,Uttar Pradesh State,Flood (General),Unknown,29,0,10000,1402617695,429.8333333,48.33333333,1254.5155,spring,NoMonsoon,0
2020-0206-IND,IND,India,2020,5,24,22.172,95.434,"Lakhimpur, Sontipur, Darrang, Goalpara (Assam state); Sikkim state",Flood (General),"Jia Bharali, Puthimari rivers",1,30000,0,1402617695,429.8333333,48.33333333,1254.5155,spring,NoMonsoon,0
2020-0216-YEM,YEM,Yemen,2020,6,3,22.172,95.434,"Hadhramaut, Shabwa, Al Mahrah",Flood (General),Unknown,16,130,0,36134863,706.5,89,328.7334667,summer,monsoon,0
2020-0221-OMN,OMN,Oman,2020,5,27,18.398,54.533,Governorate of Dhofar,Flood (General),Unknown,3,100,0,4522497,635.5,77.5,0.060444444,spring,NoMonsoon,0
2020-0224-IDN,IDN,Indonesia,2020,6,3,22.172,95.434,"Tegal City, Pekalongan City (Central Java Province) Sorong City (West Papua Province)",Flood (General),Unknown,0,1835,0,274814866,511.5,70.06666667,48.10376923,summer,monsoon,0
2020-0245-IDN,IDN,Indonesia,2020,5,22,22.172,95.434,"Aceh, Riau, Riau Islands, Bengkulu, South Sumatra, West Nusa Tenggara, South Sulawesi, and several parts of Kalimantan",Flash flood,Unknown,4,41837,0,274814866,511.5,70.06666667,48.10376923,spring,NoMonsoon,0
2020-0249-IND,IND,India,2020,6,1,22.172,95.434,Jammu region,Flood (General),Unknown,0,5000,0,1402617695,429.8333333,48.33333333,1254.5155,summer,monsoon,0
2020-0249-PAK,PAK,Pakistan,2020,6,1,22.172,95.434,"Bajaur, Buner districts (Khyber Pakhtunkhwa Province)",Flood (General),Unknown,7,5000,0,235001746,511.5,75.33333333,351.4056296,summer,monsoon,0
2020-0250-IDN,IDN,Indonesia,2020,6,11,22.172,95.434,"Bantaeng, Jeneponto Districts (South Sulawesi Province); Sawawa, Sawawa Tengah, South Sawawa, and Botu Pingge (Bone Bolango Regency, northern Sulawesi province)",Flash flood,Unknown,7,12000,2100,274814866,511.5,70.06666667,48.10376923,summer,monsoon,0
2020-0253-TUR,TUR,Türkiye,2020,6,11,22.172,95.434,"Anatolia region, Ankara",Flash flood,Unknown,1,750,0,83384680,713.75,103.25,118.8255714,summer,monsoon,0
2020-0265-IDN,IDN,Indonesia,2020,6,18,22.172,95.434,"Nisam, Matangkuli, Pirak Timu,Lhoksukon sub-distrcits (Aceh Utara and Bener Meriah Regency, Aceh Province, northern Sumatra)",Flood (General),Unknown,0,10000,0,274814866,511.5,70.06666667,48.10376923,summer,monsoon,0
2020-0272-MYS,MYS,Malaysia,2020,6,27,22.172,95.434,"Tenom, Kota Belud, Papar, Beaufort, Penampang Districts (Sabah State); Baram, Marudi, Long Lama, Lawas, Limbang districts (Sarawak State)",Flood (General),Unknown,0,9000,6800,33889558,511.5,70.06666667,206.0363415,summer,monsoon,0
2020-0276-CHN,CHN,China,2020,6,30,22.172,95.434,Mianning county (Sichuan province),Flood (General),Yangtze river,22,10000000,0,1411100000,511.5,70.06666667,2227.122359,summer,monsoon,1
2020-0282-CHN,CHN,China,2020,6,22,22.172,95.434,"Tongzi (Zunyi), Huishui Counties (Qiannan), Zunyi, Tongren, Qiandongnan Counties (Guizhou Province); Shijiaozhen(Qingyuan), Qijiang district (Chongqing province)",Flood (General),Unknown,3,74000,0,1411100000,511.5,70.06666667,2227.122359,summer,monsoon,0
2020-0284-MNG,MNG,Mongolia,2020,6,21,46.388,106.222,Sergelen District (Töv province) and Govisümber Provinces,Flood (General),Unknown,2,1230,0,3327204,511.5,70.06666667,27.68008333,summer,monsoon,0
2020-0287-TUR,TUR,Türkiye,2020,6,21,22.172,95.434,"Kestel, Orhangazi, Yenisehir, Iznik, Gürsu districts (Bursa province)",Flash flood,Unknown,7,72,35000,83384680,713.75,103.25,118.8255714,summer,monsoon,0
2020-0289-MYS,MYS,Malaysia,2020,6,20,24.561,103.055,"Pontian, Batu Pahat, Muar, Kluang,Tangkak Districts (Johor State)",Flood (General),Unknown,0,1210,0,33889558,511.5,70.06666667,206.0363415,summer,monsoon,0
2020-0296-JPN,JPN,Japan,2020,6,29,32.666,131.039,"Kumamoto Prefecture, Yatsushiro, and Hitoyoshi cities (Kyushu Region)",Flood (General),Kuma River,82,250000,5800000,126261000,511.5,70.06666667,108.9076711,summer,monsoon,1
2020-0297-NPL,NPL,Nepal,2020,6,15,22.172,95.434,"Parbat, Lamjung, Gorkha, Kalikot, Syangaja, Gulmi, Bajhang, Darchula, Bajura, Sindhupalchok, Kaski, Dailekh, Myagdi, Jajarkot, Rukum Paschim, Dhading, Shankhuwashaba, Jhapa, Tanahun, Baglung, Saptari, Lalitpur, Nawalparasi Purba, Chitwan, Dang,Surkhet, Kailali districts",Flood (General),Unknown,448,117390,100000,28966574,511.5,70.06666667,328.7334667,summer,monsoon,1
2020-0304-IND,IND,India,2020,6,15,22.172,95.434,"Assam, Bihar, Gujarat, Chhattisgarh, Kerala, Karnataka, Madhya Pradesh, Odisha, Uttar Pradesh, West Bengal, Arunachal Pradesh, Maharashtraa.",Flood (General),Unknown,1922,1300000,7500000,1402617695,429.8333333,48.33333333,1254.5155,summer,monsoon,1
2020-0310-IDN,IDN,Indonesia,2020,8,1,22.172,95.434,"Bolaang Uki, Tomini and Helumo sub-districts (South Bolaang Mongondow district, North Sulawesi province)",Flash flood,"Bolangaso, Toluaya, Salongo, Nunuka, Mongolidia, Milangodaadan river",0,23461,0,274814866,511.5,70.06666667,48.10376923,summer,monsoon,0
2020-0311-AFG,AFG,Afghanistan,2020,7,31,22.172,95.434,Kuz Kunar District (Nangarhar Province); Parwan province,Flash flood,Unknown,16,0,0,39068979,526,70.06666667,68.6501,summer,monsoon,0
2020-0322-CHN,CHN,China,2020,5,21,22.172,95.434,"Anhui, Hubei, Chongqing,Guangxi Zhuang Autonomous Region, Guangdong, Hunan, Guizhou, Yunnan, Jiangxi, Zhejiang, Fujian provinces",Flood (General),Yangtze River Basin,280,4200000,17000000,1411100000,511.5,70.06666667,2227.122359,spring,NoMonsoon,1
2020-0323-BGD,BGD,Bangladesh,2020,6,15,22.172,95.434,"Jamalpur, Kurigram, Gaibandha, Tangail, Sylhet, Sirajganj, Bogura, Sunamganj, Sherpur, Netrokona, Lalmonirhat, Moulovi Bazar, Faridpur, Manikganj, Nilphamari Chapai Nawabganj, Rajbari and Kushtia",Flood (General),Unknown,257,5448271,500000,166298024,511.5,70.06666667,11968.294,summer,monsoon,1
2020-0324-MNG,MNG,Mongolia,2020,7,2,22.172,95.434,"Ulaanbaatar, Ömnögovi ,Töv, Khövsgöl, Khentii Provinces",Flash flood,Unknown,8,12000,1700,3327204,511.5,70.06666667,27.68008333,summer,monsoon,0
2020-0325-IDN,IDN,Indonesia,2020,7,3,22.172,95.434,"Luwu Utara District (North Luwu Regency, South Sulawesi); West Kalimantan province",Flood (General),Unknown,105,14483,10000,274814866,511.5,70.06666667,48.10376923,summer,monsoon,0
2020-0327-KOR,KOR,Republic of Korea,2020,7,13,22.172,95.434,"South Gyeongsang, North Jeolla, South Jeolla provinces",Flood (General),Unknown,10,9000,0,51836239,511.5,70.06666667,213.3785,summer,monsoon,0
2020-0328-VNM,VNM,Viet Nam,2020,7,18,22.172,95.434,"Ha Giang, Bac Giang provinces",Flash flood,Unknown,5,2620,22000,98079191,511.5,70.06666667,1358.849333,summer,monsoon,0
2020-0329-MMR,MMR,Myanmar,2020,7,19,22.172,95.434,"Amarapura Township, Amarapura, Tataroo,Sintkaing, Thabaikky twonship (Mandalay area); Sagaing, Magway, Mandalay Kachin state",Flash flood,Unknown,0,25000,0,53016522,511.5,70.06666667,4552.1444,summer,monsoon,0
2020-0333-KOR,KOR,Republic of Korea,2020,8,1,22.172,95.434,North Chungcheong and Gyeonggi Provinces,Flood (General),Unknown,42,6000,420000,51836239,511.5,70.06666667,213.3785,summer,monsoon,0
2020-0357-PAK,PAK,Pakistan,2020,8,1,22.172,95.434,"Sindh province, Khyber Pakhtunkhwa, Baluchistan",Flood (General),Unknown,410,1550000,1500000,235001746,511.5,75.33333333,351.4056296,summer,monsoon,1
2020-0363-PRK,PRK,Democratic People's Republic of Korea,2020,8,4,22.172,95.434,"North and South Hwanghae, North Phyongan, and Kangwon provinces",Flood (General),Unknown,22,85000,0,26136312,511.5,70.06666667,72.38114286,summer,monsoon,0
2020-0369-SAU,SAU,Saudi Arabia,2020,8,15,22.172,95.434,"Makkah, Al Madinah, Asir, Jizan, Najran, Al Bahah Regions",Flood (General),Unknown,3,600,0,31552510,647.125,84.375,328.7334667,summer,monsoon,0
2020-0372-GEO,GEO,Georgia,2020,7,29,22.172,95.434,"Racha-Lechkhumi and Kvemo Svaneti, Guria Imereti Regions; Lagodekhi Municipality, Kakheti Region",Flood (General),Unknown,0,5133,0,3722716,861,110.6666667,97.98825,summer,monsoon,0
2020-0377-AFG,AFG,Afghanistan,2020,8,25,22.172,95.434,"Parwan, Nuristan, Nangahar, Laghman, Kapisa, Panjshir, Wardak, Logar, Paktiya, Paktika provinces",Flash flood,Unknown,212,15000,0,39068979,526,70.06666667,68.6501,summer,monsoon,0
2020-0384-THA,THA,Thailand,2020,8,22,22.172,95.434,"Nan, Phrae, Chiang Mai, Lampang, Phayao, Uttaradit, Lamphun, Mae Hong Son provinces",Flash flood,Unknown,1,40000,0,71641484,511.5,70.06666667,454.353,summer,monsoon,0
2020-0414-MYS,MYS,Malaysia,2020,10,9,22.172,95.434,"Kota Kinabalu, Kota Belud, Tuaran, Telipok Districts (Sabah State)",Flood (General),Unknown,0,400,0,33889558,511.5,70.06666667,206.0363415,autumn,NoMonsoon,0
2020-0446-IND,IND,India,2020,10,1,22.172,95.434,"Hyderabad, Telangana, Andhra Pradesh, Karnataka, South Odisha states",Flood (General),Unknown,152,150000,4000000,1402617695,429.8333333,48.33333333,1254.5155,autumn,NoMonsoon,1
2020-0461-LKA,LKA,Sri Lanka,2020,9,1,22.172,95.434,"Puttalam, Gampaha districts",Flood (General),Unknown,3,40000,0,21919000,511.5,70.06666667,119.3917143,autumn,monsoon,0
2020-0486-IDN,IDN,Indonesia,2020,10,21,22.172,95.434,"West Java, West Sumatra,Central Kalimantan provinces",Flood (General),Unknown,15,10000,0,274814866,511.5,70.06666667,48.10376923,autumn,NoMonsoon,0
2020-0496-CHN,CHN,China,2020,11,11,22.172,95.434,"Shaanxi , Shanxi Provinces",Flood (General),Unknown,13,120,0,1411100000,511.5,70.06666667,2227.122359,autumn,NoMonsoon,0
2020-0519-IRN,IRN,Iran (Islamic Republic of),2020,11,29,22.172,95.434,"Khuzestan, Ilam, Bushehr, Fars, Qazvin, Kohgiluyeh and Boyer-Ahmad, Golestan, Lorestan Provinces",Flood (General),Unknown,0,4900,0,87723443,650.625,84.25,61.52216667,autumn,NoMonsoon,0
2020-0527-TJK,TJK,Tajikistan,2020,5,14,22.172,95.434,"Khatlon Province, Asadullo, 18th Hizb (former Partsyezd) and Pakhtaobod villages of Khuroson district, Ergash village in Kushoniyon district, Galaba Street of Vahdat town and Surkhdara village in Fayzobod district",Flood (General),Unknown,2,2690,0,9749310,511.5,70.06666667,160.48125,spring,NoMonsoon,0
2020-0529-THA,THA,Thailand,2020,11,25,22.172,95.434,"Nakhon Si Thammarat, Narathiwat, Songkhla, Pattani, Surat Thani, Chumphon, Chatthalung,Trang, Phatthalung Provinces",Flash flood,Unknown,29,691659,50000,71641484,511.5,70.06666667,454.353,autumn,NoMonsoon,1
2020-0532-IDN,IDN,Indonesia,2020,12,2,22.172,95.434,"Central Java, Aceh Provinces (north-western Sumatra)",Flood (General),Unknown,5,110000,0,274814866,511.5,70.06666667,48.10376923,winter,NoMonsoon,1
2020-0535-IRN,IRN,Iran (Islamic Republic of),2020,11,24,22.172,95.434,"Bushehr, Fars, Golestan, Ilam, Khuzestan, Kohgiluyeh and Boyer-Ahmad, Lorestan, Qazvin.",Flood (General),Unknown,7,1000,50000,87723443,650.625,84.25,61.52216667,autumn,NoMonsoon,0
2020-0544-IDN,IDN,Indonesia,2020,12,6,22.172,95.434,Java Island,Riverine flood,"Ciberang, Ciujung, Cilemer, and Cileman rivers",2,1850,0,274814866,511.5,70.06666667,48.10376923,winter,NoMonsoon,0
2020-0548-LKA,LKA,Sri Lanka,2020,12,2,22.172,95.434,"Mannar, Jaffna, Kilinorchchi, Mullaitivu, Vavuniya, Trincomalee, Kegalle, Rathnapura, Badulla, Kandy, Matal, Puttlam, Anuradhapura, Polonnaruwa",Flood (General),Unknown,3,111659,0,21919000,511.5,70.06666667,119.3917143,winter,NoMonsoon,1
2020-0551-IDN,IDN,Indonesia,2020,12,12,22.172,95.434,West Nusa Tenggara Province (Lesser Sunda Islands); Aceh Province (northern Sumatra),Flash flood,Cermei River,0,18200,0,274814866,511.5,70.06666667,48.10376923,winter,NoMonsoon,0
2020-0559-MYS,MYS,Malaysia,2020,12,20,22.172,95.434,"Terengganu, Kelantan, Pahang",Riverine flood,Golok river,0,9273,0,33889558,511.5,70.06666667,206.0363415,winter,NoMonsoon,0
2020-0561-THA,THA,Thailand,2020,12,16,22.172,95.434,"Pattani ,Yala, Narathiwat provinces",Flood (General),Unknown,1,139000,0,71641484,511.5,70.06666667,454.353,winter,NoMonsoon,1
2020-0581-CHN,CHN,China,2020,8,15,22.172,95.434,Unknown,Flood (General),Unknown,92,0,4800000,1411100000,511.5,70.06666667,2227.122359,summer,monsoon,1
2020-0596-YEM,YEM,Yemen,2020,7,15,22.172,95.434,Unknown,Flood (General),Unknown,174,0,0,36134863,706.5,89,328.7334667,summer,monsoon,0
2020-0597-TUR,TUR,Türkiye,2020,8,22,22.172,95.434,"Samsun, Rize, Trabzon, Do?ankent, Dereli, Ya?lidere (Giresun Province)",Flood (General),Unknown,16,0,250000,83384680,713.75,103.25,118.8255714,summer,monsoon,0
2020-0602-MNG,MNG,Mongolia,2020,7,8,22.172,95.434,"Arkhangai, Orkhon, Tuv, Uvs, Khuvsgul, Khentii, Darkhan-Uul, Dornod, Govi-Altai, Tuv, Selenge, Umnugovi provinces; Bagakhangai, Bayanzurkh and Sukhbaatar districts.",Flash flood,Unknown,0,13875,0,3327204,511.5,70.06666667,27.68008333,summer,monsoon,0
2021-0005-IDN,IDN,Indonesia,2021,1,15,22.172,95.434,"Kalimantan, Sulawesi Island, Maluku Islands",Flood (General),Unknown,21,126025,0,276758053,511.5,70.06666667,48.10376923,winter,NoMonsoon,1
2021-0006-PHL,PHL,Philippines,2021,1,10,22.172,95.434,"Bicol, Western and Eastern Visayas Regions",Flood (General),Unknown,2,261580,0,113100950,511.5,70.06666667,41.69744444,winter,NoMonsoon,1
2021-0008-MYS,MYS,Malaysia,2021,1,12,22.172,95.434,"Serian, Samarahan, Miri, Kuching districts (Sarawak State)",Flood (General),Unknown,6,3000,0,34282399,511.5,70.06666667,206.0363415,winter,NoMonsoon,0
2021-0015-MYS,MYS,Malaysia,2021,1,11,22.172,95.434,"Beaufort, Kota Marudu, Kudat, Pitas (Sabah State, Borneo's East Malaysia); Serian, Samarahan, Miri, Kuching (Sarawak state)",Flood (General),Unknown,0,6000,0,34282399,511.5,70.06666667,206.0363415,winter,NoMonsoon,0
2021-0021-THA,THA,Thailand,2021,1,5,22.172,95.434,"Songkhla, Yala, Narathiwat, Pattani provinces",Flood (General),Unknown,4,175491,0,71727332,511.5,70.06666667,454.353,winter,NoMonsoon,1
2021-0022-PHL,PHL,Philippines,2021,1,8,22.172,95.434,Negros Occidental and Northern Samar Provinces (Visayas); Luzon,Flash flood,Unknown,2,38160,25000,113100950,511.5,70.06666667,41.69744444,winter,NoMonsoon,0
2021-0023-IDN,IDN,Indonesia,2021,1,6,22.172,95.434,"Sumbawa Island (West Nusa Tenggara Province, Lesser Sunda Islands), Nunukan Regency (North Kalimantan Province)",Riverine flood,Sembakung River,3,10000,0,276758053,511.5,70.06666667,48.10376923,winter,NoMonsoon,0
2021-0026-LKA,LKA,Sri Lanka,2021,1,1,22.172,95.434,Batticaloa,Flood (General),Unknown,0,50190,0,22156000,511.5,70.06666667,119.3917143,winter,NoMonsoon,0
2021-0028-MYS,MYS,Malaysia,2021,1,2,22.172,95.434,"Johor, Pahang, Terengganu, Sabah, Kelantan, Selangor, Perak states",Flood (General),Unknown,8,23776,0,34282399,511.5,70.06666667,206.0363415,winter,NoMonsoon,0
2021-0039-SYR,SYR,Syrian Arab Republic,2021,1,14,22.172,95.434,Idlib and Aleppo refugee camps (north-western Syria),Flood (General),Unknown,1,142000,0,21628839,696,122,254.61875,winter,NoMonsoon,1
2021-0062-IDN,IDN,Indonesia,2021,2,3,22.172,95.434,"Pasuruan Regency, Nganjuk Regency, Kudus Regency (Java Island)",Flood (General),Kedunglarangan and Kabeng Pulungan rivers,2,25400,0,276758053,511.5,70.06666667,48.10376923,winter,NoMonsoon,0
2021-0088-IDN,IDN,Indonesia,2021,2,19,22.172,95.434,"West Java, and Jakarta Provinces (Java Island)",Flood (General),Unknown,7,228650,50000,276758053,511.5,70.06666667,48.10376923,winter,NoMonsoon,1
2021-0104-IDN,IDN,Indonesia,2021,2,23,22.172,95.434,Semarang City (Central Java Province),Flood (General),Unknown,1,90590,0,276758053,511.5,70.06666667,48.10376923,winter,NoMonsoon,0
2021-0108-PHL,PHL,Philippines,2021,2,11,22.172,95.434,"Eastern Samar, Southern Leyte and Samar Provinces (Eastern Visayas Region)",Flood (General),Unknown,1,18170,0,113100950,511.5,70.06666667,41.69744444,winter,NoMonsoon,0
2021-0165-IDN,IDN,Indonesia,2021,3,17,22.172,95.434,Bojonegoro Regency (East Java Province); Tangerang District (Banten Province); Banyuwangi Regency (East Java Province); North Gorontalo Regency (Gorontalo Province); Gresik Regency (East Java); Bogor Regency (West Java Province),Flood (General),Unknown,0,1974,0,276758053,511.5,70.06666667,48.10376923,spring,NoMonsoon,0
2021-0185-IDN,IDN,Indonesia,2021,3,25,22.172,95.434,"West Java, North Sumatra, western Lesser Sunda Islands, Aceh provinces",Flood (General),Unknown,0,75506,0,276758053,511.5,70.06666667,48.10376923,spring,NoMonsoon,0
2021-0205-PAK,PAK,Pakistan,2021,3,22,22.172,95.434,"Charsadda, Khyber, Bajaur, Malakand, Mardan, Upper Dir, North Waziristan, Mohmand, Bajaur, Lower-Chitral, Lower Dir, Shangla, Tank, Kurram, Swabi and Hangu districts (Khyber Pakhtunkhwa Province)",Flood (General),Unknown,2,0,0,239477801,511.5,75.33333333,351.4056296,spring,NoMonsoon,0
2021-0217-VNM,VNM,Viet Nam,2021,4,16,22.172,95.434,"Minh Luong Commune, Viet Tien (Van Ban District, Lao Cai province); Bac Quang (Ha Giang province); Tan Dong (Yen Bai Province), Ha Giang Province",Flash flood,Unknown,3,180,0,98935098,511.5,70.06666667,1358.849333,spring,NoMonsoon,0
2021-0226-PHL,PHL,Philippines,2021,4,26,22.172,95.434,"Davao City (Bunawan and Buhangin-B districts, southern Mindanao)",Flood (General),Unknown,0,3280,0,113100950,511.5,70.06666667,41.69744444,spring,NoMonsoon,0
2021-0253-LKA,LKA,Sri Lanka,2021,5,13,22.172,95.434,"Colombo, Gampaha, Kaluthara, Rathnapura, Puttlam, Kegalle, Nuwara Eliya, Galle, Matara, Kurunegala, Kandy",Flood (General),Unknown,5,43701,0,22156000,511.5,70.06666667,119.3917143,spring,NoMonsoon,0
2021-0259-IRN,IRN,Iran (Islamic Republic of),2021,5,1,22.172,95.434,"Yazd, Kerman, South Khorasan, Isfahan, Semnan, Khorasan Razavi, North Khorasan, East Azerbaijan, Sistan and Baluchestan, Khuzestan, Kohgiluyeh and Boyer-Ahmad, Mazandaran, Khuzestan, and Tehran",Flash flood,Unknown,11,1810,0,88455488,650.625,84.25,61.52216667,spring,NoMonsoon,0
2021-0263-AFG,AFG,Afghanistan,2021,5,2,22.172,95.434,"Herat, Ghor, Wardak, Baghlan, Samangan, Saripul, Farah, Badakhshan, Bamyan, Herat, Panjshir, Takhar, Wardak, Kunar, Kabul, Parwan, Kapisa, Kunduz provinces",Flash flood,Unknown,116,30800,0,40000412,526,70.06666667,68.6501,spring,NoMonsoon,0
2021-0270-YEM,YEM,Yemen,2021,5,1,22.172,95.434,"Sanaa, Ibb, Shabwa, Hodeida, Aden, Abyan, Al Dhale’e, Lahj, Hadramaut, Ma’rib and Ta’iz governorates",Flash flood,Unknown,13,22380,0,37140230,706.5,89,328.7334667,spring,NoMonsoon,0
2021-0272-TJK,TJK,Tajikistan,2021,5,7,22.172,95.434,"Khatlon, Douchanbé, Abdurahmoni Jomi, Vakhsh, Yovon, Kulob, Shamsidini Shohin, Vose , Muminobod",Flood (General),Unknown,7,25010,9000,9966908,511.5,70.06666667,160.48125,spring,NoMonsoon,0
2021-0302-IDN,IDN,Indonesia,2021,5,25,22.172,95.434,"Dayeuhkolot, Baleendah, Bojongsoang, and Margarahayu sub-districts (Bandung Regency, West Java Province)",Flood (General),Citarum River,0,59800,0,276758053,511.5,70.06666667,48.10376923,spring,NoMonsoon,0
2021-0308-BTN,BTN,Bhutan,2021,6,16,22.172,95.434,Laya Town (Gasa District); Thimphou region,Flash flood,Unknown,10,0,0,775442,511.5,70.06666667,328.7334667,summer,monsoon,0
2021-0308-NPL,NPL,Nepal,2021,6,16,22.172,95.434,"Helambu and Melamchi (Sindhupalchok district, previously in Bagmati)",Flash flood,Unknown,46,800,0,29475010,511.5,70.06666667,328.7334667,summer,monsoon,0
2021-0316-IND,IND,India,2021,6,1,22.172,95.434,"Bihar, Uttar Pradesh, Gujarat, Kerala, Karnataka, Uttarakhand, Maharashtra, Chhattisgarh, West Bengal, and Tripura states",Flood (General),Unknown,59,1000,100000,1414203896,429.8333333,48.33333333,1254.5155,summer,monsoon,0
2021-0366-IND,IND,India,2021,7,1,22.172,95.434,"Bongaigaon, Dhemaji and Dibrugarh districts (Assam state)",Flood (General),Unknown,0,7587,0,1414203896,429.8333333,48.33333333,1254.5155,summer,monsoon,0
2021-0379-IDN,IDN,Indonesia,2021,7,5,22.172,95.434,"Teunom, Panga, Darul Hikmah, Setia Bakti, Krueng Sabee, Sampoiniet and Jaya districts (Aceh Jaya Regency, Aceh Province)",Flood (General),Unknown,0,6408,0,276758053,511.5,70.06666667,48.10376923,summer,monsoon,0
2021-0380-CHN,CHN,China,2021,6,28,22.172,95.434,Jiangxi Province,Flood (General),Unknown,0,1080000,161000,1412360000,511.5,70.06666667,2227.122359,summer,monsoon,1
2021-0381-NPL,NPL,Nepal,2021,7,1,22.172,95.434,"Province 1, Bagmati Province, Gandaki Province and Sudur Pashchim Province",Flood (General),Unknown,74,2050,0,29475010,511.5,70.06666667,328.7334667,summer,monsoon,0
2021-0400-MYS,MYS,Malaysia,2021,5,20,22.172,95.434,Beaufort and Tenom districts (Sabah state); Sarawak state; Melaka state,Flood (General),Pagalan River and the Padas Rivers,0,5782,0,34282399,511.5,70.06666667,206.0363415,spring,NoMonsoon,0
2021-0405-JPN,JPN,Japan,2021,7,10,22.172,95.434,"Kagoshima, Kumamoto, Miyazaki Prefectures (Kyushu Island)",Flood (General),Unknown,0,300,0,125681593,511.5,70.06666667,108.9076711,summer,monsoon,0
2021-0428-CHN,CHN,China,2021,6,1,22.172,95.434,"Zhengzhou, Hebi, Anyang, Xinxiang Cities (Henan Province); Inner Mongolia Autonomous Region; Shaanxi",Flood (General),Unknown,352,14500000,16500000,1412360000,511.5,70.06666667,2227.122359,summer,monsoon,1
2021-0435-IND,IND,India,2021,6,1,22.172,95.434,"Pune, Raigada, Satara and Ratnagiri (Maharasthra); Goa, Karnataka, Jharkhand, Bengale, Himachal Pradesh, Uttarakand states",Flood (General),Unknown,1282,375000,3100000,1414203896,429.8333333,48.33333333,1254.5155,summer,monsoon,1
2021-0449-YEM,YEM,Yemen,2021,7,16,22.172,95.434,"Dhamar, Amran, Al Mahwit, Marib, Ibb, Sana’a, Hajjah, Al Hodeidah, Al Jawf, Al Bayda, Al Dhale, Raymah, Hadramout , Lahj, Shabwah, Al Mahrah, Socotra governorates.",Flood (General),Unknown,33,205800,0,37140230,706.5,89,328.7334667,summer,monsoon,1
2021-0451-MMR,MMR,Myanmar,2021,7,21,22.172,95.434,"Rakhine, Bago, Ayeyarwady, Kayin, Mon and Tanitharyi.",Flood (General),Unknown,0,125000,0,53387102,511.5,70.06666667,4552.1444,summer,monsoon,1
2021-0453-AFG,AFG,Afghanistan,2021,7,28,22.172,95.434,Kamdesh District (Nouristan province),Flash flood,Unknown,260,4200,0,40000412,526,70.06666667,68.6501,summer,monsoon,0
2021-0455-BGD,BGD,Bangladesh,2021,7,27,22.172,95.434,Cox’s Bazar,Flood (General),Unknown,21,268744,0,167658854,511.5,70.06666667,11968.294,summer,monsoon,1
2021-0456-PAK,PAK,Pakistan,2021,7,28,22.172,95.434,"Mardan, Bajaur, Upper Dir, Haripur, Dera Ismail Khan, Karak, Peshawar Districts (Khyber Pakhtunkhwa Region)",Flash flood,Unknown,5,90,0,239477801,511.5,75.33333333,351.4056296,summer,monsoon,0
2021-0458-IND,IND,India,2021,7,28,22.172,95.434,"Himachal Pradesh, Union Territories of Jammu and Kashmir and Ladakh",Flash flood,Unknown,37,105,0,1414203896,429.8333333,48.33333333,1254.5155,summer,monsoon,0
2021-0474-PRK,PRK,Democratic People's Republic of Korea,2021,8,7,22.172,95.434,South Hamgyong province,Flood (General),Unknown,0,5000,0,26232534,511.5,70.06666667,72.38114286,summer,monsoon,0
2021-0494-TUR,TUR,Türkiye,2021,7,21,22.172,95.434,Rize and Artvin,Flood (General),Unknown,3,4500,23000,84147318,713.75,103.25,118.8255714,summer,monsoon,0
2021-0501-TUR,TUR,Türkiye,2021,8,10,22.172,95.434,"Ulus (Bartin); Azdavay, ?nebolu, Bozkurt, Küre and P?narba?? (Kastamonu) Ayanc?k (Sinop)",Flood (General),Unknown,70,2300,290000,84147318,713.75,103.25,118.8255714,summer,monsoon,0
2021-0507-CHN,CHN,China,2021,8,12,22.172,95.434,"Xiangyang, Suizhou, Xiaogan, Liulin, Yicheng (Hubei province)",Flood (General),Unknown,21,286100,0,1412360000,511.5,70.06666667,2227.122359,summer,monsoon,1
2021-0508-JPN,JPN,Japan,2021,8,11,22.172,95.434,"Nagasaki, Hiroshima departments",Flood (General),Unknown,12,30000,100000,125681593,511.5,70.06666667,108.9076711,summer,monsoon,0
2021-0509-MNG,MNG,Mongolia,2021,6,28,22.172,95.434,"Arkhangai, Umnugovi, Orkhon, Dornogovi, Govi-Altai, Uvurkhangai, Tuv Zavkhan, Dornod, Selenge, Khuvsgul, Bayan-Ulgii, Uvs, Khovd provinces; Songinokhairkhan, Bayangol, Bayanzurkh, Sukhbaatar, Chingeltei districts",Flash flood,Unknown,0,6356,0,3383741,511.5,70.06666667,27.68008333,summer,monsoon,0
2021-0524-MYS,MYS,Malaysia,2021,8,17,22.172,95.434,"Yan, Kuala Muda and Bandar Baharu districts (Kedah state)",Flash flood,Unknown,7,4825,0,34282399,511.5,70.06666667,206.0363415,summer,monsoon,0
2021-0530-IDN,IDN,Indonesia,2021,8,19,22.172,95.434,"Karo Regency (North Sumatra); Kalimantan, Java, Sulawesi, Aceh",Flood (General),Unknown,9,62900,0,276758053,511.5,70.06666667,48.10376923,summer,monsoon,0
2021-0584-IDN,IDN,Indonesia,2021,9,13,22.172,95.434,"West Java, Papua, East Kalimantan, Banten ad Riau Provinces",Flood (General),Unknown,0,11839,0,276758053,511.5,70.06666667,48.10376923,autumn,monsoon,0
2021-0585-IND,IND,India,2021,9,13,22.172,95.434,"Rajkot, Jamnagar, Porbandar, Valsad, Junagadh districts (Gujarat state)",Flood (General),Unknown,7,850000,0,1414203896,429.8333333,48.33333333,1254.5155,autumn,monsoon,1
2021-0591-MYS,MYS,Malaysia,2021,9,7,22.172,95.434,"Kota Kinabalu, Penampang and Putatan Districts (Sabah state) ; Johor, Sarawak states",Flood (General),Unknown,2,255,0,34282399,511.5,70.06666667,206.0363415,autumn,monsoon,0
2021-0594-KHM,KHM,Cambodia,2021,9,15,22.172,95.434,Poipet and Malai districts (Banteay Meanchey Province),Flood (General),Unknown,0,500,0,16974305,511.5,70.06666667,3965.6898,autumn,monsoon,0
2021-0596-PAK,PAK,Pakistan,2021,9,11,22.172,95.434,"Abottabad, Malakand, Swat and Torghar districts (Khyber Pakhtunkhwa Province)",Flood (General),Unknown,19,0,0,239477801,511.5,75.33333333,351.4056296,autumn,monsoon,0
2021-0605-NPL,NPL,Nepal,2021,9,2,22.172,95.434,"Bagmati, Lumbini and Gandaki Provinces",Flood (General),Unknown,13,1000,0,29475010,511.5,70.06666667,328.7334667,autumn,monsoon,0
2021-0609-THA,THA,Thailand,2021,8,27,22.172,95.434,"Tak, Kamphaeng Phet, Nakhon Ratchasima, Prachinburi, Chon Buri, Rayong, Chanthaburi, Sa Kaeo, Singburi and Samut Prakan",Flood (General),Unknown,0,325400,0,71727332,511.5,70.06666667,454.353,summer,monsoon,1
2021-0612-THA,THA,Thailand,2021,9,19,22.172,95.434,"Chaiyaphum, Chanthaburi, Chiang Mai, Kamphaeng Phet, Lampang, Loei, Nakhon Ratchasima, Nakhon Si Thammarat, Phetchabun, Phetchaburi, Phichit, Phra Nakhon Si Ayutthaya, Sukhothai, Lop Buri, Tak, Chainat",Flood (General),Unknown,10,298900,591000,71727332,511.5,70.06666667,454.353,autumn,monsoon,1
2021-0632-VNM,VNM,Viet Nam,2021,9,23,22.172,95.434,Northern and central regions,Flood (General),Unknown,3,13600,0,98935098,511.5,70.06666667,1358.849333,autumn,monsoon,0
2021-0653-IDN,IDN,Indonesia,2021,10,5,22.172,95.434,"Medan City (North Sumatra Province), East, West, Central Kalimantan (Borneo Island); Belawan 1, Belawan 2, Sincanang, Bahari, Bahagia, Bagan Deli, and Labuan Deli",Flood (General),Unknown,0,79095,0,276758053,511.5,70.06666667,48.10376923,autumn,NoMonsoon,0
2021-0669-CHN,CHN,China,2021,10,2,22.172,95.434,"Shanxi, Hebei Provinces",Flash flood,Unknown,18,1760000,1800000,1412360000,511.5,70.06666667,2227.122359,autumn,NoMonsoon,1
2021-0674-KHM,KHM,Cambodia,2021,10,12,22.172,95.434,Kampong Speu Province,Flood (General),Unknown,0,225,0,16974305,511.5,70.06666667,3965.6898,autumn,NoMonsoon,0
2021-0674-THA,THA,Thailand,2021,10,12,22.172,95.434,"Chanthaburi, Loei, Lampang, Ranong and Saraburi provinces",Flood (General),Unknown,0,25000,0,71727332,511.5,70.06666667,454.353,autumn,NoMonsoon,0
2021-0675-GEO,GEO,Georgia,2021,9,22,22.172,95.434,"Batumi, Kobuleti, Khelvachauri , Lanchkhuti, Ozurgeti municipalities (Adjara and Guria regions)",Flood (General),Unknown,0,1780,0,3708610,861,110.6666667,97.98825,autumn,monsoon,0
2021-0677-IND,IND,India,2021,10,11,22.172,95.434,"Idukki, Kottayam, Pathanamthitta, Kollam, Achankovil, Thiruvananthapuram(Kerala state)",Flood (General),Unknown,39,3500,0,1414203896,429.8333333,48.33333333,1254.5155,autumn,NoMonsoon,0
2021-0681-IND,IND,India,2021,10,18,22.172,95.434,Nainital (Uttarakhand state),Flood (General),Unknown,57,1385,0,1414203896,429.8333333,48.33333333,1254.5155,autumn,NoMonsoon,0
2021-0681-NPL,NPL,Nepal,2021,10,16,22.172,95.434,Kanchanpur District (Sudurpaschim Province),Flood (General),Mahakali River,118,0,0,29475010,511.5,70.06666667,328.7334667,autumn,NoMonsoon,0
2021-0682-PHL,PHL,Philippines,2021,10,10,22.172,95.434,Governor Generoso and San Isidro Municipalities (Davao Oriental Province),Flood (General),Unknown,0,24166,0,113100950,511.5,70.06666667,41.69744444,autumn,NoMonsoon,0
2021-0686-MYS,MYS,Malaysia,2021,10,20,22.172,95.434,"Kedah, Malacca, Negeri Sembilan, Selangor States, Kuala Lumpur Federal Territory",Flash flood,Unknown,0,1000,0,34282399,511.5,70.06666667,206.0363415,autumn,NoMonsoon,0
2021-0695-IDN,IDN,Indonesia,2021,10,27,22.172,95.434,"Sekadau Regency (West Kalimantan Province, Borneo Island); Cilacap Regency (Central Java Province), Wajo Regency (South Sulawesi Province)",Flood (General),Unknown,0,2226,0,276758053,511.5,70.06666667,48.10376923,autumn,NoMonsoon,0
2021-0696-KHM,KHM,Cambodia,2021,10,25,22.172,95.434,"Daun Kok and Anlong Svay villages, Sangkat Boeung Thom, Khan Kampoul, Phnom Penh",Flood (General),Prek Tnaot River,0,12500,0,16974305,511.5,70.06666667,3965.6898,autumn,NoMonsoon,0
2021-0705-IRQ,IRQ,Iraq,2021,10,29,22.172,95.434,Erbil Governorate (Kurdistan region),Flood (General),Unknown,2,3200,0,43071211,393,42,947.8885,autumn,NoMonsoon,0
2021-0714-LKA,LKA,Sri Lanka,2021,10,25,22.172,95.434,"Rathnapura, Nuwara Eliya,Kandy, Jaffna, Badulla, Puttalam Districts",Flood (General),Unknown,4,6000,0,22156000,511.5,70.06666667,119.3917143,autumn,NoMonsoon,0
2021-0719-IDN,IDN,Indonesia,2021,11,4,22.172,95.434,Batu and Malang (East Java Province),Flash flood,Brantas River,9,1275,0,276758053,511.5,70.06666667,48.10376923,autumn,NoMonsoon,0
2021-0722-IND,IND,India,2021,11,6,22.172,95.434,Tamil Nadu,Flood (General),Unknown,14,11000,0,1414203896,429.8333333,48.33333333,1254.5155,autumn,NoMonsoon,0
2021-0722-LKA,LKA,Sri Lanka,2021,11,6,22.172,95.434,Rambukkana Town (Kurunegala District); Matale District,Flood (General),Unknown,26,230000,0,22156000,511.5,70.06666667,119.3917143,autumn,NoMonsoon,1
2021-0748-IND,IND,India,2021,11,18,22.172,95.434,"Chittoor, Kadapa, Anantapur, Nellore districts (Andhra Pradesh)",Flood (General),Unknown,62,74500,0,1414203896,429.8333333,48.33333333,1254.5155,autumn,NoMonsoon,0
2021-0763-VNM,VNM,Viet Nam,2021,11,27,22.172,95.434,"Quang Nam, Quang Ngai, Binh Dinh, Dak Lak, Kon Tum, Phu Yen Provinces",Flood (General),Unknown,18,300000,0,98935098,511.5,70.06666667,1358.849333,autumn,NoMonsoon,1
2021-0768-IDN,IDN,Indonesia,2021,11,19,22.172,95.434,"Lebak Regency (Banten Province, western Java); Pemalang and Tegal Regencies (Central Java Province)",Flood (General),Rambut River,0,11020,0,276758053,511.5,70.06666667,48.10376923,autumn,NoMonsoon,0
2021-0779-THA,THA,Thailand,2021,11,29,22.172,95.434,"Phetchaburi, Prachuap Khiri Khan, Chumphon, Surat Thani, Nakhon Si Thammarat, Krabi, Phatthalung, Songkhla and Trang",Flood (General),Unknown,0,132900,0,71727332,511.5,70.06666667,454.353,autumn,NoMonsoon,1
2021-0788-IDN,IDN,Indonesia,2021,12,5,22.172,95.434,"Hulu Sungai Tengah and Banjarmasin (South Kalimantan); Makassar of South Sulawesi, North and West Lombok (West Nusa Tenggara); North Jakarta and Thousand Islands (Jakarta); Semarang of Central Java and Denpasar and Badung (Bali)",Flood (General),Unknown,6,78730,0,276758053,511.5,70.06666667,48.10376923,winter,NoMonsoon,0
2021-0818-IRQ,IRQ,Iraq,2021,12,16,22.172,95.434,Erbil (Kudistan),Flash flood,Unknown,14,7500,14000,43071211,393,42,947.8885,winter,NoMonsoon,0
2021-0821-MYS,MYS,Malaysia,2021,12,17,22.172,95.434,"Pahang, Selangor, Terengganu, Kelantan, Johor, Malacca, Negeri Sembilan, Sabah, Perak and the Federal Territory of Kuala Lumpur",Flash flood,Unknown,56,120000,1460000,34282399,511.5,70.06666667,206.0363415,winter,NoMonsoon,1
2021-0823-IDN,IDN,Indonesia,2021,12,18,22.172,95.434,Padang Pariaman Regency (West Sumatra); Mamuju Regency (West Sulawesi),Flood (General),Unknown,0,43000,0,276758053,511.5,70.06666667,48.10376923,winter,NoMonsoon,0
2021-0835-IDN,IDN,Indonesia,2021,12,31,22.172,95.434,"East Aceh and Aceh Tamiang (Aceh Province, northern Sumatra)",Flood (General),Unknown,2,27500,0,276758053,511.5,70.06666667,48.10376923,winter,NoMonsoon,0
2021-0846-PAK,PAK,Pakistan,2021,7,1,22.172,95.434,"Khyber Pakhtunkhwa, Punjab, Balochistan, Sindh",Flood (General),Unknown,194,0,10000,239477801,511.5,75.33333333,351.4056296,summer,monsoon,0
2022-0002-IRN,IRN,Iran (Islamic Republic of),2022,1,1,22.172,95.434,"Kerman, Fars, Khuzestan, Hormozgan, Bushehr, Sistan and Baluchestan",Flood (General),Unknown,6,20000,0,89524246,650.625,84.25,61.52216667,winter,NoMonsoon,0
2022-0011-IDN,IDN,Indonesia,2022,1,10,22.172,95.434,Jayapura City (Papua Province); East Java,Flood (General),Unknown,10,6500,0,278830529,511.5,70.06666667,48.10376923,winter,NoMonsoon,0
2022-0044-IRN,IRN,Iran (Islamic Republic of),2022,1,15,22.172,95.434,Kerman province,Flood (General),Unknown,0,18000,0,89524246,650.625,84.25,61.52216667,winter,NoMonsoon,0
2022-0087-IDN,IDN,Indonesia,2022,2,10,22.172,95.434,"Tegal Regency (Central Java Province); Bengkalis Regency (Riau Province, Sumatra Island); Gresik Regency (East Java Province); West Kalimatan",Flood (General),Unknown,1,14700,12000,278830529,511.5,70.06666667,48.10376923,winter,NoMonsoon,0
2022-0119-MYS,MYS,Malaysia,2022,2,25,22.172,95.434,"Kelantan, Pahang, and Terengganu",Flood (General),Unknown,6,26000,240,34695493,511.5,70.06666667,206.0363415,winter,NoMonsoon,0
2022-0119-THA,THA,Thailand,2022,2,25,22.172,95.434,Unknown,Flood (General),Unknown,6,60000,0,71735329,511.5,70.06666667,454.353,winter,NoMonsoon,0
2022-0120-IDN,IDN,Indonesia,2022,2,26,22.172,95.434,"Banten Province (western Java), Central Java, East Java",Flood (General),Unknown,13,31800,62000,278830529,511.5,70.06666667,48.10376923,winter,NoMonsoon,0
2022-0131-MYS,MYS,Malaysia,2022,3,6,22.172,95.434,"Kuala Lumpur, Melaka, Negeri Sembilan; Gombak, Hulu Langat, Kuala Langat, Petaling and Sepang (Selangor)",Flood (General),Unknown,0,1290,0,34695493,511.5,70.06666667,206.0363415,spring,NoMonsoon,0
2022-0136-IDN,IDN,Indonesia,2022,3,14,22.172,95.434,Purworejo and Kebumen regencies (Java); Balikpapan City (East Kalimantan),Flood (General),Unknown,4,16000,0,278830529,511.5,70.06666667,48.10376923,spring,NoMonsoon,0
2022-0172-VNM,VNM,Viet Nam,2022,3,22,22.172,95.434,"Tuyen Quang,Bac Kan and Cao Bang provinces",Flood (General),Unknown,0,225,0,99680655,511.5,70.06666667,1358.849333,spring,NoMonsoon,0
2022-0195-PHL,PHL,Philippines,2022,4,3,22.172,95.434,"Maguindanao Province (Bangsamoro Region, western Mindanao); Agusan del Sur Province (Caraga Region, northern Mindanao); Mamasapano, Agusan del Sur, Davao de Oro and Sarangani provinces",Flash flood,Unknown,3,1955,0,113964338,511.5,70.06666667,41.69744444,spring,NoMonsoon,0
2022-0199-THA,THA,Thailand,2022,4,3,22.172,95.434,"Chumphon, Nakhon Si Thammarat, Narathiwat, Phatthalung, Surat Thani",Flood (General),Unknown,0,108500,13000,71735329,511.5,70.06666667,454.353,spring,NoMonsoon,1
2022-0230-UZB,UZB,Uzbekistan,2022,4,20,22.172,95.434,Samarqand and Jizzakh regions,Flood (General),Unknown,5,159,0,34938955,511.5,70.06666667,170.2173333,spring,NoMonsoon,0
2022-0264-AFG,AFG,Afghanistan,2022,5,2,22.172,95.434,"Kandahar, Helmand, Herat, Badakhshan, Takhar, Parwan, Kunduz, Wardak, Baghlan, Faryab, Jawzjan, Badghis, Bamyan",Flash flood,Unknown,20,780,0,40578842,526,70.06666667,68.6501,spring,NoMonsoon,0
2022-0293-IND,IND,India,2022,5,17,22.172,95.434,"Itanagar distrci (Arunchal Pradesh); Dima Hasao, Cachar, Udalguri District (Assam); East Khasi Hills, Ri-Bhoi Districts (Meghalaya); Nagaland; Bihar; Himachal Pradesh; Madhya Pradesh; Gujarat; Maharasthra",Flood (General),Kopili river,2035,1300000,4200000,1425423212,429.8333333,48.33333333,1254.5155,spring,NoMonsoon,1
2022-0305-THA,THA,Thailand,2022,5,14,22.172,95.434,"Phrae, Lampang, Nan, Uttaradit, Phayao and Nakhon Ratchasima provinces",Flood (General),Unknown,0,1380,0,71735329,511.5,70.06666667,454.353,spring,NoMonsoon,0
2022-0316-CHN,CHN,China,2022,5,9,22.172,95.434,"Fujian, Yunnan, Guangxi, Hunan, Jiangxi, Guizhou Provinces",Flood (General),Unknown,48,0,5000000,1412175000,511.5,70.06666667,2227.122359,spring,NoMonsoon,1
2022-0320-VNM,VNM,Viet Nam,2022,5,21,22.172,95.434,"Tuyen Quang, Hoa Binh, Dien Bien, Cao Bang, Vinh Phuc, Ha Giang, Yen Bai, Lao Cai, Thai Nguyen, Phu Tho, and Hanoi",Flood (General),Unknown,13,2550,0,99680655,511.5,70.06666667,1358.849333,spring,NoMonsoon,0
2022-0324-IDN,IDN,Indonesia,2022,5,21,22.172,95.434,"Cipelang Village (Bogor Regency, West Java Province), Medan City (North Sumatra Province); Central Java Province; Central and North Kalimantan Province",Flood (General),Unknown,0,17200,0,278830529,511.5,70.06666667,48.10376923,spring,NoMonsoon,0
2022-0326-THA,THA,Thailand,2022,5,20,22.172,95.434,"Chiang Rai, Chiang Mai, Phayao, Lamphun, Tak, Lampang, Mae Hong Son, and Kanchanaburi",Flood (General),Chao Phraya River basin,0,3900,0,71735329,511.5,70.06666667,454.353,spring,NoMonsoon,0
2022-0340-BGD,BGD,Bangladesh,2022,5,17,22.172,95.434,"Shariatpur & Madaripur districts ; Kurigram, Gaibandha, Lalmonirhat, Nilphamari, Bogra, Jamalpur, and Sirajganj (Sylhet division); Zakigonj, Gowainghat, Jaintapur, Companiganj, Kurigram, Gaibandha, Rangpur, Lalmonirhat, Nilphamari, Bogra, Jamalpur, SirajganjDistricts (Sylhet Division); Sunamganj",Flood (General),Unknown,141,7200000,462500,169384897,511.5,70.06666667,11968.294,spring,NoMonsoon,1
2022-0358-TUR,TUR,Türkiye,2022,6,11,22.172,95.434,"Karama; Akyurt, Alt?nda?, Çankaya, Keçiören, Yenimahalle, Mamak and Gölba?? districts. (Ankara); Yenifak?l? Yerköy and Bo?azl?yan districts (Yozgat province)",Flood (General),Unknown,3,115,0,84979913,713.75,103.25,118.8255714,summer,monsoon,0
2022-0405-PAK,PAK,Pakistan,2022,6,14,22.172,95.434,"Lasbela, Jhal Magsi, Killa Saifullah, Pishin, Noshki, Kachhi, Khuzdar, Kalat and Chaman districts (Balochistan); Khyber Pakhtunkhwa, Sindh, Punjab, Azad Jammu, Gilgit Baltistan and Kashmir provinces",Flood (General),Unknown,1739,33000000,15000000,243700667,511.5,75.33333333,351.4056296,summer,monsoon,1
2022-0408-MYS,MYS,Malaysia,2022,7,4,22.172,95.434,Baling District (eastern Kedah State),Flood (General),Ketil River,3,210,0,34695493,511.5,70.06666667,206.0363415,summer,monsoon,0
2022-0418-IDN,IDN,Indonesia,2022,7,5,22.172,95.434,"South Sulawesi, Central Sulawesi and Gorontalo provinces; Maluku Archipelago",Flood (General),Unknown,7,3126,0,278830529,511.5,70.06666667,48.10376923,summer,monsoon,0
2022-0427-GEO,GEO,Georgia,2022,6,21,22.172,95.434,"Ambrolauri, Tkibuli, Kutaisi, Senaki, Poti, Khobi, Zugdidi, Dusheti, Tianeti, Kazbegi",Flood (General),Unknown,0,5200,0,3712502,861,110.6666667,97.98825,summer,monsoon,0
2022-0428-CHN,CHN,China,2022,7,25,22.172,95.434,"Sichuan, Zhejiang, Gansu provinces",Flood (General),Liao River,24,3000,0,1412175000,511.5,70.06666667,2227.122359,summer,monsoon,0
2022-0442-AFG,AFG,Afghanistan,2022,6,30,22.172,95.434,"Nuristan, Kunar, Langman, Logar, Paktya, Ghazni, Maidan Wardak, Parwan Uruzgan, Kandahar, Zabul, Paktia, Khost, Nangarhar provinces",Flash flood,Unknown,44,0,0,40578842,526,70.06666667,68.6501,summer,monsoon,0
2022-0444-YEM,YEM,Yemen,2022,6,15,22.172,95.434,"Ad Dali’, Al Hodeidah, Hadramawt, Hajjah and Ta’iz governorate",Flood (General),Unknown,0,41000,0,38222876,706.5,89,328.7334667,summer,monsoon,0
2022-0453-AFG,AFG,Afghanistan,2022,7,24,22.172,95.434,"Wardak, Paktia, Paktika, Nangarhar, Nuristan, Parwan and Panjshir provinces",Flash flood,Unknown,13,0,0,40578842,526,70.06666667,68.6501,summer,monsoon,0
2022-0456-YEM,YEM,Yemen,2022,7,23,22.172,95.434,"Marib, Al Mahwit, Taiz, Ibb, Hadramawt, Al Bayda, Amran, Sadaa, Dhamar Al Hodeida, Sana'a Hajjah, Al Mahra governorates (Sanna)",Flood (General),Unknown,77,175000,0,38222876,706.5,89,328.7334667,summer,monsoon,1
2022-0474-THA,THA,Thailand,2022,7,17,22.172,95.434,"Phimai District (Nakhon Ratchasima Province); Khok Yai, Tha Li District (Loei Province); Bangkok; Khon Kaen, Rayong, Chon Buri, Samut Prakan, Nonthaburi provinces",Flood (General),Unknown,2,2300,0,71735329,511.5,70.06666667,454.353,summer,monsoon,0
2022-0476-IRN,IRN,Iran (Islamic Republic of),2022,7,23,22.172,95.434,"East Azarbaijan, Isfahan, Alborz, Bushehr, Tehran, Charmahal Bakhtiyari, South Khorasan, Khorasan Razavi, North Khorasan, Khuzestan, Zanjan, Semnan, Sistan-Baluchistan, Fars, Qazvin, Qom, Kerman, Kohgiluyeh and Boyer-Ahmad, Golestan, Lorestan, Mazandaran, Markazi, Hormozgan, Hamedan, Yazd",Flash flood,Unknown,92,126775,201000,89524246,650.625,84.25,61.52216667,summer,monsoon,1
2022-0490-LKA,LKA,Sri Lanka,2022,8,1,22.172,95.434,"Nuwara Eliya District (southern Central Province); Kandy District (central-western Central Province); Jaffna, Kandy, Matale, Gampaha, Galle, Matara, Hambantota, Kegalle, Rathnapura",Flash flood,Unknown,8,82389,0,22181000,511.5,70.06666667,119.3917143,summer,monsoon,0
2022-0493-NPL,NPL,Nepal,2022,8,2,22.172,95.434,Belaka municipality of Udayapur district; Saptakoshi,Flood (General),Unknown,132,5500,0,29715436,511.5,70.06666667,328.7334667,summer,monsoon,0
2022-0496-JPN,JPN,Japan,2022,8,2,22.172,95.434,"Aomori, Akita, Iwate, Ishikawa, Yamagata, Niigata, Fukui and Fukushima",Flood (General),Unknown,2,11100,141000,125124989,511.5,70.06666667,108.9076711,summer,monsoon,0
2022-0497-MNG,MNG,Mongolia,2022,6,15,22.172,95.434,"Arkhangai, Bulgan, Khuvsgul, Orkhon, Darkhan-Uul, Selenge provinces; Bayanzurkh, Songinokhairkhan, Chingeltei, Bayangol, Sukhbaatar, Khan-Uul (Ulaanbaatar)",Flash flood,Unknown,0,4269,0,3433748,511.5,70.06666667,27.68008333,summer,monsoon,0
2022-0500-KOR,KOR,Republic of Korea,2022,8,7,22.172,95.434,"Seoul area, Incheon, Gangwon and Gyeongg provinces",Flood (General),Unknown,14,11400,423000,51672569,511.5,70.06666667,213.3785,summer,monsoon,0
2022-0501-YEM,YEM,Yemen,2022,8,3,22.172,95.434,"Hajjah, Al Jawf, Saada, and Ma’rib Governorates",Flash flood,Unknown,13,3400,0,38222876,706.5,89,328.7334667,summer,monsoon,0
2022-0514-AFG,AFG,Afghanistan,2022,8,16,22.172,95.434,"Kapisa, Khost, Nangarhar; Siagard and Shenwari districts (Parwan), Paktia, Paktika, Logar, Maidan-Wardak, Ghazni, Kunar, Laghman, Wardak, Nuristan, Zabul, Faryab, Farah, Kundoz, Kandahar, Urozgan provinces",Flash flood,Unknown,156,249900,0,40578842,526,70.06666667,68.6501,summer,monsoon,1
2022-0515-CHN,CHN,China,2022,8,10,22.172,95.434,Xuwen county,Flood (General),Unknown,0,0,0,1412175000,511.5,70.06666667,2227.122359,summer,monsoon,0
2022-0515-LAO,LAO,Lao People's Democratic Republic,2022,8,7,22.172,95.434,"Houaphan, Xaignabouri, Borkeo, Luangprabang, Vientiane Capital, Salawan, Savanakhet, Champasak",Flood (General),Unknown,1,42550,0,7559007,511.5,70.06666667,1192.554816,summer,monsoon,0
2022-0515-THA,THA,Thailand,2022,8,14,22.172,95.434,"Chiang Rai, Mukdahan, Yasothon, Ubon Ratchathani, Khon Kaen, Chaiyaphum, Mahasarakham, Prachinburi, Phra Nakhon Si Ayutthaya",Flood (General),Chao Phraya,0,63100,0,71735329,511.5,70.06666667,454.353,summer,monsoon,0
2022-0515-VNM,VNM,Viet Nam,2022,8,14,22.172,95.434,Dak Lak,Flood (General),Unknown,10,0,0,99680655,511.5,70.06666667,1358.849333,summer,monsoon,0
2022-0523-AFG,AFG,Afghanistan,2022,6,22,22.172,95.434,"Kunar, Laghman, Nangarhar & Nuristan Provinces",Flash flood,Unknown,19,1288,0,40578842,526,70.06666667,68.6501,summer,monsoon,0
2022-0530-CHN,CHN,China,2022,8,17,22.172,95.434,Datong County (Qinghai); Pengzhou (Sichuan); Heilongjiang and Shanxi,Flash flood,Unknown,52,6200,0,1412175000,511.5,70.06666667,2227.122359,summer,monsoon,0
2022-0539-IND,IND,India,2022,8,15,22.172,95.434,"Himachal Pradesh, Uttarakhand and Jharkhand States",Flood (General),Unknown,63,800000,0,1425423212,429.8333333,48.33333333,1254.5155,summer,monsoon,1
2022-0590-IND,IND,India,2022,9,18,22.172,95.434,Uttar Pradesh,Flood (General),Unknown,0,0,0,1425423212,429.8333333,48.33333333,1254.5155,autumn,monsoon,0
2022-0590-NPL,NPL,Nepal,2022,9,9,22.172,95.434,Darchula District (Sudurpashchim Provincel); Kanchanpur District (Sudurpashchim Province),Flood (General),Unknown,15,500,0,29715436,511.5,70.06666667,328.7334667,autumn,monsoon,0
2022-0635-THA,THA,Thailand,2022,9,15,22.172,95.434,"Ang Thong, Ayutthaya (Phra Nakhon Si Ayutthaya), Buriram, Chai Nat, Chaiyaphum, Kalasin, Khon Kaen,Lopburi, Maha Sarakham, Nakhon Nayok, Nakhon Pathom, Nakhon Ratchasima, Nakhon Sawan, Pathum Thani, Phetchabun, Phichit, Prachinburi, Roi Et, Sakon Nakhon, Singburi, Surin, Tak, Ubon Ratchathani, Uthai Thani, Yasothon",Flood (General),Chao Phraya River and the Pa Sak River,4,485906,0,71735329,511.5,70.06666667,454.353,autumn,monsoon,1
2022-0642-IDN,IDN,Indonesia,2022,10,4,22.172,95.434,South Jakarta; Lhokseumawe City (Aceh); Palopo City (South Sulawesi); Palembang City (South Sumatra),Flash flood,Unknown,10,40000,0,278830529,511.5,70.06666667,48.10376923,autumn,NoMonsoon,0
2022-0666-KHM,KHM,Cambodia,2022,9,1,22.172,95.434,"Meanchey, Oddar Meanchey Province",Flood (General),Unknown,15,167770,0,17201724,511.5,70.06666667,3965.6898,autumn,monsoon,1
2022-0667-VNM,VNM,Viet Nam,2022,10,10,22.172,95.434,"Nghia Hanh and Duc Pho Districts (Quang Ngai province); Quang Nam,Thua Thien Hue",Flood (General),Unknown,2,10000,0,99680655,511.5,70.06666667,1358.849333,autumn,NoMonsoon,0
2022-0677-LKA,LKA,Sri Lanka,2022,10,14,22.172,95.434,"Trincomalee (Eastern Province); Kalutara, Gampaha, Colombo district (Western Province); Hambantota and Galle (Southern Province); Killinochchi (Northern Province); Puttalam (North Western Province); Kandy (Central Province); Kegalle and Rathnapura (Sabaragamuwa)",Flood (General),Unknown,3,61467,0,22181000,511.5,70.06666667,119.3917143,autumn,NoMonsoon,0
2022-0694-IDN,IDN,Indonesia,2022,10,3,22.172,95.434,Karangasem Regency (eastern Bali); Bangli Regency (eastern Bali); Jembrana Regency (western Bali),Flood (General),Unknown,5,200,0,278830529,511.5,70.06666667,48.10376923,autumn,NoMonsoon,0
2022-0732-IDN,IDN,Indonesia,2022,11,8,22.172,95.434,Batu Bara Regency (North Sumatra),Flood (General),Unknown,0,4580,0,278830529,511.5,70.06666667,48.10376923,autumn,NoMonsoon,0
2022-0732-MYS,MYS,Malaysia,2022,11,8,22.172,95.434,"Kelantan, Pahang, Pulau Pinang, Perak, Selangor, Melaka, and Johor in the Malay Peninsula and Sabah State on Borneo Island",Flood (General),Unknown,0,3107,0,34695493,511.5,70.06666667,206.0363415,autumn,NoMonsoon,0
2022-0732-THA,THA,Thailand,2022,11,8,22.172,95.434,"Satun, Songkhla, Yala, Trang, Nakhon Si Thammarat, Narathiwat, Pattani,",Flood (General),Unknown,0,25605,0,71735329,511.5,70.06666667,454.353,autumn,NoMonsoon,0
2022-0736-IDN,IDN,Indonesia,2022,11,7,22.172,95.434,"Lampung Province (the southernmost Province of Sumatra); Tangerang Regency (Banten Province, northern Java); Bandung Regencies (West Java Province); Pesawaran Regency (Lampung Province, southern Sumatra)",Flood (General),Unknown,3,7000,0,278830529,511.5,70.06666667,48.10376923,autumn,NoMonsoon,0
2022-0782-IDN,IDN,Indonesia,2022,11,25,22.172,95.434,Eastern Java Island,Flood (General),Unknown,1,12500,0,278830529,511.5,70.06666667,48.10376923,autumn,NoMonsoon,0
2022-0785-LKA,LKA,Sri Lanka,2022,9,2,22.172,95.434,"Awissawella area of the Colombo district; Kegalle, Kurunegala, Rathnapura, Kandy, Gampaha, Matale, Kalutara, Puttlam, Nuwara Eliya",Flood (General),Unknown,1,5476,0,22181000,511.5,70.06666667,119.3917143,autumn,monsoon,0
2022-0795-VNM,VNM,Viet Nam,2022,12,1,22.172,95.434,"Quang Nam, Quang Tri, Phu Yen, Phu Loc district (Thua Thien Hue) provinces",Flood (General),Unknown,5,10495,1500,99680655,511.5,70.06666667,1358.849333,winter,NoMonsoon,0
2022-0810-MYS,MYS,Malaysia,2022,12,17,22.172,95.434,"Kelantan, Terengganu, Pahang, Johor, Perak states",Flood (General),Unknown,8,60000,0,34695493,511.5,70.06666667,206.0363415,winter,NoMonsoon,0
2022-0810-THA,THA,Thailand,2022,12,19,22.172,95.434,"Surat Thani, Nakhon Si Thammarat, Trang, Phatthalung, Satun, Songkhla, Pattani, Yala, and Narathiwat",Flood (General),Unknown,7,630000,0,71735329,511.5,70.06666667,454.353,winter,NoMonsoon,1
2022-0812-TUR,TUR,Türkiye,2022,12,11,22.172,95.434,Antalya Province,Flash flood,Unknown,0,3000,0,84979913,713.75,103.25,118.8255714,winter,NoMonsoon,0
2022-0832-PHL,PHL,Philippines,2022,12,25,22.172,95.434,"Mimaropa, Bicol, Eastern Visayas, Zamboanga Peninsula, Northern Mindanao, Davao Region and Caraga (Mindanao and Luzon)",Flood (General),Unknown,70,600000,11000,113964338,511.5,70.06666667,41.69744444,winter,NoMonsoon,1
2022-0845-IDN,IDN,Indonesia,2022,12,26,22.172,95.434,"Kendal, Grobogan, Jepara, Pati, Pekalongan, Demak, Semarang City, Kudus, and Pekalongan City (Central Java province)",Flood (General),Unknown,0,545,0,278830529,511.5,70.06666667,48.10376923,winter,NoMonsoon,0
2022-0847-IDN,IDN,Indonesia,2022,12,25,22.172,95.434,"Kupang Regency in East Nusa Tenggara Province (western Timor Island); Central Kupang, Sulamu, Takari, and Kupang Fatuleu sub-districts",Flood (General),Unknown,1,2990,0,278830529,511.5,70.06666667,48.10376923,winter,NoMonsoon,0
2023-0002-PHL,PHL,Philippines,2023,1,1,22.172,95.434,"Lanao del Norte Province (Northern Mindanao Region); Davao de Oro and Davao del Norte provinces; Maguindanao (BARMM Region); Mimaropa Region; Cagayan Valley, Central Luzon, Calabarzon, Bicol, Western Visayas, Eastern Visayas, Zamboanga Peninsula, Soccsksargen, Caraga",Flood (General),Unknown,52,2143347,30371,114891199,511.5,70.06666667,41.69744444,winter,NoMonsoon,1
2023-0041-IDN,IDN,Indonesia,2023,1,20,22.172,95.434,Aceh and West Sumatra Provinces,Flood (General),Unknown,0,100000,0,281190067,511.5,70.06666667,48.10376923,winter,NoMonsoon,0
2023-0041-MYS,MYS,Malaysia,2023,1,20,22.172,95.434,"Johor, Pahang, and Sabah States",Flood (General),Unknown,0,11000,0,35126298,511.5,70.06666667,206.0363415,winter,NoMonsoon,0
2023-0044-IDN,IDN,Indonesia,2023,1,27,22.172,95.434,Manado City area (North Sulawesi Province),Flood (General),Tondanao River,0,16700,0,281190067,511.5,70.06666667,48.10376923,winter,NoMonsoon,0
2023-0094-PHL,PHL,Philippines,2023,2,13,22.172,95.434,"Bicol, Western Visayas, Eastern Visayas, Zamboanga Peninsula, Davao Region, Soccsksargen and Caraga",Flood (General),Unknown,15,32764,5000,114891199,511.5,70.06666667,41.69744444,winter,NoMonsoon,0
2023-0102-PHL,PHL,Philippines,2023,2,20,22.172,95.434,Davao City (Davao del Norte); Davao Oriental (Dava Region); Maguidanao del Sur Province (BARMM Region),Flood (General),Unknown,2,215000,5000,114891199,511.5,70.06666667,41.69744444,winter,NoMonsoon,1
2023-0120-MYS,MYS,Malaysia,2023,2,28,22.172,95.434,"Johor, Pahang, Malacca, and Negeri Sembilan",Flood (General),Unknown,4,46630,0,35126298,511.5,70.06666667,206.0363415,winter,NoMonsoon,0
2023-0141-TUR,TUR,Türkiye,2023,3,14,22.172,95.434,Adiyaman and Sanliurfa provinces,Flood (General),Unknown,19,0,25000,85325965,713.75,103.25,118.8255714,spring,NoMonsoon,0
2023-0159-PAK,PAK,Pakistan,2023,3,17,22.172,95.434,"Awaran, Zhob and Khuzdar Districts (Balochistan Province)",Flash flood,Unknown,10,0,0,247504495,511.5,75.33333333,351.4056296,spring,NoMonsoon,0
2023-0160-SYR,SYR,Syrian Arab Republic,2023,3,19,22.172,95.434,Aleppo and Idlib governorates,Flood (General),Unknown,0,2850,0,23594623,696,122,254.61875,spring,NoMonsoon,0
2023-0173-PAK,PAK,Pakistan,2023,3,25,22.172,95.434,"Mardan, Peshawar, South Waziristan and Khybe districts ( Khyber Pakhtunkhwa Province)",Flood (General),Unknown,14,50,0,247504495,511.5,75.33333333,351.4056296,spring,NoMonsoon,0
2023-0208-PAK,PAK,Pakistan,2023,3,24,22.172,95.434,"Peshawar, South Waziristan, Tank, Khyber, Lower Kohistan, Mardan, Hangu, Orakza, Bajaur (Khyber Pakhtunkhwa Province)Orakzai, Peshawar, Tank and",Flood (General),Unknown,14,750,0,247504495,511.5,75.33333333,351.4056296,spring,NoMonsoon,0
2023-0263-VNM,VNM,Viet Nam,2023,4,28,22.172,95.434,"Cao Bang, Lao Cai, Yen Bai, Phu Tho, Dien Bien, Tuyen Quang, and Thai Nguyen provinces",Flood (General),Unknown,0,6540,0,100352192,511.5,70.06666667,1358.849333,spring,NoMonsoon,0
2023-0266-PAK,PAK,Pakistan,2023,4,29,22.172,95.434,"Khuzdar City/Qusdar (Khuzdar District, central Balochistan), Kech District (southern Balochistan), Lasbela District (southern Balochistan) Mach Town (Kachhi District, central Balochistan); Khyber Pakhtunkhwa Province",Flash flood,Unknown,12,0,0,247504495,511.5,75.33333333,351.4056296,spring,NoMonsoon,0
2023-0285-CHN,CHN,China,2023,5,5,22.172,95.434,Jiangxi Province,Flood (General),Unknown,0,530000,95000,1410710000,511.5,70.06666667,2227.122359,spring,NoMonsoon,1
2023-0291-AFG,AFG,Afghanistan,2023,5,5,22.172,95.434,Nangarhar Province,Flash flood,Unknown,4,1500,0,41454761,526,70.06666667,68.6501,spring,NoMonsoon,0
2023-0326-NPL,NPL,Nepal,2023,6,15,22.172,95.434,"Nuwakot, Okhaldhunga, Panchthar, Shankhuwasabha, Taplejung, Dhankuta and Ilam (Koshi province)",Flood (General),Unknown,36,1500,0,29694614,511.5,70.06666667,328.7334667,summer,monsoon,0
2023-0330-IND,IND,India,2023,6,14,22.172,95.434,"Nalbari, Baksa, Lakhimpur, Bajali, Barpet distrcits (Assam);Sikkim",Flood (General),Unknown,0,500000,0,1438069596,429.8333333,48.33333333,1254.5155,summer,monsoon,1
2023-0341-CHN,CHN,China,2023,6,1,22.172,95.434,Leshan City (Sichuan province); Yiliang County (Yunnan province),Flood (General),Unknown,25,0,0,1410710000,511.5,70.06666667,2227.122359,summer,monsoon,0
2023-0354-PAK,PAK,Pakistan,2023,6,10,22.172,95.434,"Balochistan, Khyber Pakhtunkhwa, and Punjab",Flood (General),Unknown,33,150,0,247504495,511.5,75.33333333,351.4056296,summer,monsoon,0
2023-0359-IND,IND,India,2023,6,26,22.172,95.434,"Mandi, Solan and Hamirpur districts (Himachal Pradesh); Uttarakhand, Punjab, NewDelhi, Haryana",Flash flood,Unknown,62,5,3000,1438069596,429.8333333,48.33333333,1254.5155,summer,monsoon,0
2023-0384-YEM,YEM,Yemen,2023,3,15,22.172,95.434,"Hajjah, Marib, Hodeidah, Al Bayda, Al Jawf, Sana'a, Amran, Sa’ada, Ibb, Taiz, Dhamar, Shabwa and Al Mahwit governorates",Flood (General),Unknown,248,308000,0,39390799,706.5,89,328.7334667,spring,NoMonsoon,1
2023-0410-GEO,GEO,Georgia,2023,6,15,22.172,95.434,"Batumi city/municipality (Adjara Autonomous Republic (A/R); Chokhatauri and Lanchkhuti municipalities (Guria Region); Lentekhi municipality (Racha-Lechkhumi); Kvemo Svaneti Region; Gurjaani Municipality (Kakheti Region); Kutaisi, Samtredia and Khoni Municipalities (Imereti Region); Abasha, Zugdidi, Martvili, Senaki, Chkhorotsku and Khobi municipalities (Samegrelo-Zemo Svaneti region); Lentekhi and Gurjaani municipalities",Flash flood,Unknown,0,350000,0,3715483,861,110.6666667,97.98825,summer,monsoon,1
2023-0413-JPN,JPN,Japan,2023,7,1,22.172,95.434,"Yamaguchi Prefecture (Honshu); Oita Prefecture (Kyushu islands); Kumamoto City (Kumamoto Prefecture); Hiroshima, Yamaguchi, Fukuoka Saga, Oita",Flash flood,Unknown,6,4200,0,124516650,511.5,70.06666667,108.9076711,summer,monsoon,0
2023-0417-CHN,CHN,China,2023,7,2,22.172,95.434,"Sichuan, Henan, Hunan, Guizhou, Shaanxi and Yunan and the Inner Mongolia Autonomous Region",Flood (General),Unknown,21,95000,0,1410710000,511.5,70.06666667,2227.122359,summer,monsoon,0
2023-0418-THA,THA,Thailand,2023,7,3,22.172,95.434,"Nan, Chanthaburi, Rayong, Krabi, Phang Nga, Trang, Satun and Nakhon Si Thammarat",Flood (General),Unknown,0,7650,0,71702435,511.5,70.06666667,454.353,summer,monsoon,0
2023-0428-IND,IND,India,2023,6,25,22.172,95.434,"Himachal Pradesh, Uttarakhand, Delhi, Bihar, Madyah Pradesh, Maharashtra, Chhattisgarh, Gujarat, Punjab, Karnataka, Assam",Flood (General),Unknown,1529,10250000,0,1438069596,429.8333333,48.33333333,1254.5155,summer,monsoon,1
2023-0428-PAK,PAK,Pakistan,2023,6,25,22.172,95.434,"Punjab, Khyber Pakhtunkhwa, Balochistan, Sindh Azad Jammu and Kashmir",Flood (General),Unknown,217,28855,0,247504495,511.5,75.33333333,351.4056296,summer,monsoon,0
2023-0435-MNG,MNG,Mongolia,2023,7,3,22.172,95.434,"Ulaanbaatar, Selenge, Töv",Flood (General),Unknown,0,288738,0,3481145,511.5,70.06666667,27.68008333,summer,monsoon,1
2023-0437-IDN,IDN,Indonesia,2023,7,7,22.172,95.434,Karangasem and Bangli (Bali Province); Lumajang (East Java Province),Flood (General),Unknown,6,510,0,281190067,511.5,70.06666667,48.10376923,summer,monsoon,0
2023-0440-KOR,KOR,Republic of Korea,2023,7,9,22.172,95.434,"North Gyeongsang, South Chungcheong Provinces",Flood (General),Unknown,58,10500,0,51712619,511.5,70.06666667,213.3785,summer,monsoon,0
2023-0462-AFG,AFG,Afghanistan,2023,7,22,22.172,95.434,"Jalrez, Saydabad, Chaki Wardak and Maidan Shahr Districts (Maidan Wardak Province); Khost Province and Kabul area; Badakhshan, Daikundi, Ghazni, Helmand, Kandahar, Kapisa, Kunar, Kunduz, Logar, Nangarhar, Nuristan, Paktia, Parwan, Uruzgan, and Zabul",Flash flood,Unknown,67,126000,0,41454761,526,70.06666667,68.6501,summer,monsoon,1
2023-0462-PAK,PAK,Pakistan,2023,7,22,22.172,95.434,Unknown,Flash flood,Unknown,13,0,0,247504495,511.5,75.33333333,351.4056296,summer,monsoon,0
2023-0486-IND,IND,India,2023,7,27,22.172,95.434,Mulugu District (western Telangana),Flood (General),Unknown,23,0,0,1438069596,429.8333333,48.33333333,1254.5155,summer,monsoon,0
2023-0488-VNM,VNM,Viet Nam,2023,7,30,22.172,95.434,"Lam Dong Province (central Vietnam), Binh Thuan Province (south-eastern Vietnam) and Bac Lieu Province (southern Vietnam)",Flood (General),Unknown,7,1730,0,100352192,511.5,70.06666667,1358.849333,summer,monsoon,0
2023-0495-LAO,LAO,Lao People's Democratic Republic,2023,7,4,22.172,95.434,"Atsaphon district (Savannnakhet); Khammuan, Bokeo, Houaphan, Luang Prabang, Xaignabouli, Xiangkhouang,Vientiane, Bolikhamxai, Champasak and Xaixomboun provinces",Flood (General),Xechamphone River,7,110129,7719,7664993,511.5,70.06666667,1192.554816,summer,monsoon,1
2023-0503-CHN,CHN,China,2023,8,15,22.172,95.434,"Beijing city, esatern China",Flood (General),Unknown,51,600000,0,1410710000,511.5,70.06666667,2227.122359,summer,monsoon,1
2023-0510-MNG,MNG,Mongolia,2023,8,5,22.172,95.434,Ulaanbaatar,Flash flood,Unknown,4,1230,0,3481145,511.5,70.06666667,27.68008333,summer,monsoon,0
2023-0512-BGD,BGD,Bangladesh,2023,8,7,22.172,95.434,"Chattogram, Cox’s Bazar, Bandarban, Rangamati, and Feni (Chattogram Division); Chittagong, Bandarban, Rangamati,",Flash flood,Unknown,4,1000000,0,171466990,511.5,70.06666667,11968.294,summer,monsoon,1
2023-0516-CHN,CHN,China,2023,8,1,22.172,95.434,Shulan City (Jilin Province),Flood (General),Unknown,14,134000,0,1410710000,511.5,70.06666667,2227.122359,summer,monsoon,1
2023-0517-MMR,MMR,Myanmar,2023,8,3,22.172,95.434,"Belin town, Thaton town (Mon State); Hpa-an town, Myawaddy town (Kayin State); Kayin, Rakhine, Mon and Bago",Flood (General),Unknown,5,48000,0,54133798,511.5,70.06666667,4552.1444,summer,monsoon,0
2023-0518-VNM,VNM,Viet Nam,2023,8,4,22.172,95.434,"Lai Chau, Yen Bai, Son La, Lao Cai, Dien Bien, Thai Nguyen, Gia Lai, Dak Lak, Dak Nong, and Lam Dong provinces",Flash flood,Unknown,15,214527,0,100352192,511.5,70.06666667,1358.849333,summer,monsoon,1
2023-0542-PAK,PAK,Pakistan,2023,8,20,22.172,95.434,Punjab Province,Flood (General),Sutlej River,16,0,0,247504495,511.5,75.33333333,351.4056296,summer,monsoon,0
2023-0551-CHN,CHN,China,2023,8,11,22.172,95.434,"Weiziping, Xi'an City, southern Shaanxi Province",Flash flood,Unknown,27,0,0,1410710000,511.5,70.06666667,2227.122359,summer,monsoon,0
2023-0570-TJK,TJK,Tajikistan,2023,8,27,22.172,95.434,"Vakhdat, Varzob Roudaki districts (Douchanbe)",Flood (General),Unknown,21,0,0,10389799,511.5,70.06666667,160.48125,summer,monsoon,0
2023-0571-PAK,PAK,Pakistan,2023,9,1,22.172,95.434,"Punjab, Sindh, and Balochistan",Flood (General),Unknown,6,89500,0,247504495,511.5,75.33333333,351.4056296,autumn,monsoon,0
2023-0582-TUR,TUR,Türkiye,2023,9,6,22.172,95.434,"Istanbul City, Kirklareli Province",Flood (General),Unknown,8,0,0,85325965,713.75,103.25,118.8255714,autumn,monsoon,0
2023-0601-IDN,IDN,Indonesia,2023,9,1,22.172,95.434,"Asahan Regency (North Sumatra Province); Teluk Dalam, Simpang Empat and Meranti Districts.",Flood (General),Unknown,0,14500,0,281190067,511.5,70.06666667,48.10376923,autumn,monsoon,0
2023-0615-CHN,CHN,China,2023,9,7,22.172,95.434,Shenzhen,Flash flood,Unknown,0,0,0,1410710000,511.5,70.06666667,2227.122359,autumn,monsoon,0
2023-0615-HKG,HKG,"China, Hong Kong Special Administrative Region",2023,9,8,22.172,95.434,Unknown,Flash flood,Unknown,0,0,0,7536100,511.5,70.06666667,0.1455,autumn,monsoon,0
2023-0633-MMR,MMR,Myanmar,2023,10,5,22.172,95.434,"Pegou region; Bago and Yangon, and Mon State.",Flood (General),"Pegou, Bago rivers",5,27300,0,54133798,511.5,70.06666667,4552.1444,autumn,NoMonsoon,0
2023-0635-VNM,VNM,Viet Nam,2023,10,6,22.172,95.434,"Yen Bai, Thai Nguyen et Tuyen Quang provinces",Flood (General),Unknown,2,1900,0,100352192,511.5,70.06666667,1358.849333,autumn,NoMonsoon,0
2023-0654-LKA,LKA,Sri Lanka,2023,9,28,22.172,95.434,"Western, Southern, Northern, Central, North Western, and Sabaragamuwa Provinces; Kandy and Nuwara-Eliya Districts.",Flood (General),Unknown,0,244504,0,22037000,511.5,70.06666667,119.3917143,autumn,monsoon,1
2023-0729-MYS,MYS,Malaysia,2023,11,5,22.172,95.434,"Selangor, Perak, and Pahang states",Flood (General),Unknown,0,881,0,35126298,511.5,70.06666667,206.0363415,autumn,NoMonsoon,0
2023-0802-PHL,PHL,Philippines,2023,11,14,22.172,95.434,"Eastern Visayas, Western Visayas and Bicol Regions",Flood (General),Unknown,2,1157487,2160,114891199,511.5,70.06666667,41.69744444,autumn,NoMonsoon,1
2023-0803-IDN,IDN,Indonesia,2023,11,24,22.172,95.434,Sumedang Regency (Java Island); Ketapang Regency (Kalimantan),Flood (General),Unknown,0,17750,0,281190067,511.5,70.06666667,48.10376923,autumn,NoMonsoon,0
2023-0846-IND,IND,India,2023,12,18,22.172,95.434,"Thoothukudi, Tirunelveli, Kanniyakumari and Tenkasi Districts (Tamil Nadu state)",Flood (General),Unknown,10,0,0,1438069596,429.8333333,48.33333333,1254.5155,winter,NoMonsoon,0
2023-0854-MYS,MYS,Malaysia,2023,12,22,22.172,95.434,"Johor, Kelantan, Pahang, Sabah, and Terengganu states",Flood (General),Unknown,2,25676,0,35126298,511.5,70.06666667,206.0363415,winter,NoMonsoon,0
2023-0854-THA,THA,Thailand,2023,12,22,22.172,95.434,"Satun, Songkhla, Pattani,, Yala, Narathiwat provinces",Flood (General),Unknown,6,241473,0,71702435,511.5,70.06666667,454.353,winter,NoMonsoon,1
2024-0008-LKA,LKA,Sri Lanka,2024,1,1,22.172,95.434,Ampara and Badulla districts,Flood (General),Unknown,2,175000,0,21916000,511.5,70.06666667,119.3917143,winter,NoMonsoon,1
2024-0018-SYR,SYR,Syrian Arab Republic,2024,1,17,22.172,95.434,Idlib (Northwest region),Flood (General),Unknown,0,9700,0,24672760,696,122,254.61875,winter,NoMonsoon,0
2024-0020-PHL,PHL,Philippines,2024,1,14,22.172,95.434,"Region X (Northern Mindanao), Region XI (Davao Region), Region XII (Soccsksargen), Region XIII (Caraga)",Flood (General),Unknown,21,1228003,30000,115843670,511.5,70.06666667,41.69744444,winter,NoMonsoon,1
2024-0076-ARE,ARE,United Arab Emirates,2024,2,12,22.172,95.434,"Dubai, Abu Dhabi, Kalba, Sharjah",Flood (General),Unknown,0,346,0,10876981,511.5,70.06666667,328.7334667,winter,NoMonsoon,0
2024-0076-OMN,OMN,Oman,2024,2,11,22.172,95.434,"Rustaq Town area (Al Batinah South Governorate); Al Batinah North Governorate; Ad Dhahirah Governorate; Yanqul, Buraimi, and Muscat",Flood (General),Unknown,7,190,0,5281538,635.5,77.5,0.060444444,winter,NoMonsoon,0
2024-0077-CYP,CYP,Cyprus,2024,2,12,22.172,95.434,Limassol and Nicosia,Flood (General),Unknown,0,468,0,1358282,511.5,70.06666667,0.245380952,winter,NoMonsoon,0
2024-0077-TUR,TUR,Türkiye,2024,2,12,22.172,95.434,"Antalya City (Antalya Province); Iliç Town, (Erzincan Province)",Flood (General),Unknown,10,900,0,85518661,713.75,103.25,118.8255714,winter,NoMonsoon,0
2024-0101-IDN,IDN,Indonesia,2024,2,15,22.172,95.434,"Bogor Town (West Java Province); Demak Regency (Central Java); Jambi, West Nusa Tenggara, South Sulawesi and East Java; Sumedang and Bandung regencies (West Java Provine)",Flood (General),Unknown,2,25500,0,283487931,511.5,70.06666667,48.10376923,winter,NoMonsoon,0
2024-0120-AFG,AFG,Afghanistan,2024,2,27,22.172,95.434,"Kandahar, Helmand, Sar-e-Pol, Badakshan, Balkh, Jawzjan, Badghis, Faryab, Herat, Ghazni, Daykundi, and Ghor",Flood (General),Unknown,39,0,0,42647492,526,70.06666667,68.6501,winter,NoMonsoon,0
2024-0120-IRN,IRN,Iran (Islamic Republic of),2024,2,27,22.172,95.434,"Dashtiari, Qasrqand, Nikshahr, Chabahar , Khash, Sib-o Soran, Fanuj, Iranshahr, Mirjaveh, Dalgaan, Saravan, Zahedan, Nimroz, Sarbaz, and Mehrestan (Sistan and Baluchistan provinces)",Flood (General),Unknown,0,258387,0,91567738,650.625,84.25,61.52216667,winter,NoMonsoon,1
2024-0120-PAK,PAK,Pakistan,2024,2,27,22.172,95.434,"Bajaur, Khyber, Makaland, Mohmand, and Lower and Upper Dir districts (Khyber Pakhtunkhwa Province); Gwadar (Balochistan province) Province",Flood (General),Unknown,40,2770,0,251269164,511.5,75.33333333,351.4056296,winter,NoMonsoon,0
2024-0138-IRQ,IRQ,Iraq,2024,3,18,22.172,95.434,"Baroshki, Nazarki, Atiti, Naoura, Mahalla Sheli, Hay Al-Jazma, Hay Al-Shurta, Al-Ulya, Kizabra, and Mahalla Kuli (Duhok province); Erbil Governorates (Kurdistan region.); Terawa, Badawa, Koyistan, and Dara Tow; Diyala and Maysan Governorates",Flash flood,Unknown,3,18000,0,46042015,393,42,947.8885,spring,NoMonsoon,0
2024-0181-AFG,AFG,Afghanistan,2024,3,21,22.172,95.434,"Dawlat Abad, Bilcheragh, Gurziwan, Khwajasbzposh, Pashtunkot districts (Faryab province); Ashtarlay, Kejran, Miramoor, Nili, Pato, Sang takht, Shahristan districts (Daikundi province); Achin, Bati Kot, Deh Bala, Dur Baba, Jalalabad, Kama, Lal Por, Momandara, Nazyan, Shinwar district (Nangarhar Province)",Flash flood,Unknown,7,1920,0,42647492,526,70.06666667,68.6501,spring,NoMonsoon,0
2024-0198-KAZ,KAZ,Kazakhstan,2024,4,3,22.172,95.434,"Aktobe, Kostanay, Karaganda, Akmola, Atyrau, Pavlodar, Abay, lytau, Aktyubinskaya, Zapadno-kazachstanskaya",Flood (General),Unknown,2,120000,0,20592571,547,68,62.81446154,spring,NoMonsoon,1
2024-0204-IDN,IDN,Indonesia,2024,4,7,22.172,95.434,Buol Regency (Central Sulawesi Province); Luwu Regency (South Sulawesi Province); Bitung Regency (North Sulawesi Province); East Java,Flood (General),Unknown,2,3130,0,283487931,511.5,70.06666667,48.10376923,spring,NoMonsoon,0
2024-0219-ARE,ARE,United Arab Emirates,2024,4,15,22.172,95.434,Dubai,Flash flood,Unknown,4,0,0,10876981,511.5,70.06666667,328.7334667,spring,NoMonsoon,0
2024-0219-OMN,OMN,Oman,2024,4,14,22.172,95.434,"South Batinah, South Sharqiyah, Musandam, Al Buraimi, Al Dhahirah, Al Dakhiliyah, Muscat and Ash Sharqiyah North Governorates.",Flash flood,Unknown,20,1200,0,5281538,635.5,77.5,0.060444444,spring,NoMonsoon,0
2024-0233-IRN,IRN,Iran (Islamic Republic of),2024,4,16,22.172,95.434,"Kenarak, Zarabad, Chabahar, Nikshahr, Kach and Zohrikar (Sistan and Baluchistan province)",Flood (General),Unknown,10,46000,0,91567738,650.625,84.25,61.52216667,spring,NoMonsoon,0
2024-0234-CHN,CHN,China,2024,4,19,22.172,95.434,"Shaoguan, Guangzhou, Heyuan, Zhaoqing, Qingyuan, Meizhou and Huizhou (Guangdong province); Guangxi, and Jiangxi provinces",Flood (General),Unknown,24,110000,1650000,1408975000,511.5,70.06666667,2227.122359,spring,NoMonsoon,1
2024-0249-IDN,IDN,Indonesia,2024,4,16,22.172,95.434,"Karang Jaya, Ulu Rawas districts (Musi Rawas Regency (South Sumatra province)",Flood (General),Unknown,4,51812,0,283487931,511.5,70.06666667,48.10376923,spring,NoMonsoon,0
2024-0250-KGZ,KGZ,Kyrgyzstan,2024,4,21,22.172,95.434,"Batken, Jalal-Abad, Naryn, Osh, Talas, Kara-Suuyskiy, Nookatsky, Uzgen, Alai, Zhumgalsky",Flood (General),Unknown,0,103901,0,7224614,511.5,70.06666667,70.61607143,spring,NoMonsoon,1
2024-0282-YEM,YEM,Yemen,2024,4,16,22.172,95.434,"Abyan, Taiz, Al-Jawf, Hadramout, Shabwa, Sa'ada, Mareb, Al-Mahara, Al-Dhale'",Flood (General),Unknown,0,39123,0,40583164,706.5,89,328.7334667,spring,NoMonsoon,0
2024-0284-KGZ,KGZ,Kyrgyzstan,2024,5,5,22.172,95.434,Bazar-Korgon district (Jalal-Abad region),Flash flood,Unknown,0,500,0,7224614,511.5,70.06666667,70.61607143,spring,NoMonsoon,0
2024-0284-TJK,TJK,Tajikistan,2024,5,5,22.172,95.434,"Sughd, Khatlon, and Gorno-Badakhshan provinces",Flash flood,Unknown,3,40,0,10590927,511.5,70.06666667,160.48125,spring,NoMonsoon,0
2024-0285-AFG,AFG,Afghanistan,2024,5,10,22.172,95.434,"Baghlan, Badakhshan, Takhar, Ghor, Herat, Balkh, Faryab, Samangan, Sar-e-Pul",Flood (General),Unknown,357,257850,0,42647492,526,70.06666667,68.6501,spring,NoMonsoon,1
2024-0289-IDN,IDN,Indonesia,2024,5,11,22.172,95.434,"Agam, Tanah Datar, Padang Panjang, and Padang Pariaman (Sumatra Isl.)",Flood (General),Unknown,87,3300,0,283487931,511.5,70.06666667,48.10376923,spring,NoMonsoon,0
2024-0298-LKA,LKA,Sri Lanka,2024,5,15,22.172,95.434,"Colombo, Gampaha, Kalutara, Matara, Ratnapura, Kegalle, and Galle districts",Flood (General),Unknown,40,235854,0,21916000,511.5,70.06666667,119.3917143,spring,NoMonsoon,1
2024-0310-AFG,AFG,Afghanistan,2024,5,18,22.172,95.434,"Faryab, Ghor provinces",Flash flood,Unknown,150,39000,0,42647492,526,70.06666667,68.6501,spring,NoMonsoon,0
2024-0318-ARM,ARM,Armenia,2024,5,26,22.172,95.434,"Alaverdi, Akhtala, Bagratashen, Bendik, Deghdsavan, Haghtanak, Karkop, Mets Ayrum, Pokr Ayrum, Sanahin, Shamlug, and Shnogh villages (Lori and Tavush Provinces)",Flash flood,"Debed, Tashir and Aghstev rivers",4,429,50000,3033500,511.5,70.06666667,6.4545,spring,NoMonsoon,0
2024-0327-IDN,IDN,Indonesia,2024,6,4,22.172,95.434,Tanah Bumbu Regency (South Kalimantan province),Flood (General),"Batulicin, Sebamban, Satui and Kusan rivers",6,15400,0,283487931,511.5,70.06666667,48.10376923,summer,monsoon,0
2024-0357-IRN,IRN,Iran (Islamic Republic of),2024,5,15,22.172,95.434,Mashhad,Flash flood,Unknown,19,450,0,91567738,650.625,84.25,61.52216667,spring,NoMonsoon,0
2024-0358-VNM,VNM,Viet Nam,2024,6,9,22.172,95.434,"Dien Bien, Lao Cai, Ha Giang, Yen Bai, Cao Bang, Lang Son, Thai Nguyen, Bac Giang, Quang Ninh and Hai Phong",Flood (General),Unknown,3,9628,0,100987686,511.5,70.06666667,1358.849333,summer,monsoon,0
2024-0399-BGD,BGD,Bangladesh,2024,5,29,22.172,95.434,"Sylhet, Sunamganj, Netrokona, Moulvibazar, Habiganj, Rangpur, Jamalpur, Gaibandha, Feni, Rangamati, Bogra, Kurigram, Sirajganj, Lalmonirhat, Tangail, Cox’s Bazar, Bogura, Munshigan, Khagrachari, Bandarban",Flash flood,Unknown,15,5130000,34000,173562364,511.5,70.06666667,11968.294,spring,NoMonsoon,1
2024-0399-IND,IND,India,2024,5,15,22.172,95.434,Assam and Meghalaya states,Flash flood,Unknown,48,2100000,0,1450935791,429.8333333,48.33333333,1254.5155,spring,NoMonsoon,1
2024-0428-NPL,NPL,Nepal,2024,6,15,22.172,95.434,Unknown,Flood (General),Unknown,24,2705,0,29651054,511.5,70.06666667,328.7334667,summer,monsoon,0
2024-0434-MMR,MMR,Myanmar,2024,6,30,22.172,95.434,"Myitkyina, Waingmaw, and Bhamo districts (Kachin state); Magway, Mandalay and Sagaing; Ayeyarwady, Bago Region (East), Kayin, Mon, Tanintharyi, Yangon, Bago Region (West)",Flood (General),Unknown,0,106792,0,54500091,511.5,70.06666667,4552.1444,summer,monsoon,1
2024-0465-KOR,KOR,Republic of Korea,2024,7,10,22.172,95.434,"Chupungnyeong, Geumsan, Gunsan, Nonsan, Seocheon and Daegu (South Chungcheong and the North Jeolla provinces)",Flash flood,Unknown,4,3500,250000,51751065,511.5,70.06666667,213.3785,summer,monsoon,0
2024-0481-IND,IND,India,2024,7,9,22.172,95.434,"Pratapgarh, Sultanpur, Chandauli, Mainpuri, Prayagraj, Auraiya, Deoria, Hathras, Varanasi and Siddharthnagar districts (Uttar Pradesh); Assam",Flood (General),Unknown,125,1000000,0,1450935791,429.8333333,48.33333333,1254.5155,summer,monsoon,1
2024-0481-PAK,PAK,Pakistan,2024,7,1,22.172,95.434,"Punjab, Sindh, Balochistan and Khyber Pakhtunkhwa provinces",Flood (General),Unknown,368,551068,0,251269164,511.5,75.33333333,351.4056296,summer,monsoon,1
2024-0482-CHN,CHN,China,2024,7,11,22.172,95.434,"Chengxi town (Dianjiang county) and Yuntai town (Changshou county), Chongqing municipality",Flood (General),Unknown,6,7000,0,1408975000,511.5,70.06666667,2227.122359,summer,monsoon,0
2024-0486-AFG,AFG,Afghanistan,2024,7,15,22.172,95.434,"Achin, Bati Kot, Behsud, Chaparhar, Haska Mina, Jalalabad, Momandara, Rodat and Surkhrud districts (Nangarhar); Alingar, Alishang, Badpakh, Dawlatshah, Mehtarlam and Qarghayi districts (Laghman); Asadabad, Bar-Kunar, Dare-e-Pech, Khas Kunar, Marawara, Shigal, Sirkani and Watapur districts (Kunar); Jorm district (Badakhshan); Guzargah Noor district, Khwaja Hijran (Baghlan); Kamdesh, Mandul and Wama districts (Nuristan)",Flash flood,Unknown,58,9625,0,42647492,526,70.06666667,68.6501,summer,monsoon,0
2024-0487-KGZ,KGZ,Kyrgyzstan,2024,7,14,22.172,95.434,Osh city (Osh city region),Flood (General),Ak-Buura river,6,3000,0,7224614,511.5,70.06666667,70.61607143,summer,monsoon,0
2024-0514-CHN,CHN,China,2024,7,19,22.172,95.434,Shangluo (Shaanxi province),Flood (General),Unknown,46,0,0,1408975000,511.5,70.06666667,2227.122359,summer,monsoon,0
2024-0537-JPN,JPN,Japan,2024,7,25,22.172,95.434,"Yamagata, Shiga, Akita prefectures (Honshu Isl.)",Flood (General),Unknown,6,11,800000,123975371,511.5,70.06666667,108.9076711,summer,monsoon,0
2024-0548-PRK,PRK,Democratic People's Republic of Korea,2024,7,27,22.172,95.434,"Sinuiju City and Uiju County (North Pyongan Province); Changang, North Pyongan, and Ryangang provinces",Flood (General),Yalu River,0,4200,0,26498823,511.5,70.06666667,72.38114286,summer,monsoon,0
2024-0552-CHN,CHN,China,2024,7,27,22.172,95.434,Zixing (Hunan province),Flood (General),Unknown,65,2700,0,1408975000,511.5,70.06666667,2227.122359,summer,monsoon,0
2024-0561-IND,IND,India,2024,7,31,22.172,95.434,"Mandi, Kullu, Shimla districts (Himachal Pradesh)",Flood (General),Unknown,46,0,0,1450935791,429.8333333,48.33333333,1254.5155,summer,monsoon,0
2024-0568-CHN,CHN,China,2024,8,3,22.172,95.434,"Ridi Village (Kangding county, Garzê Tibetan Autonomous Prefecture, Sichuan province)",Flood (General),Unknown,27,939,0,1408975000,511.5,70.06666667,2227.122359,summer,monsoon,0
2024-0580-YEM,YEM,Yemen,2024,7,28,22.172,95.434,"Maqbanah district (Taez governorate), Sadaa provinces; Al Hudaydah, Al Hajjah, Ma'rib governorates",Flood (General),Unknown,62,171300,0,40583164,706.5,89,328.7334667,summer,monsoon,1
2024-0624-BGD,BGD,Bangladesh,2024,8,19,22.172,95.434,"Lakshmipur, Cumilla, Feni, and Noakhali districts",Flash flood,Unknown,71,5820000,155600,173562364,511.5,70.06666667,11968.294,summer,monsoon,1
2024-0624-IND,IND,India,2024,8,19,22.172,95.434,Tripura state,Flash flood,Unknown,26,1700000,0,1450935791,429.8333333,48.33333333,1254.5155,summer,monsoon,1
2024-0628-THA,THA,Thailand,2024,8,16,22.172,95.434,"Phetchabun, Chiang Rai, Chiang Mai, Nan, Phayao, Lampang, Phrae, Udon Thani, Rayong, Phuket, Sukhothai and Prae provinces",Flood (General),Unknown,22,38331,210000,71668011,511.5,70.06666667,454.353,summer,monsoon,0
2024-0643-LAO,LAO,Lao People's Democratic Republic,2024,7,22,22.172,95.434,"Phongsali, Louang-Namtha, Oudomxai, Bokeo, Houaphan, Xaignabouli, Xiangkhouang, Vientiane, Luang Prabang, Huaphan, Borlikhamxay, Khammuane, and Salavan",Flood (General),Unknown,0,185843,2261,7769819,511.5,70.06666667,1192.554816,summer,monsoon,1
2024-0644-IDN,IDN,Indonesia,2024,8,25,22.172,95.434,Ternate regency (North Maluku province),Flash flood,Unknown,21,600,0,283487931,511.5,70.06666667,48.10376923,summer,monsoon,0
2024-0647-IND,IND,India,2024,8,26,22.172,95.434,"Gujarat, Maharashtra, Tripura States",Flood (General),Unknown,25,8007150,0,1450935791,429.8333333,48.33333333,1254.5155,summer,monsoon,1
2024-0649-YEM,YEM,Yemen,2024,8,27,22.172,95.434,Al-Mahwit governorate,Flash flood,Unknown,40,1075,0,40583164,706.5,89,328.7334667,summer,monsoon,0
2024-0692-NPL,NPL,Nepal,2024,9,26,22.172,95.434,"Kathmandu, Kavrepalanchowk, Lalitpur, Bagmati, Gandak",Flood (General),Unknown,268,2590000,338043,29651054,511.5,70.06666667,328.7334667,autumn,monsoon,1
2024-0707-IRN,IRN,Iran (Islamic Republic of),2024,9,30,22.172,95.434,Jiroft (Kerman province),Flash flood,Halil river,15,0,0,91567738,650.625,84.25,61.52216667,autumn,monsoon,0
2024-0719-BGD,BGD,Bangladesh,2024,10,5,22.172,95.434,Sherpur district (Mymensingh and Sindh divisions),Flood (General),Unknown,10,238931,0,173562364,511.5,70.06666667,11968.294,autumn,NoMonsoon,1
2024-0719-IND,IND,India,2024,10,4,22.172,95.434,Meghalaya,Flood (General),Unknown,15,0,0,1450935791,429.8333333,48.33333333,1254.5155,autumn,NoMonsoon,0
2024-0845-YEM,YEM,Yemen,2024,7,15,22.172,95.434,"byan, Ad Dali’, Al Bayada, Al Hodeidah, Al Jawf, Al Maharah, Al Mahwit, Amran, Dhamar, Hadramawt, Haijah, Ibb, Lahj, Ma’rib, Raymah, Sa’dah, Sana’a, Sana’s City, Shabwah and Ta’iz governorates",Flood (General),Unknown,240,655011,0,40583164,706.5,89,328.7334667,summer,monsoon,1
2024-0865-IDN,IDN,Indonesia,2024,11,23,22.172,95.434,"Karo, South Tapanuli, Padang Lawas and Deli Serdang districts (North Sumatra province)",Flash flood,Unknown,20,1000,0,283487931,511.5,70.06666667,48.10376923,autumn,NoMonsoon,0
2024-0882-THA,THA,Thailand,2024,11,25,22.172,95.434,"Chumphon, Phatthalung, Ranong, Satun, Surat Thani, Nakhon Si Thammarat, Songkhla, Pattani, Narathiwat, and Yala provinces",Flood (General),Unknown,35,737000,0,71668011,511.5,70.06666667,454.353,autumn,NoMonsoon,1
2024-0898-IDN,IDN,Indonesia,2024,12,3,22.172,95.434,Sukabumi regency (West Java province),Flood (General),Unknown,12,10160,0,283487931,511.5,70.06666667,48.10376923,winter,NoMonsoon,0
2025-0062-MYS,MYS,Malaysia,2025,1,28,22.172,95.434,Sabah and Sarawak states,Flood (General),Unknown,5,12500,0,96337125,511.5,70.06666667,206.0363415,winter,NoMonsoon,0
2025-0088-PHL,PHL,Philippines,2025,2,7,22.172,95.434,"Mimaropa, Eastern Visayas, and Bicol regions",Flood (General),Unknown,7,123000,0,96337125,511.5,70.06666667,41.69744444,winter,NoMonsoon,1
2025-0116-MYS,MYS,Malaysia,2025,2,19,22.172,95.434,Pahang and Negeri Sembilan states,Flood (General),Unknown,0,251,0,96337125,511.5,70.06666667,206.0363415,winter,NoMonsoon,0
2025-0127-AFG,AFG,Afghanistan,2025,2,24,22.172,95.434,Farah region; Pushtkoh district; Kandahar province; Helmand province,Flash flood,Unknown,39,0,0,96337125,526,70.06666667,68.6501,winter,NoMonsoon,0
2025-0150-IDN,IDN,Indonesia,2025,3,2,22.172,95.434,"Bogor regency (West Java province); Sukabumi Regency (West Java) ; Banten, Jakarta, West Java, South Kalimantan, West Sumatra provinces",Flood (General),"Ciliwung, Cikeas, Cilengsih and Kali Angke rivers",5,78000,0,96337125,511.5,70.06666667,48.10376923,spring,NoMonsoon,0
2025-0172-MYS,MYS,Malaysia,2025,3,8,22.172,95.434,"Tenom, Beaufort, Membakut, and Soo (Sabah, northern Borneo Island)",Flood (General),Unknown,0,4555,0,96337125,511.5,70.06666667,206.0363415,spring,NoMonsoon,0
2025-0188-IDN,IDN,Indonesia,2025,3,15,22.172,95.434,Madiun regency (East Java); West Java,Flood (General),Unknown,0,2000,0,96337125,511.5,70.06666667,48.10376923,spring,NoMonsoon,0
2025-0227-IRQ,IRQ,Iraq,2025,3,7,22.172,95.434,"Anbar, Diyala, Erbil, Qadisiyah, Thi-Qar",Flood (General),Unknown,0,30000,0,96337125,393,42,947.8885,spring,NoMonsoon,0
2025-0255-IDN,IDN,Indonesia,2025,4,1,22.172,95.434,"Sulawesi, north Sumatra, north Maluku and east Java,",Flood (General),Unknown,10,6665,0,96337125,511.5,70.06666667,48.10376923,spring,NoMonsoon,0
2025-0297-IDN,IDN,Indonesia,2025,4,28,22.172,95.434,Lampung Province (southern Sumatra),Flood (General),Unknown,3,12000,0,96337125,511.5,70.06666667,48.10376923,spring,NoMonsoon,0
2025-0360-THA,THA,Thailand,2025,5,14,22.172,95.434,"Nakhon Sawan, Phichit, Phitsanulok, Phetchabun, Kalasin, Amnat Charoen, Nakhon Ratchasima, and Sa Kaeo provinces",Flood (General),Unknown,1,1244,0,96337125,511.5,70.06666667,454.353,spring,NoMonsoon,0
2025-0363-IDN,IDN,Indonesia,2025,5,16,22.172,95.434,Arfak Mountains Regency (West Papua),Flood (General),Unknown,20,0,0,96337125,511.5,70.06666667,48.10376923,spring,NoMonsoon,0
2025-0395-THA,THA,Thailand,2025,5,24,22.172,95.434,Unknown,Flood (General),Unknown,0,600,0,96337125,511.5,70.06666667,454.353,spring,NoMonsoon,0
2025-0402-BGD,BGD,Bangladesh,2025,5,15,22.172,95.434,"Sylhet, Sunamganj, Moulvibazar, Netrokona, Khagrachari, Habiganj, Noakhali, Bhola, Bandarban, and Rangamati.",Flood (General),Unknown,5,0,0,96337125,511.5,70.06666667,11968.294,spring,NoMonsoon,0
2025-0402-IND,IND,India,2025,5,31,22.172,95.434,"Assam, Arunachal Pradesh, Mizoram, Manipur, Sikkim, Meghalaya Nagaland, Tripura, Meghalaya states",Flood (General),Unknown,50,1441247,0,96337125,429.8333333,48.33333333,1254.5155,spring,NoMonsoon,1
2025-0416-PAK,PAK,Pakistan,2025,6,26,22.172,95.434,"Khyber Pakhtunkhwa, Punjab, Azad Jammu and Kashmir, Sindh, and Balochistan",Flash flood,Swat river,932,5800000,0,96337125,511.5,75.33333333,351.4056296,summer,monsoon,1
2025-0469-IND,IND,India,2025,6,20,22.172,95.434,"Himachal Pradesh, Uttarakhand",Flash flood,Unknown,140,80000,0,96337125,429.8333333,48.33333333,1254.5155,summer,monsoon,0
2025-0480-HKG,HKG,"China, Hong Kong Special Administrative Region",2025,7,20,22.172,95.434,Unknown,Flood (General),Unknown,0,0,0,96337125,511.5,70.06666667,0.1455,summer,monsoon,0
2025-0480-PHL,PHL,Philippines,2025,6,7,22.172,95.434,Zamboanga Peninsula region (Mindanao) and Luzon islands,Flood (General),Unknown,0,192,0,96337125,511.5,70.06666667,41.69744444,summer,monsoon,0
2025-0481-IDN,IDN,Indonesia,2025,6,15,22.172,95.434,"Central Java, East Java, Central Sulawesi, and South Kalimantan provinces",Flood (General),Unknown,0,27632,0,96337125,511.5,70.06666667,48.10376923,summer,monsoon,0
2025-0482-VNM,VNM,Viet Nam,2025,6,7,22.172,95.434,"Lai Châu, Hà Giang, and Lào Cai",Flood (General),Unknown,3,690,0,96337125,511.5,70.06666667,1358.849333,summer,monsoon,0
2025-0502-BGD,BGD,Bangladesh,2025,7,7,22.172,95.434,"Feni, Cumilla, Banderban, Lakshmipur and Barishal",Flood (General),Unknown,0,15350,0,96337125,511.5,70.06666667,11968.294,summer,monsoon,0
2025-0505-MMR,MMR,Myanmar,2025,6,15,22.172,95.434,"Kayah, Kachin, Rakhine, and Southern Shan states",Flood (General),Unknown,0,35000,0,96337125,511.5,70.06666667,4552.1444,summer,monsoon,0
2025-0509-IDN,IDN,Indonesia,2025,7,5,22.172,95.434,"Bogor, West Java and East Jakarta",Flood (General),Unknown,4,1362,0,96337125,511.5,70.06666667,48.10376923,summer,monsoon,0
2025-0573-KOR,KOR,Republic of Korea,2025,7,16,22.172,95.434,"South Chungcheong , Naju, Gwangju, Seoul, Honseong, and Gyeonggi Provinces",Flood (General),Unknown,28,14575,0,96337125,511.5,70.06666667,213.3785,summer,monsoon,0
2025-0589-LAO,LAO,Lao People's Democratic Republic,2025,7,16,22.172,95.434,"Vientiane, Bolikhamxay, Luang Prabang, Xayaboury, Xieng Khouang, Huaphan, Xaysomboun, Khammouane, and Bokeo",Flood (General),Unknown,13,172010,13060,96337125,511.5,70.06666667,1192.554816,summer,monsoon,1
2025-0623-CHN,CHN,China,2025,7,23,22.172,95.434,"Yanqing, Beijing, Hebei province, Shanxi province, Shandong province.",Flood (General),Unknown,91,300000,0,96337125,511.5,70.06666667,2227.122359,summer,monsoon,1
2025-0642-TWN,TWN,Taiwan (Province of China),2025,7,28,22.172,95.434,Unknown,Flood (General),Unknown,7,5900,0,96337125,511.5,70.06666667,328.7334667,summer,monsoon,0
2025-0653-MMR,MMR,Myanmar,2025,8,4,22.172,95.434,Laiza,Flash flood,Unknown,6,0,0,96337125,511.5,70.06666667,4552.1444,summer,monsoon,0
2025-0663-JPN,JPN,Japan,2025,8,6,22.172,95.434,"Kagoshima, Toyama, Akita, Ishikawa, Kumamoto, Fukuoaka prefectures",Flood (General),Unknown,5,2091,100000,96337125,511.5,70.06666667,108.9076711,summer,monsoon,0
2025-0670-CHN,CHN,China,2025,8,7,22.172,95.434,Yuzhong county (Gansu province),Flash flood,Unknown,48,181,0,96337125,511.5,70.06666667,2227.122359,summer,monsoon,0
2025-0687-KOR,KOR,Republic of Korea,2025,8,13,22.172,95.434,"Incheon, Gimpo, and Pocheon cities (Gyeonggi Province); Seoul",Flood (General),Unknown,3,1000,0,96337125,511.5,70.06666667,213.3785,summer,monsoon,0
2025-0690-IND,IND,India,2025,8,14,22.172,95.434,Kishtwar (Jammu and Kashmir state),Flash flood,Unknown,61,0,0,96337125,429.8333333,48.33333333,1254.5155,summer,monsoon,0
2025-0691-CHN,CHN,China,2025,8,16,22.172,95.434,"Ordos, Bayannnur city (Inner Mongolia autonomous region)",Flash flood,Unknown,18,0,0,96337125,511.5,70.06666667,2227.122359,summer,monsoon,0
2025-0751-IND,IND,India,2025,8,15,22.172,95.434,Punjab state,Flood (General),Unknown,29,250000,0,96337125,429.8333333,48.33333333,1254.5155,summer,monsoon,1
2025-0754-YEM,YEM,Yemen,2025,8,15,22.172,95.434,"Ibb, Abyan, Amanat Al-Asima, Al-Bayda, Taiz, Al-Jawf, Hajja, Al-Hodeida, Hadramout, Dhamar, Shabwa, Sa'ada, Sana'a, Aden, Lahj, Mareb, Al-Mahwit, Al-Mahara, Amran, Al-Dhale', Rayma",Flash flood,Unknown,66,329350,0,96337125,706.5,89,328.7334667,summer,monsoon,1
